matrix,dataset,backbone,label_budget_per_class,validation_budget_per_class,seed,method,status,reference_method,device,inference_dtype,quantization,batch_size,requested_batch_size,max_inference_batch_size,warmup_repeats,timing_repeats,max_epochs,accuracy,macro_f1,model_size_mb,latency_ms_per_example,throughput_examples_per_second,peak_memory_mb,train_examples,validation_examples,test_examples,train_class_counts,validation_class_counts,test_class_counts,train_index_hash,validation_index_hash,test_index_hash,fine_tune_seconds,failure_reason
formal,sst2,albert-base-v2,64,64,1,fp32_cpu,PASS,fp32_cpu,cpu,fp32,none,8,8,8,1,5,3,0.51953125,0.39267460026616774,44.58638572692871,25.89882360078235,38.61179238928026,0.0,128,128,256,"{""0"":64,""1"":64}","{""0"":64,""1"":64}","{""0"":128,""1"":128}",4416e89de581ca695d2d886bd826d68838dee081566e722aa64ed12a99e3a947,817d805f76817488f7e78cdf490b4923385e1c67b97f937add77d90f7e2e84f5,543846d9d68ffe5b4b0f8ddf95eca5a7f97627a986335996ba18fd1e7ce2392f,0.8627008530002058,
formal,sst2,albert-base-v2,64,64,1,dynamic_int8_cpu,PASS,fp32_cpu,cpu,int8_dynamic,dynamic_int8_linear,8,8,8,1,5,3,0.4765625,0.45909807631661936,22.370460510253906,15.756443913281258,63.46609714118871,0.0,128,128,256,"{""0"":64,""1"":64}","{""0"":64,""1"":64}","{""0"":128,""1"":128}",4416e89de581ca695d2d886bd826d68838dee081566e722aa64ed12a99e3a947,817d805f76817488f7e78cdf490b4923385e1c67b97f937add77d90f7e2e84f5,543846d9d68ffe5b4b0f8ddf95eca5a7f97627a986335996ba18fd1e7ce2392f,0.8627008530002058,
formal,sst2,albert-base-v2,64,64,1,fp32_gpu,PASS,fp32_gpu,cuda,fp32,none,8,8,8,1,5,3,0.51953125,0.39267460026616774,44.58638572692871,0.7870132562501908,1270.6266280248028,87.08984375,128,128,256,"{""0"":64,""1"":64}","{""0"":64,""1"":64}","{""0"":128,""1"":128}",4416e89de581ca695d2d886bd826d68838dee081566e722aa64ed12a99e3a947,817d805f76817488f7e78cdf490b4923385e1c67b97f937add77d90f7e2e84f5,543846d9d68ffe5b4b0f8ddf95eca5a7f97627a986335996ba18fd1e7ce2392f,0.8627008530002058,
formal,sst2,albert-base-v2,64,64,1,bf16_gpu,PASS,fp32_gpu,cuda,bf16,none,8,8,8,1,5,3,0.5234375,0.3892365456821026,44.58638572692871,0.8717562359379372,1147.1096606771998,96.8076171875,128,128,256,"{""0"":64,""1"":64}","{""0"":64,""1"":64}","{""0"":128,""1"":128}",4416e89de581ca695d2d886bd826d68838dee081566e722aa64ed12a99e3a947,817d805f76817488f7e78cdf490b4923385e1c67b97f937add77d90f7e2e84f5,543846d9d68ffe5b4b0f8ddf95eca5a7f97627a986335996ba18fd1e7ce2392f,0.8627008530002058,
formal,sst2,albert-base-v2,64,64,2,fp32_cpu,PASS,fp32_cpu,cpu,fp32,none,8,8,8,1,5,3,0.54296875,0.45469441258397514,44.58638572692871,26.92464447109444,37.1406946923133,0.0,128,128,256,"{""0"":64,""1"":64}","{""0"":64,""1"":64}","{""0"":128,""1"":128}",671a219773d4702bf1fe49fd391c15018becace9e7b8d0774d3c02e4affd5e13,976fd7189b7ec27cad55a45e3471dc1a698dfcd33949d703cc5ad9fc1037d8c3,add7b4024851243ce918d6b67fb9366d78bf1869d0c1a6ba53fc4da0bc23be4d,0.49040038699968136,
formal,sst2,albert-base-v2,64,64,2,dynamic_int8_cpu,PASS,fp32_cpu,cpu,int8_dynamic,dynamic_int8_linear,8,8,8,1,5,3,0.49609375,0.3383422492035824,22.370460510253906,17.7445469804681,56.35534122684151,0.0,128,128,256,"{""0"":64,""1"":64}","{""0"":64,""1"":64}","{""0"":128,""1"":128}",671a219773d4702bf1fe49fd391c15018becace9e7b8d0774d3c02e4affd5e13,976fd7189b7ec27cad55a45e3471dc1a698dfcd33949d703cc5ad9fc1037d8c3,add7b4024851243ce918d6b67fb9366d78bf1869d0c1a6ba53fc4da0bc23be4d,0.49040038699968136,
formal,sst2,albert-base-v2,64,64,2,fp32_gpu,PASS,fp32_gpu,cuda,fp32,none,8,8,8,1,5,3,0.54296875,0.45469441258397514,44.58638572692871,0.8008216625000841,1248.7174696025345,88.0419921875,128,128,256,"{""0"":64,""1"":64}","{""0"":64,""1"":64}","{""0"":128,""1"":128}",671a219773d4702bf1fe49fd391c15018becace9e7b8d0774d3c02e4affd5e13,976fd7189b7ec27cad55a45e3471dc1a698dfcd33949d703cc5ad9fc1037d8c3,add7b4024851243ce918d6b67fb9366d78bf1869d0c1a6ba53fc4da0bc23be4d,0.49040038699968136,
formal,sst2,albert-base-v2,64,64,2,bf16_gpu,PASS,fp32_gpu,cuda,bf16,none,8,8,8,1,5,3,0.54296875,0.45469441258397514,44.58638572692871,0.8912769882812199,1121.9856600678613,96.970703125,128,128,256,"{""0"":64,""1"":64}","{""0"":64,""1"":64}","{""0"":128,""1"":128}",671a219773d4702bf1fe49fd391c15018becace9e7b8d0774d3c02e4affd5e13,976fd7189b7ec27cad55a45e3471dc1a698dfcd33949d703cc5ad9fc1037d8c3,add7b4024851243ce918d6b67fb9366d78bf1869d0c1a6ba53fc4da0bc23be4d,0.49040038699968136,
formal,sst2,albert-base-v2,64,64,3,fp32_cpu,PASS,fp32_cpu,cpu,fp32,none,8,8,8,1,5,3,0.58203125,0.57406975478534,44.58638572692871,26.078917273437696,38.34515020370633,0.0,128,128,256,"{""0"":64,""1"":64}","{""0"":64,""1"":64}","{""0"":128,""1"":128}",e0a995c71794fa53f4a27a2c91490f2acfeffc5e6b739491b8bd6a75d6f6127e,0fee96d6c07cf098690caf7b8b6c54a9855d491e131555896781d5bdb104ccd8,7b592b501cde847e3846274980bc8e34fba92e13ad4466277fca69c6d0b43a71,0.509404053000253,
formal,sst2,albert-base-v2,64,64,3,dynamic_int8_cpu,PASS,fp32_cpu,cpu,int8_dynamic,dynamic_int8_linear,8,8,8,1,5,3,0.515625,0.515625,22.370460510253906,16.706136876561573,59.858242955197085,0.0,128,128,256,"{""0"":64,""1"":64}","{""0"":64,""1"":64}","{""0"":128,""1"":128}",e0a995c71794fa53f4a27a2c91490f2acfeffc5e6b739491b8bd6a75d6f6127e,0fee96d6c07cf098690caf7b8b6c54a9855d491e131555896781d5bdb104ccd8,7b592b501cde847e3846274980bc8e34fba92e13ad4466277fca69c6d0b43a71,0.509404053000253,
formal,sst2,albert-base-v2,64,64,3,fp32_gpu,PASS,fp32_gpu,cuda,fp32,none,8,8,8,1,5,3,0.58203125,0.57406975478534,44.58638572692871,0.7978857046879284,1253.312340507621,87.615234375,128,128,256,"{""0"":64,""1"":64}","{""0"":64,""1"":64}","{""0"":128,""1"":128}",e0a995c71794fa53f4a27a2c91490f2acfeffc5e6b739491b8bd6a75d6f6127e,0fee96d6c07cf098690caf7b8b6c54a9855d491e131555896781d5bdb104ccd8,7b592b501cde847e3846274980bc8e34fba92e13ad4466277fca69c6d0b43a71,0.509404053000253,
formal,sst2,albert-base-v2,64,64,3,bf16_gpu,PASS,fp32_gpu,cuda,bf16,none,8,8,8,1,5,3,0.59375,0.5864554209381796,44.58638572692871,0.8854924406250575,1129.3151179180177,96.6376953125,128,128,256,"{""0"":64,""1"":64}","{""0"":64,""1"":64}","{""0"":128,""1"":128}",e0a995c71794fa53f4a27a2c91490f2acfeffc5e6b739491b8bd6a75d6f6127e,0fee96d6c07cf098690caf7b8b6c54a9855d491e131555896781d5bdb104ccd8,7b592b501cde847e3846274980bc8e34fba92e13ad4466277fca69c6d0b43a71,0.509404053000253,
formal,sst2,albert-base-v2,64,64,4,fp32_cpu,PASS,fp32_cpu,cpu,fp32,none,8,8,8,1,5,3,0.65234375,0.6520836196497015,44.58638572692871,26.38000562421894,37.90749760424314,0.0,128,128,256,"{""0"":64,""1"":64}","{""0"":64,""1"":64}","{""0"":128,""1"":128}",19222c61578480c032ef1ead448387aa4686585a6211c70d0e9cc2f0ca4bce49,9a8a6a48536503c447624b9da6be093779e580980cf813755671714528757287,b2174e606a9e62fb609e59a9dd1d2034c4222c4e0b3518a2c69fbc542a7c45b2,0.4296588140005042,
formal,sst2,albert-base-v2,64,64,4,dynamic_int8_cpu,PASS,fp32_cpu,cpu,int8_dynamic,dynamic_int8_linear,8,8,8,1,5,3,0.4921875,0.396357832112022,22.370460510253906,17.256438828906084,57.949383990218784,0.0,128,128,256,"{""0"":64,""1"":64}","{""0"":64,""1"":64}","{""0"":128,""1"":128}",19222c61578480c032ef1ead448387aa4686585a6211c70d0e9cc2f0ca4bce49,9a8a6a48536503c447624b9da6be093779e580980cf813755671714528757287,b2174e606a9e62fb609e59a9dd1d2034c4222c4e0b3518a2c69fbc542a7c45b2,0.4296588140005042,
formal,sst2,albert-base-v2,64,64,4,fp32_gpu,PASS,fp32_gpu,cuda,fp32,none,8,8,8,1,5,3,0.65234375,0.6520836196497015,44.58638572692871,0.7901026148431356,1265.6583856497384,87.615234375,128,128,256,"{""0"":64,""1"":64}","{""0"":64,""1"":64}","{""0"":128,""1"":128}",19222c61578480c032ef1ead448387aa4686585a6211c70d0e9cc2f0ca4bce49,9a8a6a48536503c447624b9da6be093779e580980cf813755671714528757287,b2174e606a9e62fb609e59a9dd1d2034c4222c4e0b3518a2c69fbc542a7c45b2,0.4296588140005042,
formal,sst2,albert-base-v2,64,64,4,bf16_gpu,PASS,fp32_gpu,cuda,bf16,none,8,8,8,1,5,3,0.64453125,0.6443955976858848,44.58638572692871,0.9059066796879733,1103.8664604442874,96.6376953125,128,128,256,"{""0"":64,""1"":64}","{""0"":64,""1"":64}","{""0"":128,""1"":128}",19222c61578480c032ef1ead448387aa4686585a6211c70d0e9cc2f0ca4bce49,9a8a6a48536503c447624b9da6be093779e580980cf813755671714528757287,b2174e606a9e62fb609e59a9dd1d2034c4222c4e0b3518a2c69fbc542a7c45b2,0.4296588140005042,
formal,sst2,albert-base-v2,64,64,5,fp32_cpu,PASS,fp32_cpu,cpu,fp32,none,8,8,8,1,5,3,0.76171875,0.7534069196393324,44.58638572692871,25.81432058906188,38.73818784228329,0.0,128,128,256,"{""0"":64,""1"":64}","{""0"":64,""1"":64}","{""0"":128,""1"":128}",49d10ce11ca63d0f05378404a3415685191112e440dd9f73f4f74b391a2c117c,2ec11359c71c9f7a4e63e771660be867ef91c03f8d5d7a9cef56fbf490aebd19,274602d2a9aecf5e33c656a6ec3c3df55ac18a84aa1a4e4a46e26235c323870f,0.4725574099993537,
formal,sst2,albert-base-v2,64,64,5,dynamic_int8_cpu,PASS,fp32_cpu,cpu,int8_dynamic,dynamic_int8_linear,8,8,8,1,5,3,0.4921875,0.391812865497076,22.370460510253906,16.981649755467743,58.8870936805195,0.0,128,128,256,"{""0"":64,""1"":64}","{""0"":64,""1"":64}","{""0"":128,""1"":128}",49d10ce11ca63d0f05378404a3415685191112e440dd9f73f4f74b391a2c117c,2ec11359c71c9f7a4e63e771660be867ef91c03f8d5d7a9cef56fbf490aebd19,274602d2a9aecf5e33c656a6ec3c3df55ac18a84aa1a4e4a46e26235c323870f,0.4725574099993537,
formal,sst2,albert-base-v2,64,64,5,fp32_gpu,PASS,fp32_gpu,cuda,fp32,none,8,8,8,1,5,3,0.76171875,0.7534069196393324,44.58638572692871,0.8034319257816946,1244.6605218320838,87.615234375,128,128,256,"{""0"":64,""1"":64}","{""0"":64,""1"":64}","{""0"":128,""1"":128}",49d10ce11ca63d0f05378404a3415685191112e440dd9f73f4f74b391a2c117c,2ec11359c71c9f7a4e63e771660be867ef91c03f8d5d7a9cef56fbf490aebd19,274602d2a9aecf5e33c656a6ec3c3df55ac18a84aa1a4e4a46e26235c323870f,0.4725574099993537,
formal,sst2,albert-base-v2,64,64,5,bf16_gpu,PASS,fp32_gpu,cuda,bf16,none,8,8,8,1,5,3,0.75,0.7400850307760645,44.58638572692871,0.9204545460946179,1086.4197523309372,96.6376953125,128,128,256,"{""0"":64,""1"":64}","{""0"":64,""1"":64}","{""0"":128,""1"":128}",49d10ce11ca63d0f05378404a3415685191112e440dd9f73f4f74b391a2c117c,2ec11359c71c9f7a4e63e771660be867ef91c03f8d5d7a9cef56fbf490aebd19,274602d2a9aecf5e33c656a6ec3c3df55ac18a84aa1a4e4a46e26235c323870f,0.4725574099993537,
formal,sst2,albert-base-v2,128,128,1,fp32_cpu,PASS,fp32_cpu,cpu,fp32,none,8,8,8,1,5,3,0.84375,0.8429736858246948,44.58638572692871,24.545395601562348,40.74083857651692,0.0,256,256,256,"{""0"":128,""1"":128}","{""0"":128,""1"":128}","{""0"":128,""1"":128}",04c8d669c88145f62491eb13e78cb401de2f3d5fb8c3c126822432630d10adc6,e2d4b50ac79708d24bd6ca380de7347b4a9df72f860301d11922c9306af25036,543846d9d68ffe5b4b0f8ddf95eca5a7f97627a986335996ba18fd1e7ce2392f,0.9507420490008371,
formal,sst2,albert-base-v2,128,128,1,dynamic_int8_cpu,PASS,fp32_cpu,cpu,int8_dynamic,dynamic_int8_linear,8,8,8,1,5,3,0.51953125,0.4464816214600876,22.370460510253906,16.951315714844384,58.99247095753713,0.0,256,256,256,"{""0"":128,""1"":128}","{""0"":128,""1"":128}","{""0"":128,""1"":128}",04c8d669c88145f62491eb13e78cb401de2f3d5fb8c3c126822432630d10adc6,e2d4b50ac79708d24bd6ca380de7347b4a9df72f860301d11922c9306af25036,543846d9d68ffe5b4b0f8ddf95eca5a7f97627a986335996ba18fd1e7ce2392f,0.9507420490008371,
formal,sst2,albert-base-v2,128,128,1,fp32_gpu,PASS,fp32_gpu,cuda,fp32,none,8,8,8,1,5,3,0.84375,0.8429736858246948,44.58638572692871,0.8436321999994334,1185.350677701339,87.08984375,256,256,256,"{""0"":128,""1"":128}","{""0"":128,""1"":128}","{""0"":128,""1"":128}",04c8d669c88145f62491eb13e78cb401de2f3d5fb8c3c126822432630d10adc6,e2d4b50ac79708d24bd6ca380de7347b4a9df72f860301d11922c9306af25036,543846d9d68ffe5b4b0f8ddf95eca5a7f97627a986335996ba18fd1e7ce2392f,0.9507420490008371,
formal,sst2,albert-base-v2,128,128,1,bf16_gpu,PASS,fp32_gpu,cuda,bf16,none,8,8,8,1,5,3,0.84765625,0.8469814704124328,44.58638572692871,0.8928330374999405,1120.0302385764558,96.8076171875,256,256,256,"{""0"":128,""1"":128}","{""0"":128,""1"":128}","{""0"":128,""1"":128}",04c8d669c88145f62491eb13e78cb401de2f3d5fb8c3c126822432630d10adc6,e2d4b50ac79708d24bd6ca380de7347b4a9df72f860301d11922c9306af25036,543846d9d68ffe5b4b0f8ddf95eca5a7f97627a986335996ba18fd1e7ce2392f,0.9507420490008371,
formal,sst2,albert-base-v2,128,128,2,fp32_cpu,PASS,fp32_cpu,cpu,fp32,none,8,8,8,1,5,3,0.765625,0.7619047619047619,44.58638572692871,26.662628023437662,37.505680202302436,0.0,256,256,256,"{""0"":128,""1"":128}","{""0"":128,""1"":128}","{""0"":128,""1"":128}",d7a43e997c0847f21a6822a6915b38a6be0fd2a35a762f051f7c4d52f459d15f,7f2a38ef886b0215262ef5a16e236940f5837ff37f1da41bf20ca0d538b409fa,add7b4024851243ce918d6b67fb9366d78bf1869d0c1a6ba53fc4da0bc23be4d,1.0831452999991598,
formal,sst2,albert-base-v2,128,128,2,dynamic_int8_cpu,PASS,fp32_cpu,cpu,int8_dynamic,dynamic_int8_linear,8,8,8,1,5,3,0.4765625,0.3682504604051565,22.370460510253906,17.761100187499324,56.3028184877772,0.0,256,256,256,"{""0"":128,""1"":128}","{""0"":128,""1"":128}","{""0"":128,""1"":128}",d7a43e997c0847f21a6822a6915b38a6be0fd2a35a762f051f7c4d52f459d15f,7f2a38ef886b0215262ef5a16e236940f5837ff37f1da41bf20ca0d538b409fa,add7b4024851243ce918d6b67fb9366d78bf1869d0c1a6ba53fc4da0bc23be4d,1.0831452999991598,
formal,sst2,albert-base-v2,128,128,2,fp32_gpu,PASS,fp32_gpu,cuda,fp32,none,8,8,8,1,5,3,0.765625,0.7619047619047619,44.58638572692871,0.7946518296876093,1258.4127571858942,88.0419921875,256,256,256,"{""0"":128,""1"":128}","{""0"":128,""1"":128}","{""0"":128,""1"":128}",d7a43e997c0847f21a6822a6915b38a6be0fd2a35a762f051f7c4d52f459d15f,7f2a38ef886b0215262ef5a16e236940f5837ff37f1da41bf20ca0d538b409fa,add7b4024851243ce918d6b67fb9366d78bf1869d0c1a6ba53fc4da0bc23be4d,1.0831452999991598,
formal,sst2,albert-base-v2,128,128,2,bf16_gpu,PASS,fp32_gpu,cuda,bf16,none,8,8,8,1,5,3,0.76953125,0.7661014324428959,44.58638572692871,0.8884163484381702,1125.5983771100039,96.970703125,256,256,256,"{""0"":128,""1"":128}","{""0"":128,""1"":128}","{""0"":128,""1"":128}",d7a43e997c0847f21a6822a6915b38a6be0fd2a35a762f051f7c4d52f459d15f,7f2a38ef886b0215262ef5a16e236940f5837ff37f1da41bf20ca0d538b409fa,add7b4024851243ce918d6b67fb9366d78bf1869d0c1a6ba53fc4da0bc23be4d,1.0831452999991598,
formal,sst2,albert-base-v2,128,128,3,fp32_cpu,PASS,fp32_cpu,cpu,fp32,none,8,8,8,1,5,3,0.87109375,0.8708553084155011,44.58638572692871,27.983130738282114,35.735815600931225,0.0,256,256,256,"{""0"":128,""1"":128}","{""0"":128,""1"":128}","{""0"":128,""1"":128}",d382c7e29349a5ee060d8da3c937996800b46d57b16e32dcadba699e3dd02a14,f3e196e7f78d0e4ffbe0fc761cb7a9b1d500161fc71ece911c56396e98fa4fae,7b592b501cde847e3846274980bc8e34fba92e13ad4466277fca69c6d0b43a71,0.9276220299998386,
formal,sst2,albert-base-v2,128,128,3,dynamic_int8_cpu,PASS,fp32_cpu,cpu,int8_dynamic,dynamic_int8_linear,8,8,8,1,5,3,0.5234375,0.4527614241659658,22.370460510253906,17.267338107031094,57.91280588829205,0.0,256,256,256,"{""0"":128,""1"":128}","{""0"":128,""1"":128}","{""0"":128,""1"":128}",d382c7e29349a5ee060d8da3c937996800b46d57b16e32dcadba699e3dd02a14,f3e196e7f78d0e4ffbe0fc761cb7a9b1d500161fc71ece911c56396e98fa4fae,7b592b501cde847e3846274980bc8e34fba92e13ad4466277fca69c6d0b43a71,0.9276220299998386,
formal,sst2,albert-base-v2,128,128,3,fp32_gpu,PASS,fp32_gpu,cuda,fp32,none,8,8,8,1,5,3,0.87109375,0.8708553084155011,44.58638572692871,0.7925495617186584,1261.7507450656858,87.615234375,256,256,256,"{""0"":128,""1"":128}","{""0"":128,""1"":128}","{""0"":128,""1"":128}",d382c7e29349a5ee060d8da3c937996800b46d57b16e32dcadba699e3dd02a14,f3e196e7f78d0e4ffbe0fc761cb7a9b1d500161fc71ece911c56396e98fa4fae,7b592b501cde847e3846274980bc8e34fba92e13ad4466277fca69c6d0b43a71,0.9276220299998386,
formal,sst2,albert-base-v2,128,128,3,bf16_gpu,PASS,fp32_gpu,cuda,bf16,none,8,8,8,1,5,3,0.87109375,0.8708553084155011,44.58638572692871,0.9008530890625366,1110.0589120925806,96.6376953125,256,256,256,"{""0"":128,""1"":128}","{""0"":128,""1"":128}","{""0"":128,""1"":128}",d382c7e29349a5ee060d8da3c937996800b46d57b16e32dcadba699e3dd02a14,f3e196e7f78d0e4ffbe0fc761cb7a9b1d500161fc71ece911c56396e98fa4fae,7b592b501cde847e3846274980bc8e34fba92e13ad4466277fca69c6d0b43a71,0.9276220299998386,
formal,sst2,albert-base-v2,128,128,4,fp32_cpu,PASS,fp32_cpu,cpu,fp32,none,8,8,8,1,5,3,0.828125,0.8277465133349645,44.58638572692871,26.87797492109496,37.20518390748099,0.0,256,256,256,"{""0"":128,""1"":128}","{""0"":128,""1"":128}","{""0"":128,""1"":128}",31de48c56430d993965c0578f8272592db119eded7039ff181daf97b5dd58269,596e053195585881475b0c6d2c59650452777680809e603cc3cddaa8e2212f36,b2174e606a9e62fb609e59a9dd1d2034c4222c4e0b3518a2c69fbc542a7c45b2,0.8711345819992857,
formal,sst2,albert-base-v2,128,128,4,dynamic_int8_cpu,PASS,fp32_cpu,cpu,int8_dynamic,dynamic_int8_linear,8,8,8,1,5,3,0.49609375,0.36869874405000863,22.370460510253906,17.5750200476557,56.898939363280455,0.0,256,256,256,"{""0"":128,""1"":128}","{""0"":128,""1"":128}","{""0"":128,""1"":128}",31de48c56430d993965c0578f8272592db119eded7039ff181daf97b5dd58269,596e053195585881475b0c6d2c59650452777680809e603cc3cddaa8e2212f36,b2174e606a9e62fb609e59a9dd1d2034c4222c4e0b3518a2c69fbc542a7c45b2,0.8711345819992857,
formal,sst2,albert-base-v2,128,128,4,fp32_gpu,PASS,fp32_gpu,cuda,fp32,none,8,8,8,1,5,3,0.828125,0.8277465133349645,44.58638572692871,0.8350677890618385,1197.5075713595127,87.615234375,256,256,256,"{""0"":128,""1"":128}","{""0"":128,""1"":128}","{""0"":128,""1"":128}",31de48c56430d993965c0578f8272592db119eded7039ff181daf97b5dd58269,596e053195585881475b0c6d2c59650452777680809e603cc3cddaa8e2212f36,b2174e606a9e62fb609e59a9dd1d2034c4222c4e0b3518a2c69fbc542a7c45b2,0.8711345819992857,
formal,sst2,albert-base-v2,128,128,4,bf16_gpu,PASS,fp32_gpu,cuda,bf16,none,8,8,8,1,5,3,0.82421875,0.8237642847308275,44.58638572692871,0.9206531023437492,1086.185445369438,96.6376953125,256,256,256,"{""0"":128,""1"":128}","{""0"":128,""1"":128}","{""0"":128,""1"":128}",31de48c56430d993965c0578f8272592db119eded7039ff181daf97b5dd58269,596e053195585881475b0c6d2c59650452777680809e603cc3cddaa8e2212f36,b2174e606a9e62fb609e59a9dd1d2034c4222c4e0b3518a2c69fbc542a7c45b2,0.8711345819992857,
formal,sst2,albert-base-v2,128,128,5,fp32_cpu,PASS,fp32_cpu,cpu,fp32,none,8,8,8,1,5,3,0.8359375,0.8333333333333333,44.58638572692871,27.86651488984404,35.88536291506084,0.0,256,256,256,"{""0"":128,""1"":128}","{""0"":128,""1"":128}","{""0"":128,""1"":128}",625a6477fca04e91445bb6afd4387b82ca610d1ec4789456b20daad6e99c475a,db8e5afb91a9b54d09ead342a612660a393b96f28550605d88762156e5beefc9,274602d2a9aecf5e33c656a6ec3c3df55ac18a84aa1a4e4a46e26235c323870f,0.9258892559992091,
formal,sst2,albert-base-v2,128,128,5,dynamic_int8_cpu,PASS,fp32_cpu,cpu,int8_dynamic,dynamic_int8_linear,8,8,8,1,5,3,0.5078125,0.36318407960199,22.370460510253906,16.524527984374515,60.51610072890393,0.0,256,256,256,"{""0"":128,""1"":128}","{""0"":128,""1"":128}","{""0"":128,""1"":128}",625a6477fca04e91445bb6afd4387b82ca610d1ec4789456b20daad6e99c475a,db8e5afb91a9b54d09ead342a612660a393b96f28550605d88762156e5beefc9,274602d2a9aecf5e33c656a6ec3c3df55ac18a84aa1a4e4a46e26235c323870f,0.9258892559992091,
formal,sst2,albert-base-v2,128,128,5,fp32_gpu,PASS,fp32_gpu,cuda,fp32,none,8,8,8,1,5,3,0.8359375,0.8333333333333333,44.58638572692871,0.833258705469575,1200.1074737484555,87.615234375,256,256,256,"{""0"":128,""1"":128}","{""0"":128,""1"":128}","{""0"":128,""1"":128}",625a6477fca04e91445bb6afd4387b82ca610d1ec4789456b20daad6e99c475a,db8e5afb91a9b54d09ead342a612660a393b96f28550605d88762156e5beefc9,274602d2a9aecf5e33c656a6ec3c3df55ac18a84aa1a4e4a46e26235c323870f,0.9258892559992091,
formal,sst2,albert-base-v2,128,128,5,bf16_gpu,PASS,fp32_gpu,cuda,bf16,none,8,8,8,1,5,3,0.8359375,0.8333333333333333,44.58638572692871,0.9169964398438424,1090.5167747110256,96.6376953125,256,256,256,"{""0"":128,""1"":128}","{""0"":128,""1"":128}","{""0"":128,""1"":128}",625a6477fca04e91445bb6afd4387b82ca610d1ec4789456b20daad6e99c475a,db8e5afb91a9b54d09ead342a612660a393b96f28550605d88762156e5beefc9,274602d2a9aecf5e33c656a6ec3c3df55ac18a84aa1a4e4a46e26235c323870f,0.9258892559992091,
formal,sst2,albert-base-v2,256,256,1,fp32_cpu,PASS,fp32_cpu,cpu,fp32,none,8,8,8,1,5,3,0.76953125,0.757509592691894,44.58638572692871,25.375505702342593,39.4080816252534,0.0,512,512,256,"{""0"":256,""1"":256}","{""0"":256,""1"":256}","{""0"":128,""1"":128}",15537efa8b0d72b9b1d91b6600e63ad381482e40971be18f872fd79eca27f9e0,1181dd9456e4ab8c5e4b538d8d59bc1762403a30a403444af3769c999727d871,543846d9d68ffe5b4b0f8ddf95eca5a7f97627a986335996ba18fd1e7ce2392f,1.9309209719995124,
formal,sst2,albert-base-v2,256,256,1,dynamic_int8_cpu,PASS,fp32_cpu,cpu,int8_dynamic,dynamic_int8_linear,8,8,8,1,5,3,0.49609375,0.4678269277254049,22.370460510253906,16.24131412890506,61.57137236944859,0.0,512,512,256,"{""0"":256,""1"":256}","{""0"":256,""1"":256}","{""0"":128,""1"":128}",15537efa8b0d72b9b1d91b6600e63ad381482e40971be18f872fd79eca27f9e0,1181dd9456e4ab8c5e4b538d8d59bc1762403a30a403444af3769c999727d871,543846d9d68ffe5b4b0f8ddf95eca5a7f97627a986335996ba18fd1e7ce2392f,1.9309209719995124,
formal,sst2,albert-base-v2,256,256,1,fp32_gpu,PASS,fp32_gpu,cuda,fp32,none,8,8,8,1,5,3,0.76953125,0.757509592691894,44.58638572692871,0.7971285554688734,1254.5027939838349,87.08984375,512,512,256,"{""0"":256,""1"":256}","{""0"":256,""1"":256}","{""0"":128,""1"":128}",15537efa8b0d72b9b1d91b6600e63ad381482e40971be18f872fd79eca27f9e0,1181dd9456e4ab8c5e4b538d8d59bc1762403a30a403444af3769c999727d871,543846d9d68ffe5b4b0f8ddf95eca5a7f97627a986335996ba18fd1e7ce2392f,1.9309209719995124,
formal,sst2,albert-base-v2,256,256,1,bf16_gpu,PASS,fp32_gpu,cuda,bf16,none,8,8,8,1,5,3,0.76953125,0.7583785253795332,44.58638572692871,0.9023127843747147,1108.2631403621092,96.8076171875,512,512,256,"{""0"":256,""1"":256}","{""0"":256,""1"":256}","{""0"":128,""1"":128}",15537efa8b0d72b9b1d91b6600e63ad381482e40971be18f872fd79eca27f9e0,1181dd9456e4ab8c5e4b538d8d59bc1762403a30a403444af3769c999727d871,543846d9d68ffe5b4b0f8ddf95eca5a7f97627a986335996ba18fd1e7ce2392f,1.9309209719995124,
formal,sst2,albert-base-v2,256,256,2,fp32_cpu,PASS,fp32_cpu,cpu,fp32,none,8,8,8,1,5,3,0.8515625,0.8514173998044966,44.58638572692871,24.928032239063214,40.11548085343698,0.0,512,512,256,"{""0"":256,""1"":256}","{""0"":256,""1"":256}","{""0"":128,""1"":128}",93e3e56a9cf85bb42374df8473320bf1f542ab9ee7ebbe883230cc445a336a7e,f77595eed88626b3ac6831d68a801e146132ea50d40fe2bdd1ffec75576c93bd,add7b4024851243ce918d6b67fb9366d78bf1869d0c1a6ba53fc4da0bc23be4d,1.8696438710012444,
formal,sst2,albert-base-v2,256,256,2,dynamic_int8_cpu,PASS,fp32_cpu,cpu,int8_dynamic,dynamic_int8_linear,8,8,8,1,5,3,0.484375,0.40790580319596303,22.370460510253906,17.08107523046891,58.54432385007111,0.0,512,512,256,"{""0"":256,""1"":256}","{""0"":256,""1"":256}","{""0"":128,""1"":128}",93e3e56a9cf85bb42374df8473320bf1f542ab9ee7ebbe883230cc445a336a7e,f77595eed88626b3ac6831d68a801e146132ea50d40fe2bdd1ffec75576c93bd,add7b4024851243ce918d6b67fb9366d78bf1869d0c1a6ba53fc4da0bc23be4d,1.8696438710012444,
formal,sst2,albert-base-v2,256,256,2,fp32_gpu,PASS,fp32_gpu,cuda,fp32,none,8,8,8,1,5,3,0.8515625,0.8514173998044966,44.58638572692871,0.8276781164070712,1208.1991539669714,88.0419921875,512,512,256,"{""0"":256,""1"":256}","{""0"":256,""1"":256}","{""0"":128,""1"":128}",93e3e56a9cf85bb42374df8473320bf1f542ab9ee7ebbe883230cc445a336a7e,f77595eed88626b3ac6831d68a801e146132ea50d40fe2bdd1ffec75576c93bd,add7b4024851243ce918d6b67fb9366d78bf1869d0c1a6ba53fc4da0bc23be4d,1.8696438710012444,
formal,sst2,albert-base-v2,256,256,2,bf16_gpu,PASS,fp32_gpu,cuda,bf16,none,8,8,8,1,5,3,0.8515625,0.8514173998044966,44.58638572692871,0.9261521875004064,1079.736152973845,96.970703125,512,512,256,"{""0"":256,""1"":256}","{""0"":256,""1"":256}","{""0"":128,""1"":128}",93e3e56a9cf85bb42374df8473320bf1f542ab9ee7ebbe883230cc445a336a7e,f77595eed88626b3ac6831d68a801e146132ea50d40fe2bdd1ffec75576c93bd,add7b4024851243ce918d6b67fb9366d78bf1869d0c1a6ba53fc4da0bc23be4d,1.8696438710012444,
formal,sst2,albert-base-v2,256,256,3,fp32_cpu,PASS,fp32_cpu,cpu,fp32,none,8,8,8,1,5,3,0.84765625,0.8475981132939506,44.58638572692871,24.84408599765686,40.251027954673546,0.0,512,512,256,"{""0"":256,""1"":256}","{""0"":256,""1"":256}","{""0"":128,""1"":128}",b02dc203b71deb40c7c7f595628354058ada7b72c47a6c61226bd2e1e57a9b60,c9c08a0444eef153fbd19a1e4b8b6540e64d92afd8566103b3aa0e53ccad0a87,7b592b501cde847e3846274980bc8e34fba92e13ad4466277fca69c6d0b43a71,1.9998069280009076,
formal,sst2,albert-base-v2,256,256,3,dynamic_int8_cpu,PASS,fp32_cpu,cpu,int8_dynamic,dynamic_int8_linear,8,8,8,1,5,3,0.49609375,0.4514923513877124,22.370460510253906,16.914756007813025,59.11997781925403,0.0,512,512,256,"{""0"":256,""1"":256}","{""0"":256,""1"":256}","{""0"":128,""1"":128}",b02dc203b71deb40c7c7f595628354058ada7b72c47a6c61226bd2e1e57a9b60,c9c08a0444eef153fbd19a1e4b8b6540e64d92afd8566103b3aa0e53ccad0a87,7b592b501cde847e3846274980bc8e34fba92e13ad4466277fca69c6d0b43a71,1.9998069280009076,
formal,sst2,albert-base-v2,256,256,3,fp32_gpu,PASS,fp32_gpu,cuda,fp32,none,8,8,8,1,5,3,0.84765625,0.8475981132939506,44.58638572692871,0.8154415859380038,1226.3294112596654,87.615234375,512,512,256,"{""0"":256,""1"":256}","{""0"":256,""1"":256}","{""0"":128,""1"":128}",b02dc203b71deb40c7c7f595628354058ada7b72c47a6c61226bd2e1e57a9b60,c9c08a0444eef153fbd19a1e4b8b6540e64d92afd8566103b3aa0e53ccad0a87,7b592b501cde847e3846274980bc8e34fba92e13ad4466277fca69c6d0b43a71,1.9998069280009076,
formal,sst2,albert-base-v2,256,256,3,bf16_gpu,PASS,fp32_gpu,cuda,bf16,none,8,8,8,1,5,3,0.84765625,0.8475981132939506,44.58638572692871,0.9266432937508284,1079.1639099358733,96.6376953125,512,512,256,"{""0"":256,""1"":256}","{""0"":256,""1"":256}","{""0"":128,""1"":128}",b02dc203b71deb40c7c7f595628354058ada7b72c47a6c61226bd2e1e57a9b60,c9c08a0444eef153fbd19a1e4b8b6540e64d92afd8566103b3aa0e53ccad0a87,7b592b501cde847e3846274980bc8e34fba92e13ad4466277fca69c6d0b43a71,1.9998069280009076,
formal,sst2,albert-base-v2,256,256,4,fp32_cpu,PASS,fp32_cpu,cpu,fp32,none,8,8,8,1,5,3,0.83203125,0.8311008822401227,44.58638572692871,24.913657496874464,40.13862678032941,0.0,512,512,256,"{""0"":256,""1"":256}","{""0"":256,""1"":256}","{""0"":128,""1"":128}",683ea78bbec0f46618b10df7d6b57f93ece19a56efffeee9280a611edc00cb02,7147ed6da8da6778b5f3d75ccf55c92d9162b3410a76873acd703bbefe7fc4fd,b2174e606a9e62fb609e59a9dd1d2034c4222c4e0b3518a2c69fbc542a7c45b2,1.757899152000391,
formal,sst2,albert-base-v2,256,256,4,dynamic_int8_cpu,PASS,fp32_cpu,cpu,int8_dynamic,dynamic_int8_linear,8,8,8,1,5,3,0.49609375,0.35113468906572354,22.370460510253906,17.119780557811737,58.41196367109397,0.0,512,512,256,"{""0"":256,""1"":256}","{""0"":256,""1"":256}","{""0"":128,""1"":128}",683ea78bbec0f46618b10df7d6b57f93ece19a56efffeee9280a611edc00cb02,7147ed6da8da6778b5f3d75ccf55c92d9162b3410a76873acd703bbefe7fc4fd,b2174e606a9e62fb609e59a9dd1d2034c4222c4e0b3518a2c69fbc542a7c45b2,1.757899152000391,
formal,sst2,albert-base-v2,256,256,4,fp32_gpu,PASS,fp32_gpu,cuda,fp32,none,8,8,8,1,5,3,0.83203125,0.8311008822401227,44.58638572692871,0.8796271593752181,1136.8452978535593,87.615234375,512,512,256,"{""0"":256,""1"":256}","{""0"":256,""1"":256}","{""0"":128,""1"":128}",683ea78bbec0f46618b10df7d6b57f93ece19a56efffeee9280a611edc00cb02,7147ed6da8da6778b5f3d75ccf55c92d9162b3410a76873acd703bbefe7fc4fd,b2174e606a9e62fb609e59a9dd1d2034c4222c4e0b3518a2c69fbc542a7c45b2,1.757899152000391,
formal,sst2,albert-base-v2,256,256,4,bf16_gpu,PASS,fp32_gpu,cuda,bf16,none,8,8,8,1,5,3,0.83203125,0.8311008822401227,44.58638572692871,0.9305346929693314,1074.6509588041313,96.6376953125,512,512,256,"{""0"":256,""1"":256}","{""0"":256,""1"":256}","{""0"":128,""1"":128}",683ea78bbec0f46618b10df7d6b57f93ece19a56efffeee9280a611edc00cb02,7147ed6da8da6778b5f3d75ccf55c92d9162b3410a76873acd703bbefe7fc4fd,b2174e606a9e62fb609e59a9dd1d2034c4222c4e0b3518a2c69fbc542a7c45b2,1.757899152000391,
formal,sst2,albert-base-v2,256,256,5,fp32_cpu,PASS,fp32_cpu,cpu,fp32,none,8,8,8,1,5,3,0.5,0.3333333333333333,44.58638572692871,25.697535251562442,38.91423789132457,0.0,512,512,256,"{""0"":256,""1"":256}","{""0"":256,""1"":256}","{""0"":128,""1"":128}",3df34acb24650d4191a625de425b1b66352144c9950c356d0804b0b9a6b3bbdd,d588191f93e3a60f46fc416b1ac3e9817a940bb9bbb70cff3ff687b997d7feb8,274602d2a9aecf5e33c656a6ec3c3df55ac18a84aa1a4e4a46e26235c323870f,2.0113562530004856,
formal,sst2,albert-base-v2,256,256,5,dynamic_int8_cpu,PASS,fp32_cpu,cpu,int8_dynamic,dynamic_int8_linear,8,8,8,1,5,3,0.46484375,0.4348239464990734,22.370460510253906,17.115238318750414,58.4274657107439,0.0,512,512,256,"{""0"":256,""1"":256}","{""0"":256,""1"":256}","{""0"":128,""1"":128}",3df34acb24650d4191a625de425b1b66352144c9950c356d0804b0b9a6b3bbdd,d588191f93e3a60f46fc416b1ac3e9817a940bb9bbb70cff3ff687b997d7feb8,274602d2a9aecf5e33c656a6ec3c3df55ac18a84aa1a4e4a46e26235c323870f,2.0113562530004856,
formal,sst2,albert-base-v2,256,256,5,fp32_gpu,PASS,fp32_gpu,cuda,fp32,none,8,8,8,1,5,3,0.5,0.3333333333333333,44.58638572692871,0.7944413499998859,1258.7461616897756,87.615234375,512,512,256,"{""0"":256,""1"":256}","{""0"":256,""1"":256}","{""0"":128,""1"":128}",3df34acb24650d4191a625de425b1b66352144c9950c356d0804b0b9a6b3bbdd,d588191f93e3a60f46fc416b1ac3e9817a940bb9bbb70cff3ff687b997d7feb8,274602d2a9aecf5e33c656a6ec3c3df55ac18a84aa1a4e4a46e26235c323870f,2.0113562530004856,
formal,sst2,albert-base-v2,256,256,5,bf16_gpu,PASS,fp32_gpu,cuda,bf16,none,8,8,8,1,5,3,0.5,0.3333333333333333,44.58638572692871,0.9056714726568771,1104.153139621811,96.6376953125,512,512,256,"{""0"":256,""1"":256}","{""0"":256,""1"":256}","{""0"":128,""1"":128}",3df34acb24650d4191a625de425b1b66352144c9950c356d0804b0b9a6b3bbdd,d588191f93e3a60f46fc416b1ac3e9817a940bb9bbb70cff3ff687b997d7feb8,274602d2a9aecf5e33c656a6ec3c3df55ac18a84aa1a4e4a46e26235c323870f,2.0113562530004856,
formal,mrpc,albert-base-v2,64,64,1,fp32_cpu,PASS,fp32_cpu,cpu,fp32,none,8,8,8,1,5,3,0.59375,0.570136915525704,44.58638572692871,41.74711917812459,23.95374865827863,0.0,128,128,256,"{""0"":64,""1"":64}","{""0"":64,""1"":64}","{""0"":128,""1"":128}",2cf8ce630f3272edfee91be8eb4f082c9f8b251d230f54167324feaa9c97243d,190fa8ef71ff31c41c26ad131737a30ae206ae5e5942c1e7ffee6b48f4331b13,57179e44fa2e21f0548fb8d1917f7ae658a561f6066f20e5cfe31bb7719f3f25,0.6024032419991272,
formal,mrpc,albert-base-v2,64,64,1,dynamic_int8_cpu,PASS,fp32_cpu,cpu,int8_dynamic,dynamic_int8_linear,8,8,8,1,5,3,0.5,0.3401530406766009,22.370460510253906,30.447603880467966,32.843306945460384,0.0,128,128,256,"{""0"":64,""1"":64}","{""0"":64,""1"":64}","{""0"":128,""1"":128}",2cf8ce630f3272edfee91be8eb4f082c9f8b251d230f54167324feaa9c97243d,190fa8ef71ff31c41c26ad131737a30ae206ae5e5942c1e7ffee6b48f4331b13,57179e44fa2e21f0548fb8d1917f7ae658a561f6066f20e5cfe31bb7719f3f25,0.6024032419991272,
formal,mrpc,albert-base-v2,64,64,1,fp32_gpu,PASS,fp32_gpu,cuda,fp32,none,8,8,8,1,5,3,0.59375,0.570136915525704,44.58638572692871,0.9882188148438331,1011.9216361591219,104.8505859375,128,128,256,"{""0"":64,""1"":64}","{""0"":64,""1"":64}","{""0"":128,""1"":128}",2cf8ce630f3272edfee91be8eb4f082c9f8b251d230f54167324feaa9c97243d,190fa8ef71ff31c41c26ad131737a30ae206ae5e5942c1e7ffee6b48f4331b13,57179e44fa2e21f0548fb8d1917f7ae658a561f6066f20e5cfe31bb7719f3f25,0.6024032419991272,
formal,mrpc,albert-base-v2,64,64,1,bf16_gpu,PASS,fp32_gpu,cuda,bf16,none,8,8,8,1,5,3,0.6015625,0.5767360435712896,44.58638572692871,0.9283587187496778,1077.1698264942343,108.787109375,128,128,256,"{""0"":64,""1"":64}","{""0"":64,""1"":64}","{""0"":128,""1"":128}",2cf8ce630f3272edfee91be8eb4f082c9f8b251d230f54167324feaa9c97243d,190fa8ef71ff31c41c26ad131737a30ae206ae5e5942c1e7ffee6b48f4331b13,57179e44fa2e21f0548fb8d1917f7ae658a561f6066f20e5cfe31bb7719f3f25,0.6024032419991272,
formal,mrpc,albert-base-v2,64,64,2,fp32_cpu,PASS,fp32_cpu,cpu,fp32,none,8,8,8,1,5,3,0.5,0.3333333333333333,44.58638572692871,37.711976808593306,26.516774898210407,0.0,128,128,256,"{""0"":64,""1"":64}","{""0"":64,""1"":64}","{""0"":128,""1"":128}",93b99d96ca6efdfc83be4a378ace5d72ba8af169376b8bc87e6b8dcfd35e34b0,78a8e37a628453baad9fe07eeac51d85499355aaa1e11bfe08cc6b43d3d48624,e61b43b6c9239b73536a9aff0a8a75bc2a9900014ded4eda5e76fefc0b887f3d,0.6149268030003441,
formal,mrpc,albert-base-v2,64,64,2,dynamic_int8_cpu,PASS,fp32_cpu,cpu,int8_dynamic,dynamic_int8_linear,8,8,8,1,5,3,0.5,0.3333333333333333,22.370460510253906,25.070911260937123,39.88686289030489,0.0,128,128,256,"{""0"":64,""1"":64}","{""0"":64,""1"":64}","{""0"":128,""1"":128}",93b99d96ca6efdfc83be4a378ace5d72ba8af169376b8bc87e6b8dcfd35e34b0,78a8e37a628453baad9fe07eeac51d85499355aaa1e11bfe08cc6b43d3d48624,e61b43b6c9239b73536a9aff0a8a75bc2a9900014ded4eda5e76fefc0b887f3d,0.6149268030003441,
formal,mrpc,albert-base-v2,64,64,2,fp32_gpu,PASS,fp32_gpu,cuda,fp32,none,8,8,8,1,5,3,0.5,0.3333333333333333,44.58638572692871,0.8960938218748993,1115.9545748320165,103.0205078125,128,128,256,"{""0"":64,""1"":64}","{""0"":64,""1"":64}","{""0"":128,""1"":128}",93b99d96ca6efdfc83be4a378ace5d72ba8af169376b8bc87e6b8dcfd35e34b0,78a8e37a628453baad9fe07eeac51d85499355aaa1e11bfe08cc6b43d3d48624,e61b43b6c9239b73536a9aff0a8a75bc2a9900014ded4eda5e76fefc0b887f3d,0.6149268030003441,
formal,mrpc,albert-base-v2,64,64,2,bf16_gpu,PASS,fp32_gpu,cuda,bf16,none,8,8,8,1,5,3,0.5,0.3333333333333333,44.58638572692871,0.9184855828124228,1088.7487171415128,106.86328125,128,128,256,"{""0"":64,""1"":64}","{""0"":64,""1"":64}","{""0"":128,""1"":128}",93b99d96ca6efdfc83be4a378ace5d72ba8af169376b8bc87e6b8dcfd35e34b0,78a8e37a628453baad9fe07eeac51d85499355aaa1e11bfe08cc6b43d3d48624,e61b43b6c9239b73536a9aff0a8a75bc2a9900014ded4eda5e76fefc0b887f3d,0.6149268030003441,
formal,mrpc,albert-base-v2,64,64,3,fp32_cpu,PASS,fp32_cpu,cpu,fp32,none,8,8,8,1,5,3,0.67578125,0.6688640578490501,44.58638572692871,40.9248748960934,24.43501666257892,0.0,128,128,256,"{""0"":64,""1"":64}","{""0"":64,""1"":64}","{""0"":128,""1"":128}",5f1a507da66d01e66f68b76d10bbdf88a53ebea86bda49eb1ccddef6f5791561,d0019f6e4d2b021e1ff090058ece313e54c60ee6e03e94e5932c98f5c008dbc2,708c271e2adbebe07176651673ca9075d2167a9bb44f9464c4e890f0c48b5071,0.6113405760006572,
formal,mrpc,albert-base-v2,64,64,3,dynamic_int8_cpu,PASS,fp32_cpu,cpu,int8_dynamic,dynamic_int8_linear,8,8,8,1,5,3,0.50390625,0.3550102168349634,22.370460510253906,26.585123883593553,37.61502125694923,0.0,128,128,256,"{""0"":64,""1"":64}","{""0"":64,""1"":64}","{""0"":128,""1"":128}",5f1a507da66d01e66f68b76d10bbdf88a53ebea86bda49eb1ccddef6f5791561,d0019f6e4d2b021e1ff090058ece313e54c60ee6e03e94e5932c98f5c008dbc2,708c271e2adbebe07176651673ca9075d2167a9bb44f9464c4e890f0c48b5071,0.6113405760006572,
formal,mrpc,albert-base-v2,64,64,3,fp32_gpu,PASS,fp32_gpu,cuda,fp32,none,8,8,8,1,5,3,0.67578125,0.6688640578490501,44.58638572692871,0.9461310132806489,1056.936075409434,104.8505859375,128,128,256,"{""0"":64,""1"":64}","{""0"":64,""1"":64}","{""0"":128,""1"":128}",5f1a507da66d01e66f68b76d10bbdf88a53ebea86bda49eb1ccddef6f5791561,d0019f6e4d2b021e1ff090058ece313e54c60ee6e03e94e5932c98f5c008dbc2,708c271e2adbebe07176651673ca9075d2167a9bb44f9464c4e890f0c48b5071,0.6113405760006572,
formal,mrpc,albert-base-v2,64,64,3,bf16_gpu,PASS,fp32_gpu,cuda,bf16,none,8,8,8,1,5,3,0.67578125,0.6688640578490501,44.58638572692871,0.9513816757802829,1051.1028596171377,108.787109375,128,128,256,"{""0"":64,""1"":64}","{""0"":64,""1"":64}","{""0"":128,""1"":128}",5f1a507da66d01e66f68b76d10bbdf88a53ebea86bda49eb1ccddef6f5791561,d0019f6e4d2b021e1ff090058ece313e54c60ee6e03e94e5932c98f5c008dbc2,708c271e2adbebe07176651673ca9075d2167a9bb44f9464c4e890f0c48b5071,0.6113405760006572,
formal,mrpc,albert-base-v2,64,64,4,fp32_cpu,PASS,fp32_cpu,cpu,fp32,none,8,8,8,1,5,3,0.62890625,0.627627811547825,44.58638572692871,44.869370165625355,22.286918588532025,0.0,128,128,256,"{""0"":64,""1"":64}","{""0"":64,""1"":64}","{""0"":128,""1"":128}",826356c54b30af3948b4a9fb14957fe50d20feb3f820e4c4ef74848442c6d640,4c29f4f0f5c88cacb8ada6026870817d54465238c7497b2ef7452d74da84823c,72264ff5ae0d46057bfd8be33e8813237d475d4cf2fa5bc89effcee37763d08b,0.6445371360005083,
formal,mrpc,albert-base-v2,64,64,4,dynamic_int8_cpu,PASS,fp32_cpu,cpu,int8_dynamic,dynamic_int8_linear,8,8,8,1,5,3,0.5,0.3333333333333333,22.370460510253906,28.02236937187672,35.685776128681006,0.0,128,128,256,"{""0"":64,""1"":64}","{""0"":64,""1"":64}","{""0"":128,""1"":128}",826356c54b30af3948b4a9fb14957fe50d20feb3f820e4c4ef74848442c6d640,4c29f4f0f5c88cacb8ada6026870817d54465238c7497b2ef7452d74da84823c,72264ff5ae0d46057bfd8be33e8813237d475d4cf2fa5bc89effcee37763d08b,0.6445371360005083,
formal,mrpc,albert-base-v2,64,64,4,fp32_gpu,PASS,fp32_gpu,cuda,fp32,none,8,8,8,1,5,3,0.62890625,0.627627811547825,44.58638572692871,1.0207409960912628,979.6804515830298,104.8505859375,128,128,256,"{""0"":64,""1"":64}","{""0"":64,""1"":64}","{""0"":128,""1"":128}",826356c54b30af3948b4a9fb14957fe50d20feb3f820e4c4ef74848442c6d640,4c29f4f0f5c88cacb8ada6026870817d54465238c7497b2ef7452d74da84823c,72264ff5ae0d46057bfd8be33e8813237d475d4cf2fa5bc89effcee37763d08b,0.6445371360005083,
formal,mrpc,albert-base-v2,64,64,4,bf16_gpu,PASS,fp32_gpu,cuda,bf16,none,8,8,8,1,5,3,0.62890625,0.627627811547825,44.58638572692871,0.903713348438373,1106.5455674943958,108.787109375,128,128,256,"{""0"":64,""1"":64}","{""0"":64,""1"":64}","{""0"":128,""1"":128}",826356c54b30af3948b4a9fb14957fe50d20feb3f820e4c4ef74848442c6d640,4c29f4f0f5c88cacb8ada6026870817d54465238c7497b2ef7452d74da84823c,72264ff5ae0d46057bfd8be33e8813237d475d4cf2fa5bc89effcee37763d08b,0.6445371360005083,
formal,mrpc,albert-base-v2,64,64,5,fp32_cpu,PASS,fp32_cpu,cpu,fp32,none,8,8,8,1,5,3,0.55859375,0.4947515500829621,44.58638572692871,39.941935202344325,25.036343255128678,0.0,128,128,256,"{""0"":64,""1"":64}","{""0"":64,""1"":64}","{""0"":128,""1"":128}",ba27f97269e37c177f8d23b52007b77367d9051a4edcd380ca064afbf58720f5,31cccefa33bd4ec3e40159298aba739fc84e1071e4062b565756e3c21e13ba51,c59cdf20d8d0bbfd136657596c77e43b7986ca6c806cc618399adacb5012b5ad,0.7052025919983862,
formal,mrpc,albert-base-v2,64,64,5,dynamic_int8_cpu,PASS,fp32_cpu,cpu,int8_dynamic,dynamic_int8_linear,8,8,8,1,5,3,0.484375,0.472757910503651,22.370460510253906,27.544405110938897,36.30501352170656,0.0,128,128,256,"{""0"":64,""1"":64}","{""0"":64,""1"":64}","{""0"":128,""1"":128}",ba27f97269e37c177f8d23b52007b77367d9051a4edcd380ca064afbf58720f5,31cccefa33bd4ec3e40159298aba739fc84e1071e4062b565756e3c21e13ba51,c59cdf20d8d0bbfd136657596c77e43b7986ca6c806cc618399adacb5012b5ad,0.7052025919983862,
formal,mrpc,albert-base-v2,64,64,5,fp32_gpu,PASS,fp32_gpu,cuda,fp32,none,8,8,8,1,5,3,0.55859375,0.4947515500829621,44.58638572692871,0.9319027093766863,1073.0733905354361,104.8505859375,128,128,256,"{""0"":64,""1"":64}","{""0"":64,""1"":64}","{""0"":128,""1"":128}",ba27f97269e37c177f8d23b52007b77367d9051a4edcd380ca064afbf58720f5,31cccefa33bd4ec3e40159298aba739fc84e1071e4062b565756e3c21e13ba51,c59cdf20d8d0bbfd136657596c77e43b7986ca6c806cc618399adacb5012b5ad,0.7052025919983862,
formal,mrpc,albert-base-v2,64,64,5,bf16_gpu,PASS,fp32_gpu,cuda,bf16,none,8,8,8,1,5,3,0.5546875,0.4918866216310328,44.58638572692871,0.907371357033071,1102.0846010279702,108.787109375,128,128,256,"{""0"":64,""1"":64}","{""0"":64,""1"":64}","{""0"":128,""1"":128}",ba27f97269e37c177f8d23b52007b77367d9051a4edcd380ca064afbf58720f5,31cccefa33bd4ec3e40159298aba739fc84e1071e4062b565756e3c21e13ba51,c59cdf20d8d0bbfd136657596c77e43b7986ca6c806cc618399adacb5012b5ad,0.7052025919983862,
formal,mrpc,albert-base-v2,128,128,1,fp32_cpu,PASS,fp32_cpu,cpu,fp32,none,8,8,8,1,5,3,0.66796875,0.6583290153406504,44.58638572692871,41.67976717812678,23.992456477175146,0.0,256,256,256,"{""0"":128,""1"":128}","{""0"":128,""1"":128}","{""0"":128,""1"":128}",5c2afbef28b4a526a1649d6ab5d2b9113d0c7b0fb6c1e829507a72dced290ae0,c37fee962764389777c156dc13bf46409f4fb91529697adcebeb88f260895654,57179e44fa2e21f0548fb8d1917f7ae658a561f6066f20e5cfe31bb7719f3f25,1.233428310999443,
formal,mrpc,albert-base-v2,128,128,1,dynamic_int8_cpu,PASS,fp32_cpu,cpu,int8_dynamic,dynamic_int8_linear,8,8,8,1,5,3,0.49609375,0.4336574574265576,22.370460510253906,25.59983700624855,39.062748710310714,0.0,256,256,256,"{""0"":128,""1"":128}","{""0"":128,""1"":128}","{""0"":128,""1"":128}",5c2afbef28b4a526a1649d6ab5d2b9113d0c7b0fb6c1e829507a72dced290ae0,c37fee962764389777c156dc13bf46409f4fb91529697adcebeb88f260895654,57179e44fa2e21f0548fb8d1917f7ae658a561f6066f20e5cfe31bb7719f3f25,1.233428310999443,
formal,mrpc,albert-base-v2,128,128,1,fp32_gpu,PASS,fp32_gpu,cuda,fp32,none,8,8,8,1,5,3,0.66796875,0.6583290153406504,44.58638572692871,0.9475935882790054,1055.3047344021963,104.8505859375,256,256,256,"{""0"":128,""1"":128}","{""0"":128,""1"":128}","{""0"":128,""1"":128}",5c2afbef28b4a526a1649d6ab5d2b9113d0c7b0fb6c1e829507a72dced290ae0,c37fee962764389777c156dc13bf46409f4fb91529697adcebeb88f260895654,57179e44fa2e21f0548fb8d1917f7ae658a561f6066f20e5cfe31bb7719f3f25,1.233428310999443,
formal,mrpc,albert-base-v2,128,128,1,bf16_gpu,PASS,fp32_gpu,cuda,bf16,none,8,8,8,1,5,3,0.65625,0.6447808262377799,44.58638572692871,0.9510923492200618,1051.4226098233728,108.787109375,256,256,256,"{""0"":128,""1"":128}","{""0"":128,""1"":128}","{""0"":128,""1"":128}",5c2afbef28b4a526a1649d6ab5d2b9113d0c7b0fb6c1e829507a72dced290ae0,c37fee962764389777c156dc13bf46409f4fb91529697adcebeb88f260895654,57179e44fa2e21f0548fb8d1917f7ae658a561f6066f20e5cfe31bb7719f3f25,1.233428310999443,
formal,mrpc,albert-base-v2,128,128,2,fp32_cpu,PASS,fp32_cpu,cpu,fp32,none,8,8,8,1,5,3,0.671875,0.6702447402318592,44.58638572692871,35.45473001250059,28.20498138463954,0.0,256,256,256,"{""0"":128,""1"":128}","{""0"":128,""1"":128}","{""0"":128,""1"":128}",7efabec35bae5c9719b12dbd9782c62f87c571ab6f6e04cf11e327a4684513ff,77564ba92eaa2b93e7048277daee6148cecfe98aa9583b655fdc8c532b44591a,e61b43b6c9239b73536a9aff0a8a75bc2a9900014ded4eda5e76fefc0b887f3d,1.2224765029968694,
formal,mrpc,albert-base-v2,128,128,2,dynamic_int8_cpu,PASS,fp32_cpu,cpu,int8_dynamic,dynamic_int8_linear,8,8,8,1,5,3,0.49609375,0.33159268929503916,22.370460510253906,25.020556191404353,39.96713711518305,0.0,256,256,256,"{""0"":128,""1"":128}","{""0"":128,""1"":128}","{""0"":128,""1"":128}",7efabec35bae5c9719b12dbd9782c62f87c571ab6f6e04cf11e327a4684513ff,77564ba92eaa2b93e7048277daee6148cecfe98aa9583b655fdc8c532b44591a,e61b43b6c9239b73536a9aff0a8a75bc2a9900014ded4eda5e76fefc0b887f3d,1.2224765029968694,
formal,mrpc,albert-base-v2,128,128,2,fp32_gpu,PASS,fp32_gpu,cuda,fp32,none,8,8,8,1,5,3,0.671875,0.6702447402318592,44.58638572692871,0.837889108595391,1193.4753534108663,103.0205078125,256,256,256,"{""0"":128,""1"":128}","{""0"":128,""1"":128}","{""0"":128,""1"":128}",7efabec35bae5c9719b12dbd9782c62f87c571ab6f6e04cf11e327a4684513ff,77564ba92eaa2b93e7048277daee6148cecfe98aa9583b655fdc8c532b44591a,e61b43b6c9239b73536a9aff0a8a75bc2a9900014ded4eda5e76fefc0b887f3d,1.2224765029968694,
formal,mrpc,albert-base-v2,128,128,2,bf16_gpu,PASS,fp32_gpu,cuda,bf16,none,8,8,8,1,5,3,0.67578125,0.6739854238588416,44.58638572692871,0.9179303296861008,1089.407297765141,106.86328125,256,256,256,"{""0"":128,""1"":128}","{""0"":128,""1"":128}","{""0"":128,""1"":128}",7efabec35bae5c9719b12dbd9782c62f87c571ab6f6e04cf11e327a4684513ff,77564ba92eaa2b93e7048277daee6148cecfe98aa9583b655fdc8c532b44591a,e61b43b6c9239b73536a9aff0a8a75bc2a9900014ded4eda5e76fefc0b887f3d,1.2224765029968694,
formal,mrpc,albert-base-v2,128,128,3,fp32_cpu,PASS,fp32_cpu,cpu,fp32,none,8,8,8,1,5,3,0.5,0.3333333333333333,44.58638572692871,39.073854799218566,25.592560681266566,0.0,256,256,256,"{""0"":128,""1"":128}","{""0"":128,""1"":128}","{""0"":128,""1"":128}",800c271cbd7f8a31518ac08f8c42e785bfed4d69bef4162ea7e0d4eb9993eef7,06139b2fa2c7bc42f327b3fd19b0fb43e1b4cc73a07fc42dc48cf8dc93fc97b2,708c271e2adbebe07176651673ca9075d2167a9bb44f9464c4e890f0c48b5071,1.234412739999243,
formal,mrpc,albert-base-v2,128,128,3,dynamic_int8_cpu,PASS,fp32_cpu,cpu,int8_dynamic,dynamic_int8_linear,8,8,8,1,5,3,0.49609375,0.33159268929503916,22.370460510253906,26.33348516484375,37.97446459289937,0.0,256,256,256,"{""0"":128,""1"":128}","{""0"":128,""1"":128}","{""0"":128,""1"":128}",800c271cbd7f8a31518ac08f8c42e785bfed4d69bef4162ea7e0d4eb9993eef7,06139b2fa2c7bc42f327b3fd19b0fb43e1b4cc73a07fc42dc48cf8dc93fc97b2,708c271e2adbebe07176651673ca9075d2167a9bb44f9464c4e890f0c48b5071,1.234412739999243,
formal,mrpc,albert-base-v2,128,128,3,fp32_gpu,PASS,fp32_gpu,cuda,fp32,none,8,8,8,1,5,3,0.5,0.3333333333333333,44.58638572692871,0.9379646367193573,1066.1382752100535,104.8505859375,256,256,256,"{""0"":128,""1"":128}","{""0"":128,""1"":128}","{""0"":128,""1"":128}",800c271cbd7f8a31518ac08f8c42e785bfed4d69bef4162ea7e0d4eb9993eef7,06139b2fa2c7bc42f327b3fd19b0fb43e1b4cc73a07fc42dc48cf8dc93fc97b2,708c271e2adbebe07176651673ca9075d2167a9bb44f9464c4e890f0c48b5071,1.234412739999243,
formal,mrpc,albert-base-v2,128,128,3,bf16_gpu,PASS,fp32_gpu,cuda,bf16,none,8,8,8,1,5,3,0.5,0.3333333333333333,44.58638572692871,0.9121513789068558,1096.3092564727842,108.787109375,256,256,256,"{""0"":128,""1"":128}","{""0"":128,""1"":128}","{""0"":128,""1"":128}",800c271cbd7f8a31518ac08f8c42e785bfed4d69bef4162ea7e0d4eb9993eef7,06139b2fa2c7bc42f327b3fd19b0fb43e1b4cc73a07fc42dc48cf8dc93fc97b2,708c271e2adbebe07176651673ca9075d2167a9bb44f9464c4e890f0c48b5071,1.234412739999243,
formal,mrpc,albert-base-v2,128,128,4,fp32_cpu,PASS,fp32_cpu,cpu,fp32,none,8,8,8,1,5,3,0.59375,0.5864554209381796,44.58638572692871,42.02817393906173,23.793562895450528,0.0,256,256,256,"{""0"":128,""1"":128}","{""0"":128,""1"":128}","{""0"":128,""1"":128}",30e1cc969bb022b5ec11e84b93c956cb82ea3314acb9d449d5cc9c9d62911eb4,693c68c45340a1b197a670dca70ce8dfb1e6139dac48e1bfa55dbf4275b3c6d2,72264ff5ae0d46057bfd8be33e8813237d475d4cf2fa5bc89effcee37763d08b,1.1914815029995225,
formal,mrpc,albert-base-v2,128,128,4,dynamic_int8_cpu,PASS,fp32_cpu,cpu,int8_dynamic,dynamic_int8_linear,8,8,8,1,5,3,0.5,0.3333333333333333,22.370460510253906,26.869134752342916,37.21742472234997,0.0,256,256,256,"{""0"":128,""1"":128}","{""0"":128,""1"":128}","{""0"":128,""1"":128}",30e1cc969bb022b5ec11e84b93c956cb82ea3314acb9d449d5cc9c9d62911eb4,693c68c45340a1b197a670dca70ce8dfb1e6139dac48e1bfa55dbf4275b3c6d2,72264ff5ae0d46057bfd8be33e8813237d475d4cf2fa5bc89effcee37763d08b,1.1914815029995225,
formal,mrpc,albert-base-v2,128,128,4,fp32_gpu,PASS,fp32_gpu,cuda,fp32,none,8,8,8,1,5,3,0.59375,0.5864554209381796,44.58638572692871,0.9480186054702244,1054.8316185250314,104.8505859375,256,256,256,"{""0"":128,""1"":128}","{""0"":128,""1"":128}","{""0"":128,""1"":128}",30e1cc969bb022b5ec11e84b93c956cb82ea3314acb9d449d5cc9c9d62911eb4,693c68c45340a1b197a670dca70ce8dfb1e6139dac48e1bfa55dbf4275b3c6d2,72264ff5ae0d46057bfd8be33e8813237d475d4cf2fa5bc89effcee37763d08b,1.1914815029995225,
formal,mrpc,albert-base-v2,128,128,4,bf16_gpu,PASS,fp32_gpu,cuda,bf16,none,8,8,8,1,5,3,0.59375,0.5855541718555417,44.58638572692871,0.9200470406256045,1086.9009472820323,108.787109375,256,256,256,"{""0"":128,""1"":128}","{""0"":128,""1"":128}","{""0"":128,""1"":128}",30e1cc969bb022b5ec11e84b93c956cb82ea3314acb9d449d5cc9c9d62911eb4,693c68c45340a1b197a670dca70ce8dfb1e6139dac48e1bfa55dbf4275b3c6d2,72264ff5ae0d46057bfd8be33e8813237d475d4cf2fa5bc89effcee37763d08b,1.1914815029995225,
formal,mrpc,albert-base-v2,128,128,5,fp32_cpu,PASS,fp32_cpu,cpu,fp32,none,8,8,8,1,5,3,0.66796875,0.6642338019041153,44.58638572692871,42.402712651562524,23.583396850511413,0.0,256,256,256,"{""0"":128,""1"":128}","{""0"":128,""1"":128}","{""0"":128,""1"":128}",2bb32ea1b83d6f5d05f49bfb089bc3343317a573bb64446ad5a0f866238a2692,6e41efcce428b83e6b90c4197f0110072a3c1762133121a06f85707d3c56bd05,c59cdf20d8d0bbfd136657596c77e43b7986ca6c806cc618399adacb5012b5ad,1.2470869610006048,
formal,mrpc,albert-base-v2,128,128,5,dynamic_int8_cpu,PASS,fp32_cpu,cpu,int8_dynamic,dynamic_int8_linear,8,8,8,1,5,3,0.53125,0.4468452895419187,22.370460510253906,27.261447968749053,36.68183733844006,0.0,256,256,256,"{""0"":128,""1"":128}","{""0"":128,""1"":128}","{""0"":128,""1"":128}",2bb32ea1b83d6f5d05f49bfb089bc3343317a573bb64446ad5a0f866238a2692,6e41efcce428b83e6b90c4197f0110072a3c1762133121a06f85707d3c56bd05,c59cdf20d8d0bbfd136657596c77e43b7986ca6c806cc618399adacb5012b5ad,1.2470869610006048,
formal,mrpc,albert-base-v2,128,128,5,fp32_gpu,PASS,fp32_gpu,cuda,fp32,none,8,8,8,1,5,3,0.66796875,0.6642338019041153,44.58638572692871,0.9578136609377452,1044.044411541335,104.8505859375,256,256,256,"{""0"":128,""1"":128}","{""0"":128,""1"":128}","{""0"":128,""1"":128}",2bb32ea1b83d6f5d05f49bfb089bc3343317a573bb64446ad5a0f866238a2692,6e41efcce428b83e6b90c4197f0110072a3c1762133121a06f85707d3c56bd05,c59cdf20d8d0bbfd136657596c77e43b7986ca6c806cc618399adacb5012b5ad,1.2470869610006048,
formal,mrpc,albert-base-v2,128,128,5,bf16_gpu,PASS,fp32_gpu,cuda,bf16,none,8,8,8,1,5,3,0.66015625,0.655738465105495,44.58638572692871,0.9209600921849415,1085.8233798465028,108.787109375,256,256,256,"{""0"":128,""1"":128}","{""0"":128,""1"":128}","{""0"":128,""1"":128}",2bb32ea1b83d6f5d05f49bfb089bc3343317a573bb64446ad5a0f866238a2692,6e41efcce428b83e6b90c4197f0110072a3c1762133121a06f85707d3c56bd05,c59cdf20d8d0bbfd136657596c77e43b7986ca6c806cc618399adacb5012b5ad,1.2470869610006048,
formal,mrpc,albert-base-v2,256,256,1,fp32_cpu,PASS,fp32_cpu,cpu,fp32,none,8,8,8,1,5,3,0.7890625,0.7880144758633381,44.58638572692871,43.40001872265589,23.041464714345278,0.0,512,512,256,"{""0"":256,""1"":256}","{""0"":256,""1"":256}","{""0"":128,""1"":128}",968f8f1baa5f7b8a35121efbc642fecccbae1640d1a8ecc14d96015d6f2d1494,d5549fa9950e03ebde5f2a22985e98cccc439c0ae557db435a658620ea949abe,57179e44fa2e21f0548fb8d1917f7ae658a561f6066f20e5cfe31bb7719f3f25,2.474711037000816,
formal,mrpc,albert-base-v2,256,256,1,dynamic_int8_cpu,PASS,fp32_cpu,cpu,int8_dynamic,dynamic_int8_linear,8,8,8,1,5,3,0.50390625,0.3550102168349634,22.370460510253906,27.00127028124939,37.035294620728806,0.0,512,512,256,"{""0"":256,""1"":256}","{""0"":256,""1"":256}","{""0"":128,""1"":128}",968f8f1baa5f7b8a35121efbc642fecccbae1640d1a8ecc14d96015d6f2d1494,d5549fa9950e03ebde5f2a22985e98cccc439c0ae557db435a658620ea949abe,57179e44fa2e21f0548fb8d1917f7ae658a561f6066f20e5cfe31bb7719f3f25,2.474711037000816,
formal,mrpc,albert-base-v2,256,256,1,fp32_gpu,PASS,fp32_gpu,cuda,fp32,none,8,8,8,1,5,3,0.7890625,0.7880144758633381,44.58638572692871,0.9443727718775108,1058.90388814567,104.8505859375,512,512,256,"{""0"":256,""1"":256}","{""0"":256,""1"":256}","{""0"":128,""1"":128}",968f8f1baa5f7b8a35121efbc642fecccbae1640d1a8ecc14d96015d6f2d1494,d5549fa9950e03ebde5f2a22985e98cccc439c0ae557db435a658620ea949abe,57179e44fa2e21f0548fb8d1917f7ae658a561f6066f20e5cfe31bb7719f3f25,2.474711037000816,
formal,mrpc,albert-base-v2,256,256,1,bf16_gpu,PASS,fp32_gpu,cuda,bf16,none,8,8,8,1,5,3,0.7890625,0.7880144758633381,44.58638572692871,0.9443389078114706,1058.9418605207377,108.787109375,512,512,256,"{""0"":256,""1"":256}","{""0"":256,""1"":256}","{""0"":128,""1"":128}",968f8f1baa5f7b8a35121efbc642fecccbae1640d1a8ecc14d96015d6f2d1494,d5549fa9950e03ebde5f2a22985e98cccc439c0ae557db435a658620ea949abe,57179e44fa2e21f0548fb8d1917f7ae658a561f6066f20e5cfe31bb7719f3f25,2.474711037000816,
formal,mrpc,albert-base-v2,256,256,2,fp32_cpu,PASS,fp32_cpu,cpu,fp32,none,8,8,8,1,5,3,0.7109375,0.6974768444586394,44.58638572692871,35.73140157499779,27.986587593018644,0.0,512,512,256,"{""0"":256,""1"":256}","{""0"":256,""1"":256}","{""0"":128,""1"":128}",baf9d514d4e22a57962e00a78d66ff574d0d729f1630c788b32d1bd524a6ea87,153fd3cecb0ac320420ff026d10936d13b44d476b54f0d0a388f2d2ffbb2f813,e61b43b6c9239b73536a9aff0a8a75bc2a9900014ded4eda5e76fefc0b887f3d,2.438250801002141,
formal,mrpc,albert-base-v2,256,256,2,dynamic_int8_cpu,PASS,fp32_cpu,cpu,int8_dynamic,dynamic_int8_linear,8,8,8,1,5,3,0.5,0.3333333333333333,22.370460510253906,26.142530532032993,38.25184401237206,0.0,512,512,256,"{""0"":256,""1"":256}","{""0"":256,""1"":256}","{""0"":128,""1"":128}",baf9d514d4e22a57962e00a78d66ff574d0d729f1630c788b32d1bd524a6ea87,153fd3cecb0ac320420ff026d10936d13b44d476b54f0d0a388f2d2ffbb2f813,e61b43b6c9239b73536a9aff0a8a75bc2a9900014ded4eda5e76fefc0b887f3d,2.438250801002141,
formal,mrpc,albert-base-v2,256,256,2,fp32_gpu,PASS,fp32_gpu,cuda,fp32,none,8,8,8,1,5,3,0.7109375,0.6974768444586394,44.58638572692871,0.8605296984399047,1162.0749426927946,103.0205078125,512,512,256,"{""0"":256,""1"":256}","{""0"":256,""1"":256}","{""0"":128,""1"":128}",baf9d514d4e22a57962e00a78d66ff574d0d729f1630c788b32d1bd524a6ea87,153fd3cecb0ac320420ff026d10936d13b44d476b54f0d0a388f2d2ffbb2f813,e61b43b6c9239b73536a9aff0a8a75bc2a9900014ded4eda5e76fefc0b887f3d,2.438250801002141,
formal,mrpc,albert-base-v2,256,256,2,bf16_gpu,PASS,fp32_gpu,cuda,bf16,none,8,8,8,1,5,3,0.71484375,0.7020740669886971,44.58638572692871,0.9335765359395509,1071.149457493167,106.86328125,512,512,256,"{""0"":256,""1"":256}","{""0"":256,""1"":256}","{""0"":128,""1"":128}",baf9d514d4e22a57962e00a78d66ff574d0d729f1630c788b32d1bd524a6ea87,153fd3cecb0ac320420ff026d10936d13b44d476b54f0d0a388f2d2ffbb2f813,e61b43b6c9239b73536a9aff0a8a75bc2a9900014ded4eda5e76fefc0b887f3d,2.438250801002141,
formal,mrpc,albert-base-v2,256,256,3,fp32_cpu,PASS,fp32_cpu,cpu,fp32,none,8,8,8,1,5,3,0.734375,0.7341153470185728,44.58638572692871,42.31552115547004,23.631990643006226,0.0,512,512,256,"{""0"":256,""1"":256}","{""0"":256,""1"":256}","{""0"":128,""1"":128}",a516d7d0c71158651f8ea88eecc918553d9760a1756b1eedc2d7251f95c43574,a54739704e8d4a464e821021cbd4020e6f042b3c975f33cff160fb35b348edea,708c271e2adbebe07176651673ca9075d2167a9bb44f9464c4e890f0c48b5071,2.5524652340027387,
formal,mrpc,albert-base-v2,256,256,3,dynamic_int8_cpu,PASS,fp32_cpu,cpu,int8_dynamic,dynamic_int8_linear,8,8,8,1,5,3,0.49609375,0.3894281435465084,22.370460510253906,27.272210867968738,36.66736095732165,0.0,512,512,256,"{""0"":256,""1"":256}","{""0"":256,""1"":256}","{""0"":128,""1"":128}",a516d7d0c71158651f8ea88eecc918553d9760a1756b1eedc2d7251f95c43574,a54739704e8d4a464e821021cbd4020e6f042b3c975f33cff160fb35b348edea,708c271e2adbebe07176651673ca9075d2167a9bb44f9464c4e890f0c48b5071,2.5524652340027387,
formal,mrpc,albert-base-v2,256,256,3,fp32_gpu,PASS,fp32_gpu,cuda,fp32,none,8,8,8,1,5,3,0.734375,0.7341153470185728,44.58638572692871,1.024182607031321,976.3883834139536,104.8505859375,512,512,256,"{""0"":256,""1"":256}","{""0"":256,""1"":256}","{""0"":128,""1"":128}",a516d7d0c71158651f8ea88eecc918553d9760a1756b1eedc2d7251f95c43574,a54739704e8d4a464e821021cbd4020e6f042b3c975f33cff160fb35b348edea,708c271e2adbebe07176651673ca9075d2167a9bb44f9464c4e890f0c48b5071,2.5524652340027387,
formal,mrpc,albert-base-v2,256,256,3,bf16_gpu,PASS,fp32_gpu,cuda,bf16,none,8,8,8,1,5,3,0.734375,0.7341153470185728,44.58638572692871,1.011592021094998,988.540814030492,108.787109375,512,512,256,"{""0"":256,""1"":256}","{""0"":256,""1"":256}","{""0"":128,""1"":128}",a516d7d0c71158651f8ea88eecc918553d9760a1756b1eedc2d7251f95c43574,a54739704e8d4a464e821021cbd4020e6f042b3c975f33cff160fb35b348edea,708c271e2adbebe07176651673ca9075d2167a9bb44f9464c4e890f0c48b5071,2.5524652340027387,
formal,mrpc,albert-base-v2,256,256,4,fp32_cpu,PASS,fp32_cpu,cpu,fp32,none,8,8,8,1,5,3,0.66015625,0.6449375866851594,44.58638572692871,42.17251670703206,23.712125291143817,0.0,512,512,256,"{""0"":256,""1"":256}","{""0"":256,""1"":256}","{""0"":128,""1"":128}",cf3095c6a248742a38500bec7f48e412ce262c9406196ebfe8ac2c5de7f54a36,aac7bfaa96408eb8b1a4336146a963d032e8336ec6d53a79eaf3c67f2d0f7927,72264ff5ae0d46057bfd8be33e8813237d475d4cf2fa5bc89effcee37763d08b,2.804412987003161,
formal,mrpc,albert-base-v2,256,256,4,dynamic_int8_cpu,PASS,fp32_cpu,cpu,int8_dynamic,dynamic_int8_linear,8,8,8,1,5,3,0.5,0.3333333333333333,22.370460510253906,26.86510206640662,37.22301138213231,0.0,512,512,256,"{""0"":256,""1"":256}","{""0"":256,""1"":256}","{""0"":128,""1"":128}",cf3095c6a248742a38500bec7f48e412ce262c9406196ebfe8ac2c5de7f54a36,aac7bfaa96408eb8b1a4336146a963d032e8336ec6d53a79eaf3c67f2d0f7927,72264ff5ae0d46057bfd8be33e8813237d475d4cf2fa5bc89effcee37763d08b,2.804412987003161,
formal,mrpc,albert-base-v2,256,256,4,fp32_gpu,PASS,fp32_gpu,cuda,fp32,none,8,8,8,1,5,3,0.66015625,0.6449375866851594,44.58638572692871,0.9344013851574573,1070.2038929784856,104.8505859375,512,512,256,"{""0"":256,""1"":256}","{""0"":256,""1"":256}","{""0"":128,""1"":128}",cf3095c6a248742a38500bec7f48e412ce262c9406196ebfe8ac2c5de7f54a36,aac7bfaa96408eb8b1a4336146a963d032e8336ec6d53a79eaf3c67f2d0f7927,72264ff5ae0d46057bfd8be33e8813237d475d4cf2fa5bc89effcee37763d08b,2.804412987003161,
formal,mrpc,albert-base-v2,256,256,4,bf16_gpu,PASS,fp32_gpu,cuda,bf16,none,8,8,8,1,5,3,0.66015625,0.6449375866851594,44.58638572692871,0.9251507781243618,1080.9048899330621,108.787109375,512,512,256,"{""0"":256,""1"":256}","{""0"":256,""1"":256}","{""0"":128,""1"":128}",cf3095c6a248742a38500bec7f48e412ce262c9406196ebfe8ac2c5de7f54a36,aac7bfaa96408eb8b1a4336146a963d032e8336ec6d53a79eaf3c67f2d0f7927,72264ff5ae0d46057bfd8be33e8813237d475d4cf2fa5bc89effcee37763d08b,2.804412987003161,
formal,mrpc,albert-base-v2,256,256,5,fp32_cpu,PASS,fp32_cpu,cpu,fp32,none,8,8,8,1,5,3,0.66796875,0.6268285572190495,44.58638572692871,41.731909217966745,23.96247904156449,0.0,512,512,256,"{""0"":256,""1"":256}","{""0"":256,""1"":256}","{""0"":128,""1"":128}",cd6827bac00b4e68f493c24b35812bcb6047f45ea347543127681d42059f61f7,3d22bd07b67fc50a25094044dc213b1e634cb342f0a3f9873ea12c404811743b,c59cdf20d8d0bbfd136657596c77e43b7986ca6c806cc618399adacb5012b5ad,2.462059081000916,
formal,mrpc,albert-base-v2,256,256,5,dynamic_int8_cpu,PASS,fp32_cpu,cpu,int8_dynamic,dynamic_int8_linear,8,8,8,1,5,3,0.50390625,0.34195559333697656,22.370460510253906,24.061211337499344,41.56066733188542,0.0,512,512,256,"{""0"":256,""1"":256}","{""0"":256,""1"":256}","{""0"":128,""1"":128}",cd6827bac00b4e68f493c24b35812bcb6047f45ea347543127681d42059f61f7,3d22bd07b67fc50a25094044dc213b1e634cb342f0a3f9873ea12c404811743b,c59cdf20d8d0bbfd136657596c77e43b7986ca6c806cc618399adacb5012b5ad,2.462059081000916,
formal,mrpc,albert-base-v2,256,256,5,fp32_gpu,PASS,fp32_gpu,cuda,fp32,none,8,8,8,1,5,3,0.66796875,0.6268285572190495,44.58638572692871,0.9591026023457516,1042.641316532999,104.8505859375,512,512,256,"{""0"":256,""1"":256}","{""0"":256,""1"":256}","{""0"":128,""1"":128}",cd6827bac00b4e68f493c24b35812bcb6047f45ea347543127681d42059f61f7,3d22bd07b67fc50a25094044dc213b1e634cb342f0a3f9873ea12c404811743b,c59cdf20d8d0bbfd136657596c77e43b7986ca6c806cc618399adacb5012b5ad,2.462059081000916,
formal,mrpc,albert-base-v2,256,256,5,bf16_gpu,PASS,fp32_gpu,cuda,bf16,none,8,8,8,1,5,3,0.66796875,0.6268285572190495,44.58638572692871,0.9278632078121518,1077.745072312914,108.787109375,512,512,256,"{""0"":256,""1"":256}","{""0"":256,""1"":256}","{""0"":128,""1"":128}",cd6827bac00b4e68f493c24b35812bcb6047f45ea347543127681d42059f61f7,3d22bd07b67fc50a25094044dc213b1e634cb342f0a3f9873ea12c404811743b,c59cdf20d8d0bbfd136657596c77e43b7986ca6c806cc618399adacb5012b5ad,2.462059081000916,
formal,rte,albert-base-v2,64,64,1,fp32_cpu,PASS,fp32_cpu,cpu,fp32,none,8,8,8,1,5,3,0.42578125,0.425562119338737,44.58638572692871,56.356435071876376,17.744202569318144,0.0,128,128,256,"{""0"":64,""1"":64}","{""0"":64,""1"":64}","{""0"":128,""1"":128}",89965f7765fad97c3084a3131a8224c31970179447a256b8fcc25d0d95fbeb81,9fbb5965c9237b06a045ba9e04a6ccbc17b6e52b931361137970b5609ad6b5d0,3b414f97ff96c2b4313dfba37e9c4a4698c4651a6b50057909da1992d450905b,0.7648118229990359,
formal,rte,albert-base-v2,64,64,1,dynamic_int8_cpu,PASS,fp32_cpu,cpu,int8_dynamic,dynamic_int8_linear,8,8,8,1,5,3,0.44921875,0.3428368561909444,22.370460510253906,40.10736879765773,24.933074145178033,0.0,128,128,256,"{""0"":64,""1"":64}","{""0"":64,""1"":64}","{""0"":128,""1"":128}",89965f7765fad97c3084a3131a8224c31970179447a256b8fcc25d0d95fbeb81,9fbb5965c9237b06a045ba9e04a6ccbc17b6e52b931361137970b5609ad6b5d0,3b414f97ff96c2b4313dfba37e9c4a4698c4651a6b50057909da1992d450905b,0.7648118229990359,
formal,rte,albert-base-v2,64,64,1,fp32_gpu,PASS,fp32_gpu,cuda,fp32,none,8,8,8,1,5,3,0.42578125,0.425562119338737,44.58638572692871,0.9697258507799233,1031.2192865599366,117.10009765625,128,128,256,"{""0"":64,""1"":64}","{""0"":64,""1"":64}","{""0"":128,""1"":128}",89965f7765fad97c3084a3131a8224c31970179447a256b8fcc25d0d95fbeb81,9fbb5965c9237b06a045ba9e04a6ccbc17b6e52b931361137970b5609ad6b5d0,3b414f97ff96c2b4313dfba37e9c4a4698c4651a6b50057909da1992d450905b,0.7648118229990359,
formal,rte,albert-base-v2,64,64,1,bf16_gpu,PASS,fp32_gpu,cuda,bf16,none,8,8,8,1,5,3,0.4375,0.436950146627566,44.58638572692871,0.8529068187499433,1172.4610215517362,119.27880859375,128,128,256,"{""0"":64,""1"":64}","{""0"":64,""1"":64}","{""0"":128,""1"":128}",89965f7765fad97c3084a3131a8224c31970179447a256b8fcc25d0d95fbeb81,9fbb5965c9237b06a045ba9e04a6ccbc17b6e52b931361137970b5609ad6b5d0,3b414f97ff96c2b4313dfba37e9c4a4698c4651a6b50057909da1992d450905b,0.7648118229990359,
formal,rte,albert-base-v2,64,64,2,fp32_cpu,PASS,fp32_cpu,cpu,fp32,none,8,8,8,1,5,3,0.52734375,0.5273365377279317,44.58638572692871,55.33814771640664,18.070716879154237,0.0,128,128,256,"{""0"":64,""1"":64}","{""0"":64,""1"":64}","{""0"":128,""1"":128}",29a6173e66afa275653de64e73ae0ab77db0f0da2d0a2dbe2053fc603e10070b,9978e98798636a03368317351d762dc94c27af2395e267b3806b5e8a4d0ed0b7,d553ccc02ee5510663c131f1e0d85fececd81507280777f3181c0bb2b4701d0b,0.7565805969970825,
formal,rte,albert-base-v2,64,64,2,dynamic_int8_cpu,PASS,fp32_cpu,cpu,int8_dynamic,dynamic_int8_linear,8,8,8,1,5,3,0.4921875,0.36098310291858676,22.370460510253906,39.88642983515831,25.07118346096094,0.0,128,128,256,"{""0"":64,""1"":64}","{""0"":64,""1"":64}","{""0"":128,""1"":128}",29a6173e66afa275653de64e73ae0ab77db0f0da2d0a2dbe2053fc603e10070b,9978e98798636a03368317351d762dc94c27af2395e267b3806b5e8a4d0ed0b7,d553ccc02ee5510663c131f1e0d85fececd81507280777f3181c0bb2b4701d0b,0.7565805969970825,
formal,rte,albert-base-v2,64,64,2,fp32_gpu,PASS,fp32_gpu,cuda,fp32,none,8,8,8,1,5,3,0.52734375,0.5273365377279317,44.58638572692871,0.96858680156231,1032.4319910069198,117.10009765625,128,128,256,"{""0"":64,""1"":64}","{""0"":64,""1"":64}","{""0"":128,""1"":128}",29a6173e66afa275653de64e73ae0ab77db0f0da2d0a2dbe2053fc603e10070b,9978e98798636a03368317351d762dc94c27af2395e267b3806b5e8a4d0ed0b7,d553ccc02ee5510663c131f1e0d85fececd81507280777f3181c0bb2b4701d0b,0.7565805969970825,
formal,rte,albert-base-v2,64,64,2,bf16_gpu,PASS,fp32_gpu,cuda,bf16,none,8,8,8,1,5,3,0.52734375,0.52716337714277,44.58638572692871,0.8484522640628711,1178.6166910692564,119.27880859375,128,128,256,"{""0"":64,""1"":64}","{""0"":64,""1"":64}","{""0"":128,""1"":128}",29a6173e66afa275653de64e73ae0ab77db0f0da2d0a2dbe2053fc603e10070b,9978e98798636a03368317351d762dc94c27af2395e267b3806b5e8a4d0ed0b7,d553ccc02ee5510663c131f1e0d85fececd81507280777f3181c0bb2b4701d0b,0.7565805969970825,
formal,rte,albert-base-v2,64,64,3,fp32_cpu,PASS,fp32_cpu,cpu,fp32,none,8,8,8,1,5,3,0.5234375,0.477376171352075,44.58638572692871,55.241587679688564,18.1023037534398,0.0,128,128,256,"{""0"":64,""1"":64}","{""0"":64,""1"":64}","{""0"":128,""1"":128}",b15b5a071dad6e125947442300da6fdb643032f1454b8c5cb6953043170c694c,486eea8a3da17bde0788da12ae77a70287245bac7d59674258fe9dc67838a549,3771cdb7f17da7fa4cadde788a2aa984aca31850931f0868df566395bb9571a0,0.756537303001096,
formal,rte,albert-base-v2,64,64,3,dynamic_int8_cpu,PASS,fp32_cpu,cpu,int8_dynamic,dynamic_int8_linear,8,8,8,1,5,3,0.5390625,0.5275275275275275,22.370460510253906,40.384328006251735,24.762080969756237,0.0,128,128,256,"{""0"":64,""1"":64}","{""0"":64,""1"":64}","{""0"":128,""1"":128}",b15b5a071dad6e125947442300da6fdb643032f1454b8c5cb6953043170c694c,486eea8a3da17bde0788da12ae77a70287245bac7d59674258fe9dc67838a549,3771cdb7f17da7fa4cadde788a2aa984aca31850931f0868df566395bb9571a0,0.756537303001096,
formal,rte,albert-base-v2,64,64,3,fp32_gpu,PASS,fp32_gpu,cuda,fp32,none,8,8,8,1,5,3,0.5234375,0.477376171352075,44.58638572692871,1.0479245648440383,954.2671615383204,117.10009765625,128,128,256,"{""0"":64,""1"":64}","{""0"":64,""1"":64}","{""0"":128,""1"":128}",b15b5a071dad6e125947442300da6fdb643032f1454b8c5cb6953043170c694c,486eea8a3da17bde0788da12ae77a70287245bac7d59674258fe9dc67838a549,3771cdb7f17da7fa4cadde788a2aa984aca31850931f0868df566395bb9571a0,0.756537303001096,
formal,rte,albert-base-v2,64,64,3,bf16_gpu,PASS,fp32_gpu,cuda,bf16,none,8,8,8,1,5,3,0.5234375,0.477376171352075,44.58638572692871,0.8515337593735239,1174.3515615114345,119.27880859375,128,128,256,"{""0"":64,""1"":64}","{""0"":64,""1"":64}","{""0"":128,""1"":128}",b15b5a071dad6e125947442300da6fdb643032f1454b8c5cb6953043170c694c,486eea8a3da17bde0788da12ae77a70287245bac7d59674258fe9dc67838a549,3771cdb7f17da7fa4cadde788a2aa984aca31850931f0868df566395bb9571a0,0.756537303001096,
formal,rte,albert-base-v2,64,64,4,fp32_cpu,PASS,fp32_cpu,cpu,fp32,none,8,8,8,1,5,3,0.515625,0.5126504544338001,44.58638572692871,58.76113199531119,17.018052002126073,0.0,128,128,256,"{""0"":64,""1"":64}","{""0"":64,""1"":64}","{""0"":128,""1"":128}",3c875e97356cdadd1a3d0e905c7ff5262b45261002dab7525f1f5b98c45246ec,8fdf04a6779420d2138962e9e7e5d3f5701287bf2d388c35db44f86bd1975374,f9379a1972ce4c0cd0630f64593550cd9738c2237e7c1770627c631eb5736a9a,0.7672567749978043,
formal,rte,albert-base-v2,64,64,4,dynamic_int8_cpu,PASS,fp32_cpu,cpu,int8_dynamic,dynamic_int8_linear,8,8,8,1,5,3,0.5,0.3333333333333333,22.370460510253906,38.917776879688404,25.69519844598088,0.0,128,128,256,"{""0"":64,""1"":64}","{""0"":64,""1"":64}","{""0"":128,""1"":128}",3c875e97356cdadd1a3d0e905c7ff5262b45261002dab7525f1f5b98c45246ec,8fdf04a6779420d2138962e9e7e5d3f5701287bf2d388c35db44f86bd1975374,f9379a1972ce4c0cd0630f64593550cd9738c2237e7c1770627c631eb5736a9a,0.7672567749978043,
formal,rte,albert-base-v2,64,64,4,fp32_gpu,PASS,fp32_gpu,cuda,fp32,none,8,8,8,1,5,3,0.515625,0.5126504544338001,44.58638572692871,0.9660471718746066,1035.1461389400977,117.10009765625,128,128,256,"{""0"":64,""1"":64}","{""0"":64,""1"":64}","{""0"":128,""1"":128}",3c875e97356cdadd1a3d0e905c7ff5262b45261002dab7525f1f5b98c45246ec,8fdf04a6779420d2138962e9e7e5d3f5701287bf2d388c35db44f86bd1975374,f9379a1972ce4c0cd0630f64593550cd9738c2237e7c1770627c631eb5736a9a,0.7672567749978043,
formal,rte,albert-base-v2,64,64,4,bf16_gpu,PASS,fp32_gpu,cuda,bf16,none,8,8,8,1,5,3,0.51953125,0.5162762116906061,44.58638572692871,0.8554093218748449,1169.0309825105112,119.27880859375,128,128,256,"{""0"":64,""1"":64}","{""0"":64,""1"":64}","{""0"":128,""1"":128}",3c875e97356cdadd1a3d0e905c7ff5262b45261002dab7525f1f5b98c45246ec,8fdf04a6779420d2138962e9e7e5d3f5701287bf2d388c35db44f86bd1975374,f9379a1972ce4c0cd0630f64593550cd9738c2237e7c1770627c631eb5736a9a,0.7672567749978043,
formal,rte,albert-base-v2,64,64,5,fp32_cpu,PASS,fp32_cpu,cpu,fp32,none,8,8,8,1,5,3,0.57421875,0.5741602698124437,44.58638572692871,55.26704071953077,18.093966801566253,0.0,128,128,256,"{""0"":64,""1"":64}","{""0"":64,""1"":64}","{""0"":128,""1"":128}",af0ddaf84189b584f30343dc65f57718ef72074d089bcaa79396f5be65996e3a,2a4e84bfcea8278f50407af960270ca4a7550d8540dffdb7da597c084403f6ce,67828c93b9c81369eafccbe11a62edacef310753a7278a3b41c81ab41105204c,0.7602068829983182,
formal,rte,albert-base-v2,64,64,5,dynamic_int8_cpu,PASS,fp32_cpu,cpu,int8_dynamic,dynamic_int8_linear,8,8,8,1,5,3,0.4765625,0.3526570048309179,22.370460510253906,39.70823804922077,25.183691070866438,0.0,128,128,256,"{""0"":64,""1"":64}","{""0"":64,""1"":64}","{""0"":128,""1"":128}",af0ddaf84189b584f30343dc65f57718ef72074d089bcaa79396f5be65996e3a,2a4e84bfcea8278f50407af960270ca4a7550d8540dffdb7da597c084403f6ce,67828c93b9c81369eafccbe11a62edacef310753a7278a3b41c81ab41105204c,0.7602068829983182,
formal,rte,albert-base-v2,64,64,5,fp32_gpu,PASS,fp32_gpu,cuda,fp32,none,8,8,8,1,5,3,0.57421875,0.5741602698124437,44.58638572692871,1.0467259281256247,955.3599209973742,117.10009765625,128,128,256,"{""0"":64,""1"":64}","{""0"":64,""1"":64}","{""0"":128,""1"":128}",af0ddaf84189b584f30343dc65f57718ef72074d089bcaa79396f5be65996e3a,2a4e84bfcea8278f50407af960270ca4a7550d8540dffdb7da597c084403f6ce,67828c93b9c81369eafccbe11a62edacef310753a7278a3b41c81ab41105204c,0.7602068829983182,
formal,rte,albert-base-v2,64,64,5,bf16_gpu,PASS,fp32_gpu,cuda,bf16,none,8,8,8,1,5,3,0.57421875,0.5740562653600159,44.58638572692871,0.8512029406261945,1174.8079714860262,119.27880859375,128,128,256,"{""0"":64,""1"":64}","{""0"":64,""1"":64}","{""0"":128,""1"":128}",af0ddaf84189b584f30343dc65f57718ef72074d089bcaa79396f5be65996e3a,2a4e84bfcea8278f50407af960270ca4a7550d8540dffdb7da597c084403f6ce,67828c93b9c81369eafccbe11a62edacef310753a7278a3b41c81ab41105204c,0.7602068829983182,
formal,rte,albert-base-v2,128,128,1,fp32_cpu,PASS,fp32_cpu,cpu,fp32,none,8,8,8,1,5,3,0.5078125,0.4602409638554217,44.58638572692871,50.856110563282186,19.66332047268267,0.0,256,256,256,"{""0"":128,""1"":128}","{""0"":128,""1"":128}","{""0"":128,""1"":128}",7ba8c2d0da2e094c5bb89005365a8aa72b7cbca7ca7afe78fae3bada64486225,8c0da1d429c7bbe5ebea3770b1b3f1767be21b2cb9ea3959bb5e77489f82cdbf,3b414f97ff96c2b4313dfba37e9c4a4698c4651a6b50057909da1992d450905b,1.5014324479998322,
formal,rte,albert-base-v2,128,128,1,dynamic_int8_cpu,PASS,fp32_cpu,cpu,int8_dynamic,dynamic_int8_linear,8,8,8,1,5,3,0.4921875,0.34918648310387984,22.370460510253906,40.55001534218832,24.66090312324982,0.0,256,256,256,"{""0"":128,""1"":128}","{""0"":128,""1"":128}","{""0"":128,""1"":128}",7ba8c2d0da2e094c5bb89005365a8aa72b7cbca7ca7afe78fae3bada64486225,8c0da1d429c7bbe5ebea3770b1b3f1767be21b2cb9ea3959bb5e77489f82cdbf,3b414f97ff96c2b4313dfba37e9c4a4698c4651a6b50057909da1992d450905b,1.5014324479998322,
formal,rte,albert-base-v2,128,128,1,fp32_gpu,PASS,fp32_gpu,cuda,fp32,none,8,8,8,1,5,3,0.5078125,0.4602409638554217,44.58638572692871,0.9879817101563049,1012.1644861642163,117.10009765625,256,256,256,"{""0"":128,""1"":128}","{""0"":128,""1"":128}","{""0"":128,""1"":128}",7ba8c2d0da2e094c5bb89005365a8aa72b7cbca7ca7afe78fae3bada64486225,8c0da1d429c7bbe5ebea3770b1b3f1767be21b2cb9ea3959bb5e77489f82cdbf,3b414f97ff96c2b4313dfba37e9c4a4698c4651a6b50057909da1992d450905b,1.5014324479998322,
formal,rte,albert-base-v2,128,128,1,bf16_gpu,PASS,fp32_gpu,cuda,bf16,none,8,8,8,1,5,3,0.51953125,0.47442039024553084,44.58638572692871,0.9022218632821932,1108.37482519222,119.27880859375,256,256,256,"{""0"":128,""1"":128}","{""0"":128,""1"":128}","{""0"":128,""1"":128}",7ba8c2d0da2e094c5bb89005365a8aa72b7cbca7ca7afe78fae3bada64486225,8c0da1d429c7bbe5ebea3770b1b3f1767be21b2cb9ea3959bb5e77489f82cdbf,3b414f97ff96c2b4313dfba37e9c4a4698c4651a6b50057909da1992d450905b,1.5014324479998322,
formal,rte,albert-base-v2,128,128,2,fp32_cpu,PASS,fp32_cpu,cpu,fp32,none,8,8,8,1,5,3,0.52734375,0.4481087533629091,44.58638572692871,56.695355082811716,17.63812923544365,0.0,256,256,256,"{""0"":128,""1"":128}","{""0"":128,""1"":128}","{""0"":128,""1"":128}",af733f7c04a8cb74a5c7a6b342bd4db6ab090320a9cf1930800d13c431256459,cc071aa34b416e1874b72f74e01ba7ae0167ae0d23b0abb987af8418a929c92d,d553ccc02ee5510663c131f1e0d85fececd81507280777f3181c0bb2b4701d0b,1.548844334000023,
formal,rte,albert-base-v2,128,128,2,dynamic_int8_cpu,PASS,fp32_cpu,cpu,int8_dynamic,dynamic_int8_linear,8,8,8,1,5,3,0.49609375,0.33159268929503916,22.370460510253906,38.89746620312451,25.70861543469053,0.0,256,256,256,"{""0"":128,""1"":128}","{""0"":128,""1"":128}","{""0"":128,""1"":128}",af733f7c04a8cb74a5c7a6b342bd4db6ab090320a9cf1930800d13c431256459,cc071aa34b416e1874b72f74e01ba7ae0167ae0d23b0abb987af8418a929c92d,d553ccc02ee5510663c131f1e0d85fececd81507280777f3181c0bb2b4701d0b,1.548844334000023,
formal,rte,albert-base-v2,128,128,2,fp32_gpu,PASS,fp32_gpu,cuda,fp32,none,8,8,8,1,5,3,0.52734375,0.4481087533629091,44.58638572692871,0.9922454742195441,1007.8151283950731,117.10009765625,256,256,256,"{""0"":128,""1"":128}","{""0"":128,""1"":128}","{""0"":128,""1"":128}",af733f7c04a8cb74a5c7a6b342bd4db6ab090320a9cf1930800d13c431256459,cc071aa34b416e1874b72f74e01ba7ae0167ae0d23b0abb987af8418a929c92d,d553ccc02ee5510663c131f1e0d85fececd81507280777f3181c0bb2b4701d0b,1.548844334000023,
formal,rte,albert-base-v2,128,128,2,bf16_gpu,PASS,fp32_gpu,cuda,bf16,none,8,8,8,1,5,3,0.52734375,0.4481087533629091,44.58638572692871,0.8540380453126772,1170.9080239322168,119.27880859375,256,256,256,"{""0"":128,""1"":128}","{""0"":128,""1"":128}","{""0"":128,""1"":128}",af733f7c04a8cb74a5c7a6b342bd4db6ab090320a9cf1930800d13c431256459,cc071aa34b416e1874b72f74e01ba7ae0167ae0d23b0abb987af8418a929c92d,d553ccc02ee5510663c131f1e0d85fececd81507280777f3181c0bb2b4701d0b,1.548844334000023,
formal,rte,albert-base-v2,128,128,3,fp32_cpu,PASS,fp32_cpu,cpu,fp32,none,8,8,8,1,5,3,0.5,0.3333333333333333,44.58638572692871,56.325688070310775,17.753888754127786,0.0,256,256,256,"{""0"":128,""1"":128}","{""0"":128,""1"":128}","{""0"":128,""1"":128}",1fabe3ae715950fa85e7a48767df923b763f3df7b3e681a62fcd168c0ae6e4ec,22c1c2436cc8c29b60b3ed4613d932a95f90eb084160b5485548e577f9f3501c,3771cdb7f17da7fa4cadde788a2aa984aca31850931f0868df566395bb9571a0,1.506747612998879,
formal,rte,albert-base-v2,128,128,3,dynamic_int8_cpu,PASS,fp32_cpu,cpu,int8_dynamic,dynamic_int8_linear,8,8,8,1,5,3,0.50390625,0.34195559333697656,22.370460510253906,40.23226714609223,24.855671105204678,0.0,256,256,256,"{""0"":128,""1"":128}","{""0"":128,""1"":128}","{""0"":128,""1"":128}",1fabe3ae715950fa85e7a48767df923b763f3df7b3e681a62fcd168c0ae6e4ec,22c1c2436cc8c29b60b3ed4613d932a95f90eb084160b5485548e577f9f3501c,3771cdb7f17da7fa4cadde788a2aa984aca31850931f0868df566395bb9571a0,1.506747612998879,
formal,rte,albert-base-v2,128,128,3,fp32_gpu,PASS,fp32_gpu,cuda,fp32,none,8,8,8,1,5,3,0.5,0.3333333333333333,44.58638572692871,0.9910547226553491,1009.0260175751787,117.10009765625,256,256,256,"{""0"":128,""1"":128}","{""0"":128,""1"":128}","{""0"":128,""1"":128}",1fabe3ae715950fa85e7a48767df923b763f3df7b3e681a62fcd168c0ae6e4ec,22c1c2436cc8c29b60b3ed4613d932a95f90eb084160b5485548e577f9f3501c,3771cdb7f17da7fa4cadde788a2aa984aca31850931f0868df566395bb9571a0,1.506747612998879,
formal,rte,albert-base-v2,128,128,3,bf16_gpu,PASS,fp32_gpu,cuda,bf16,none,8,8,8,1,5,3,0.5,0.3333333333333333,44.58638572692871,0.8763859117209449,1141.0498350393561,119.27880859375,256,256,256,"{""0"":128,""1"":128}","{""0"":128,""1"":128}","{""0"":128,""1"":128}",1fabe3ae715950fa85e7a48767df923b763f3df7b3e681a62fcd168c0ae6e4ec,22c1c2436cc8c29b60b3ed4613d932a95f90eb084160b5485548e577f9f3501c,3771cdb7f17da7fa4cadde788a2aa984aca31850931f0868df566395bb9571a0,1.506747612998879,
formal,rte,albert-base-v2,128,128,4,fp32_cpu,PASS,fp32_cpu,cpu,fp32,none,8,8,8,1,5,3,0.5546875,0.488645920941968,44.58638572692871,55.02236686718618,18.17442718183707,0.0,256,256,256,"{""0"":128,""1"":128}","{""0"":128,""1"":128}","{""0"":128,""1"":128}",dcf10b637ab83c76a00cdcdabfe636a392c9baaff72fd437d1c1e035f90c7939,34a07746e241f65fba41fecd4311c7633f8b496f90275c008bbb9e8e6c0b33a8,f9379a1972ce4c0cd0630f64593550cd9738c2237e7c1770627c631eb5736a9a,1.485479064998799,
formal,rte,albert-base-v2,128,128,4,dynamic_int8_cpu,PASS,fp32_cpu,cpu,int8_dynamic,dynamic_int8_linear,8,8,8,1,5,3,0.5,0.3333333333333333,22.370460510253906,39.21806004843518,25.498456546932147,0.0,256,256,256,"{""0"":128,""1"":128}","{""0"":128,""1"":128}","{""0"":128,""1"":128}",dcf10b637ab83c76a00cdcdabfe636a392c9baaff72fd437d1c1e035f90c7939,34a07746e241f65fba41fecd4311c7633f8b496f90275c008bbb9e8e6c0b33a8,f9379a1972ce4c0cd0630f64593550cd9738c2237e7c1770627c631eb5736a9a,1.485479064998799,
formal,rte,albert-base-v2,128,128,4,fp32_gpu,PASS,fp32_gpu,cuda,fp32,none,8,8,8,1,5,3,0.5546875,0.488645920941968,44.58638572692871,1.0162602898418527,983.9998767989025,117.10009765625,256,256,256,"{""0"":128,""1"":128}","{""0"":128,""1"":128}","{""0"":128,""1"":128}",dcf10b637ab83c76a00cdcdabfe636a392c9baaff72fd437d1c1e035f90c7939,34a07746e241f65fba41fecd4311c7633f8b496f90275c008bbb9e8e6c0b33a8,f9379a1972ce4c0cd0630f64593550cd9738c2237e7c1770627c631eb5736a9a,1.485479064998799,
formal,rte,albert-base-v2,128,128,4,bf16_gpu,PASS,fp32_gpu,cuda,bf16,none,8,8,8,1,5,3,0.5546875,0.488645920941968,44.58638572692871,0.9094517929696622,1099.5635037836012,119.27880859375,256,256,256,"{""0"":128,""1"":128}","{""0"":128,""1"":128}","{""0"":128,""1"":128}",dcf10b637ab83c76a00cdcdabfe636a392c9baaff72fd437d1c1e035f90c7939,34a07746e241f65fba41fecd4311c7633f8b496f90275c008bbb9e8e6c0b33a8,f9379a1972ce4c0cd0630f64593550cd9738c2237e7c1770627c631eb5736a9a,1.485479064998799,
formal,rte,albert-base-v2,128,128,5,fp32_cpu,PASS,fp32_cpu,cpu,fp32,none,8,8,8,1,5,3,0.515625,0.4632034632034632,44.58638572692871,55.30648497343691,18.081062292790598,0.0,256,256,256,"{""0"":128,""1"":128}","{""0"":128,""1"":128}","{""0"":128,""1"":128}",de905e36c0436921c77c71076c7f2fa98d8292406b685ab906375c324b58ee9e,70d31efbe4d8c1eb98ca0fe72d15e81bbe2482afc947eaa23d770bd4eaec23dc,67828c93b9c81369eafccbe11a62edacef310753a7278a3b41c81ab41105204c,1.5535634990010294,
formal,rte,albert-base-v2,128,128,5,dynamic_int8_cpu,PASS,fp32_cpu,cpu,int8_dynamic,dynamic_int8_linear,8,8,8,1,5,3,0.4921875,0.3298429319371728,22.370460510253906,37.26941420234198,26.83165328467011,0.0,256,256,256,"{""0"":128,""1"":128}","{""0"":128,""1"":128}","{""0"":128,""1"":128}",de905e36c0436921c77c71076c7f2fa98d8292406b685ab906375c324b58ee9e,70d31efbe4d8c1eb98ca0fe72d15e81bbe2482afc947eaa23d770bd4eaec23dc,67828c93b9c81369eafccbe11a62edacef310753a7278a3b41c81ab41105204c,1.5535634990010294,
formal,rte,albert-base-v2,128,128,5,fp32_gpu,PASS,fp32_gpu,cuda,fp32,none,8,8,8,1,5,3,0.515625,0.4632034632034632,44.58638572692871,0.9705395210914958,1030.3547442100783,117.10009765625,256,256,256,"{""0"":128,""1"":128}","{""0"":128,""1"":128}","{""0"":128,""1"":128}",de905e36c0436921c77c71076c7f2fa98d8292406b685ab906375c324b58ee9e,70d31efbe4d8c1eb98ca0fe72d15e81bbe2482afc947eaa23d770bd4eaec23dc,67828c93b9c81369eafccbe11a62edacef310753a7278a3b41c81ab41105204c,1.5535634990010294,
formal,rte,albert-base-v2,128,128,5,bf16_gpu,PASS,fp32_gpu,cuda,bf16,none,8,8,8,1,5,3,0.515625,0.46024620825681833,44.58638572692871,0.8854480671885767,1129.3717125332284,119.27880859375,256,256,256,"{""0"":128,""1"":128}","{""0"":128,""1"":128}","{""0"":128,""1"":128}",de905e36c0436921c77c71076c7f2fa98d8292406b685ab906375c324b58ee9e,70d31efbe4d8c1eb98ca0fe72d15e81bbe2482afc947eaa23d770bd4eaec23dc,67828c93b9c81369eafccbe11a62edacef310753a7278a3b41c81ab41105204c,1.5535634990010294,
formal,rte,albert-base-v2,256,256,1,fp32_cpu,PASS,fp32_cpu,cpu,fp32,none,8,8,8,1,5,3,0.50390625,0.36119461636703015,44.58638572692871,52.356706923436036,19.099749750540127,0.0,512,512,256,"{""0"":256,""1"":256}","{""0"":256,""1"":256}","{""0"":128,""1"":128}",3b40ce332ba5a7192ab5e879f3b9049914e809249007713e8f9f52f8e0c23fdf,359f9684ace46fd8c8ae7d5e090d6ec9b70e08ecfae121dbda5ab51c85fe3971,3b414f97ff96c2b4313dfba37e9c4a4698c4651a6b50057909da1992d450905b,2.959519943000487,
formal,rte,albert-base-v2,256,256,1,dynamic_int8_cpu,PASS,fp32_cpu,cpu,int8_dynamic,dynamic_int8_linear,8,8,8,1,5,3,0.5,0.3333333333333333,22.370460510253906,37.79372975703268,26.459415528151716,0.0,512,512,256,"{""0"":256,""1"":256}","{""0"":256,""1"":256}","{""0"":128,""1"":128}",3b40ce332ba5a7192ab5e879f3b9049914e809249007713e8f9f52f8e0c23fdf,359f9684ace46fd8c8ae7d5e090d6ec9b70e08ecfae121dbda5ab51c85fe3971,3b414f97ff96c2b4313dfba37e9c4a4698c4651a6b50057909da1992d450905b,2.959519943000487,
formal,rte,albert-base-v2,256,256,1,fp32_gpu,PASS,fp32_gpu,cuda,fp32,none,8,8,8,1,5,3,0.50390625,0.36119461636703015,44.58638572692871,0.9722793234374194,1028.5110213642888,117.10009765625,512,512,256,"{""0"":256,""1"":256}","{""0"":256,""1"":256}","{""0"":128,""1"":128}",3b40ce332ba5a7192ab5e879f3b9049914e809249007713e8f9f52f8e0c23fdf,359f9684ace46fd8c8ae7d5e090d6ec9b70e08ecfae121dbda5ab51c85fe3971,3b414f97ff96c2b4313dfba37e9c4a4698c4651a6b50057909da1992d450905b,2.959519943000487,
formal,rte,albert-base-v2,256,256,1,bf16_gpu,PASS,fp32_gpu,cuda,bf16,none,8,8,8,1,5,3,0.50390625,0.36119461636703015,44.58638572692871,0.8709088429668554,1148.2257966211253,119.27880859375,512,512,256,"{""0"":256,""1"":256}","{""0"":256,""1"":256}","{""0"":128,""1"":128}",3b40ce332ba5a7192ab5e879f3b9049914e809249007713e8f9f52f8e0c23fdf,359f9684ace46fd8c8ae7d5e090d6ec9b70e08ecfae121dbda5ab51c85fe3971,3b414f97ff96c2b4313dfba37e9c4a4698c4651a6b50057909da1992d450905b,2.959519943000487,
formal,rte,albert-base-v2,256,256,2,fp32_cpu,PASS,fp32_cpu,cpu,fp32,none,8,8,8,1,5,3,0.5546875,0.5384615384615384,44.58638572692871,55.865712931250755,17.900066919948127,0.0,512,512,256,"{""0"":256,""1"":256}","{""0"":256,""1"":256}","{""0"":128,""1"":128}",fe706371e90e51e67f00169a8095c8518982393e2125222fff5cffdaa49030c3,6ca1734daf9b2f23cb1ebde27c0b0a11841a514bdda8c82f2389498e4c3c915c,d553ccc02ee5510663c131f1e0d85fececd81507280777f3181c0bb2b4701d0b,2.975788196999929,
formal,rte,albert-base-v2,256,256,2,dynamic_int8_cpu,PASS,fp32_cpu,cpu,int8_dynamic,dynamic_int8_linear,8,8,8,1,5,3,0.51171875,0.5117112993057145,22.370460510253906,38.276448710158206,26.125725705964186,0.0,512,512,256,"{""0"":256,""1"":256}","{""0"":256,""1"":256}","{""0"":128,""1"":128}",fe706371e90e51e67f00169a8095c8518982393e2125222fff5cffdaa49030c3,6ca1734daf9b2f23cb1ebde27c0b0a11841a514bdda8c82f2389498e4c3c915c,d553ccc02ee5510663c131f1e0d85fececd81507280777f3181c0bb2b4701d0b,2.975788196999929,
formal,rte,albert-base-v2,256,256,2,fp32_gpu,PASS,fp32_gpu,cuda,fp32,none,8,8,8,1,5,3,0.5546875,0.5384615384615384,44.58638572692871,1.0428682062496364,958.8939369397414,117.10009765625,512,512,256,"{""0"":256,""1"":256}","{""0"":256,""1"":256}","{""0"":128,""1"":128}",fe706371e90e51e67f00169a8095c8518982393e2125222fff5cffdaa49030c3,6ca1734daf9b2f23cb1ebde27c0b0a11841a514bdda8c82f2389498e4c3c915c,d553ccc02ee5510663c131f1e0d85fececd81507280777f3181c0bb2b4701d0b,2.975788196999929,
formal,rte,albert-base-v2,256,256,2,bf16_gpu,PASS,fp32_gpu,cuda,bf16,none,8,8,8,1,5,3,0.5546875,0.5384615384615384,44.58638572692871,0.962909781250687,1038.5188929134542,119.27880859375,512,512,256,"{""0"":256,""1"":256}","{""0"":256,""1"":256}","{""0"":128,""1"":128}",fe706371e90e51e67f00169a8095c8518982393e2125222fff5cffdaa49030c3,6ca1734daf9b2f23cb1ebde27c0b0a11841a514bdda8c82f2389498e4c3c915c,d553ccc02ee5510663c131f1e0d85fececd81507280777f3181c0bb2b4701d0b,2.975788196999929,
formal,rte,albert-base-v2,256,256,3,fp32_cpu,PASS,fp32_cpu,cpu,fp32,none,8,8,8,1,5,3,0.5,0.4294867330594052,44.58638572692871,55.80499896406366,17.919541592393234,0.0,512,512,256,"{""0"":256,""1"":256}","{""0"":256,""1"":256}","{""0"":128,""1"":128}",c4853441fae6deba6afd540ff0d8fdd45a0455df76f19814a56367132c15c833,33ec27d269136c521882fa7e78bc8f1c43d15a51d01d67f99baa5bda041522a5,3771cdb7f17da7fa4cadde788a2aa984aca31850931f0868df566395bb9571a0,3.248932936003257,
formal,rte,albert-base-v2,256,256,3,dynamic_int8_cpu,PASS,fp32_cpu,cpu,int8_dynamic,dynamic_int8_linear,8,8,8,1,5,3,0.4921875,0.36098310291858676,22.370460510253906,39.03040886484348,25.621048538406342,0.0,512,512,256,"{""0"":256,""1"":256}","{""0"":256,""1"":256}","{""0"":128,""1"":128}",c4853441fae6deba6afd540ff0d8fdd45a0455df76f19814a56367132c15c833,33ec27d269136c521882fa7e78bc8f1c43d15a51d01d67f99baa5bda041522a5,3771cdb7f17da7fa4cadde788a2aa984aca31850931f0868df566395bb9571a0,3.248932936003257,
formal,rte,albert-base-v2,256,256,3,fp32_gpu,PASS,fp32_gpu,cuda,fp32,none,8,8,8,1,5,3,0.5,0.4294867330594052,44.58638572692871,1.0417261874977157,959.9451487363062,117.10009765625,512,512,256,"{""0"":256,""1"":256}","{""0"":256,""1"":256}","{""0"":128,""1"":128}",c4853441fae6deba6afd540ff0d8fdd45a0455df76f19814a56367132c15c833,33ec27d269136c521882fa7e78bc8f1c43d15a51d01d67f99baa5bda041522a5,3771cdb7f17da7fa4cadde788a2aa984aca31850931f0868df566395bb9571a0,3.248932936003257,
formal,rte,albert-base-v2,256,256,3,bf16_gpu,PASS,fp32_gpu,cuda,bf16,none,8,8,8,1,5,3,0.50390625,0.4321543969958956,44.58638572692871,0.9275012031253027,1078.165717338593,119.27880859375,512,512,256,"{""0"":256,""1"":256}","{""0"":256,""1"":256}","{""0"":128,""1"":128}",c4853441fae6deba6afd540ff0d8fdd45a0455df76f19814a56367132c15c833,33ec27d269136c521882fa7e78bc8f1c43d15a51d01d67f99baa5bda041522a5,3771cdb7f17da7fa4cadde788a2aa984aca31850931f0868df566395bb9571a0,3.248932936003257,
formal,rte,albert-base-v2,256,256,4,fp32_cpu,PASS,fp32_cpu,cpu,fp32,none,8,8,8,1,5,3,0.53515625,0.4889190866844498,44.58638572692871,55.266112760153874,18.094270612804642,0.0,512,512,256,"{""0"":256,""1"":256}","{""0"":256,""1"":256}","{""0"":128,""1"":128}",972f85b7d03c5349c95c25bde4ff79aeacfe207ad7ac0881b7aa436717f70c9b,dd3a7c83b54ce3356081902da9fc6cd58e9e5444174317ec9061eef7c9b8da18,f9379a1972ce4c0cd0630f64593550cd9738c2237e7c1770627c631eb5736a9a,3.0766539369979,
formal,rte,albert-base-v2,256,256,4,dynamic_int8_cpu,PASS,fp32_cpu,cpu,int8_dynamic,dynamic_int8_linear,8,8,8,1,5,3,0.48828125,0.3644512668902913,22.370460510253906,38.626550250000946,25.888928561513865,0.0,512,512,256,"{""0"":256,""1"":256}","{""0"":256,""1"":256}","{""0"":128,""1"":128}",972f85b7d03c5349c95c25bde4ff79aeacfe207ad7ac0881b7aa436717f70c9b,dd3a7c83b54ce3356081902da9fc6cd58e9e5444174317ec9061eef7c9b8da18,f9379a1972ce4c0cd0630f64593550cd9738c2237e7c1770627c631eb5736a9a,3.0766539369979,
formal,rte,albert-base-v2,256,256,4,fp32_gpu,PASS,fp32_gpu,cuda,fp32,none,8,8,8,1,5,3,0.53515625,0.4889190866844498,44.58638572692871,1.0105841804687543,989.5266711340713,117.10009765625,512,512,256,"{""0"":256,""1"":256}","{""0"":256,""1"":256}","{""0"":128,""1"":128}",972f85b7d03c5349c95c25bde4ff79aeacfe207ad7ac0881b7aa436717f70c9b,dd3a7c83b54ce3356081902da9fc6cd58e9e5444174317ec9061eef7c9b8da18,f9379a1972ce4c0cd0630f64593550cd9738c2237e7c1770627c631eb5736a9a,3.0766539369979,
formal,rte,albert-base-v2,256,256,4,bf16_gpu,PASS,fp32_gpu,cuda,bf16,none,8,8,8,1,5,3,0.54296875,0.49750868186622377,44.58638572692871,0.8645314476552812,1156.6959220652143,119.27880859375,512,512,256,"{""0"":256,""1"":256}","{""0"":256,""1"":256}","{""0"":128,""1"":128}",972f85b7d03c5349c95c25bde4ff79aeacfe207ad7ac0881b7aa436717f70c9b,dd3a7c83b54ce3356081902da9fc6cd58e9e5444174317ec9061eef7c9b8da18,f9379a1972ce4c0cd0630f64593550cd9738c2237e7c1770627c631eb5736a9a,3.0766539369979,
formal,rte,albert-base-v2,256,256,5,fp32_cpu,PASS,fp32_cpu,cpu,fp32,none,8,8,8,1,5,3,0.58984375,0.5865060685772301,44.58638572692871,52.02977926953167,19.219762490624174,0.0,512,512,256,"{""0"":256,""1"":256}","{""0"":256,""1"":256}","{""0"":128,""1"":128}",974d34d4181522f5aed7c00e80e30690f3cbd6b02b190a313736211e6cda85aa,2fa744f91dadb8cba8e9265850938ffc4b4d8b5a3f61eeb50b40002d1fa1ba06,67828c93b9c81369eafccbe11a62edacef310753a7278a3b41c81ab41105204c,3.013255324000056,
formal,rte,albert-base-v2,256,256,5,dynamic_int8_cpu,PASS,fp32_cpu,cpu,int8_dynamic,dynamic_int8_linear,8,8,8,1,5,3,0.5,0.4056446346949141,22.370460510253906,36.91637134140535,27.088252817481045,0.0,512,512,256,"{""0"":256,""1"":256}","{""0"":256,""1"":256}","{""0"":128,""1"":128}",974d34d4181522f5aed7c00e80e30690f3cbd6b02b190a313736211e6cda85aa,2fa744f91dadb8cba8e9265850938ffc4b4d8b5a3f61eeb50b40002d1fa1ba06,67828c93b9c81369eafccbe11a62edacef310753a7278a3b41c81ab41105204c,3.013255324000056,
formal,rte,albert-base-v2,256,256,5,fp32_gpu,PASS,fp32_gpu,cuda,fp32,none,8,8,8,1,5,3,0.58984375,0.5865060685772301,44.58638572692871,0.970536732810956,1030.3577043433584,117.10009765625,512,512,256,"{""0"":256,""1"":256}","{""0"":256,""1"":256}","{""0"":128,""1"":128}",974d34d4181522f5aed7c00e80e30690f3cbd6b02b190a313736211e6cda85aa,2fa744f91dadb8cba8e9265850938ffc4b4d8b5a3f61eeb50b40002d1fa1ba06,67828c93b9c81369eafccbe11a62edacef310753a7278a3b41c81ab41105204c,3.013255324000056,
formal,rte,albert-base-v2,256,256,5,bf16_gpu,PASS,fp32_gpu,cuda,bf16,none,8,8,8,1,5,3,0.59375,0.5901477832512315,44.58638572692871,0.8851516765645329,1129.74987957004,119.27880859375,512,512,256,"{""0"":256,""1"":256}","{""0"":256,""1"":256}","{""0"":128,""1"":128}",974d34d4181522f5aed7c00e80e30690f3cbd6b02b190a313736211e6cda85aa,2fa744f91dadb8cba8e9265850938ffc4b4d8b5a3f61eeb50b40002d1fa1ba06,67828c93b9c81369eafccbe11a62edacef310753a7278a3b41c81ab41105204c,3.013255324000056,
formal,cola,albert-base-v2,64,64,1,fp32_cpu,PASS,fp32_cpu,cpu,fp32,none,8,8,8,1,5,3,0.55078125,0.5422245028066738,44.58638572692871,12.183793581249347,82.07624278360913,0.0,128,128,256,"{""0"":64,""1"":64}","{""0"":64,""1"":64}","{""0"":128,""1"":128}",12b352b8b06621426077b631d59d86efcd6b1257419484dc7713b3accebcd73c,f58713bc7a06aa7dbd353ccff087ac9289faa604916605172533aeb9525cebfa,7cb6540edb387dd3481d4b27ee1d7fb77ed826955e50e0f31def6ce0488f18e5,0.4394048770009249,
formal,cola,albert-base-v2,64,64,1,dynamic_int8_cpu,PASS,fp32_cpu,cpu,int8_dynamic,dynamic_int8_linear,8,8,8,1,5,3,0.484375,0.3727353727353727,22.370460510253906,8.629971951560833,115.8752317635445,0.0,128,128,256,"{""0"":64,""1"":64}","{""0"":64,""1"":64}","{""0"":128,""1"":128}",12b352b8b06621426077b631d59d86efcd6b1257419484dc7713b3accebcd73c,f58713bc7a06aa7dbd353ccff087ac9289faa604916605172533aeb9525cebfa,7cb6540edb387dd3481d4b27ee1d7fb77ed826955e50e0f31def6ce0488f18e5,0.4394048770009249,
formal,cola,albert-base-v2,64,64,1,fp32_gpu,PASS,fp32_gpu,cuda,fp32,none,8,8,8,1,5,3,0.55078125,0.5422245028066738,44.58638572692871,0.8406550039069316,1189.5486202455406,74.97412109375,128,128,256,"{""0"":64,""1"":64}","{""0"":64,""1"":64}","{""0"":128,""1"":128}",12b352b8b06621426077b631d59d86efcd6b1257419484dc7713b3accebcd73c,f58713bc7a06aa7dbd353ccff087ac9289faa604916605172533aeb9525cebfa,7cb6540edb387dd3481d4b27ee1d7fb77ed826955e50e0f31def6ce0488f18e5,0.4394048770009249,
formal,cola,albert-base-v2,64,64,1,bf16_gpu,PASS,fp32_gpu,cuda,bf16,none,8,8,8,1,5,3,0.546875,0.5366660425638146,44.58638572692871,0.9363975914084222,1067.922439330407,87.52783203125,128,128,256,"{""0"":64,""1"":64}","{""0"":64,""1"":64}","{""0"":128,""1"":128}",12b352b8b06621426077b631d59d86efcd6b1257419484dc7713b3accebcd73c,f58713bc7a06aa7dbd353ccff087ac9289faa604916605172533aeb9525cebfa,7cb6540edb387dd3481d4b27ee1d7fb77ed826955e50e0f31def6ce0488f18e5,0.4394048770009249,
formal,cola,albert-base-v2,64,64,2,fp32_cpu,PASS,fp32_cpu,cpu,fp32,none,8,8,8,1,5,3,0.53125,0.5182838863451045,44.58638572692871,13.783299977342267,72.55156614481685,0.0,128,128,256,"{""0"":64,""1"":64}","{""0"":64,""1"":64}","{""0"":128,""1"":128}",8af18db1705bb70e4da78112087a7b514160002ccfcc0dca809b154f2a70b793,90963ef289ff7412e8a707e00a6ddd76ad471c27501bbdf56783c3af13b47bae,02ac1f565d927124661a2001a47ea17e248cea231a907751729abe0e7ca03956,0.5061349650022748,
formal,cola,albert-base-v2,64,64,2,dynamic_int8_cpu,PASS,fp32_cpu,cpu,int8_dynamic,dynamic_int8_linear,8,8,8,1,5,3,0.51171875,0.463150301139128,22.370460510253906,8.688837546873174,115.09019412612531,0.0,128,128,256,"{""0"":64,""1"":64}","{""0"":64,""1"":64}","{""0"":128,""1"":128}",8af18db1705bb70e4da78112087a7b514160002ccfcc0dca809b154f2a70b793,90963ef289ff7412e8a707e00a6ddd76ad471c27501bbdf56783c3af13b47bae,02ac1f565d927124661a2001a47ea17e248cea231a907751729abe0e7ca03956,0.5061349650022748,
formal,cola,albert-base-v2,64,64,2,fp32_gpu,PASS,fp32_gpu,cuda,fp32,none,8,8,8,1,5,3,0.53125,0.5182838863451045,44.58638572692871,0.8110445351576345,1232.9779150853167,76.52392578125,128,128,256,"{""0"":64,""1"":64}","{""0"":64,""1"":64}","{""0"":128,""1"":128}",8af18db1705bb70e4da78112087a7b514160002ccfcc0dca809b154f2a70b793,90963ef289ff7412e8a707e00a6ddd76ad471c27501bbdf56783c3af13b47bae,02ac1f565d927124661a2001a47ea17e248cea231a907751729abe0e7ca03956,0.5061349650022748,
formal,cola,albert-base-v2,64,64,2,bf16_gpu,PASS,fp32_gpu,cuda,bf16,none,8,8,8,1,5,3,0.515625,0.502226682556608,44.58638572692871,0.8947031992192933,1117.6890849083666,88.85888671875,128,128,256,"{""0"":64,""1"":64}","{""0"":64,""1"":64}","{""0"":128,""1"":128}",8af18db1705bb70e4da78112087a7b514160002ccfcc0dca809b154f2a70b793,90963ef289ff7412e8a707e00a6ddd76ad471c27501bbdf56783c3af13b47bae,02ac1f565d927124661a2001a47ea17e248cea231a907751729abe0e7ca03956,0.5061349650022748,
formal,cola,albert-base-v2,64,64,3,fp32_cpu,PASS,fp32_cpu,cpu,fp32,none,8,8,8,1,5,3,0.54296875,0.5191291922873151,44.58638572692871,13.632031932030486,73.35663567881991,0.0,128,128,256,"{""0"":64,""1"":64}","{""0"":64,""1"":64}","{""0"":128,""1"":128}",b61dbb092fab7a1993db634e2a2ec5a7b2ab4a38e34ae8532bcd098106a5fbe1,9669cc29945d46b903df1930338df9feaa0010d656d1226130fc552925fe988f,60f117e2ced29d6b4a92b43d6fb9768f1bd4c13e658b4a19663fd8337ca633d5,0.43150972399962484,
formal,cola,albert-base-v2,64,64,3,dynamic_int8_cpu,PASS,fp32_cpu,cpu,int8_dynamic,dynamic_int8_linear,8,8,8,1,5,3,0.52734375,0.5234974695032842,22.370460510253906,9.384953419530007,106.55353897857486,0.0,128,128,256,"{""0"":64,""1"":64}","{""0"":64,""1"":64}","{""0"":128,""1"":128}",b61dbb092fab7a1993db634e2a2ec5a7b2ab4a38e34ae8532bcd098106a5fbe1,9669cc29945d46b903df1930338df9feaa0010d656d1226130fc552925fe988f,60f117e2ced29d6b4a92b43d6fb9768f1bd4c13e658b4a19663fd8337ca633d5,0.43150972399962484,
formal,cola,albert-base-v2,64,64,3,fp32_gpu,PASS,fp32_gpu,cuda,fp32,none,8,8,8,1,5,3,0.54296875,0.5191291922873151,44.58638572692871,0.8019193007811509,1247.0082700664498,76.52392578125,128,128,256,"{""0"":64,""1"":64}","{""0"":64,""1"":64}","{""0"":128,""1"":128}",b61dbb092fab7a1993db634e2a2ec5a7b2ab4a38e34ae8532bcd098106a5fbe1,9669cc29945d46b903df1930338df9feaa0010d656d1226130fc552925fe988f,60f117e2ced29d6b4a92b43d6fb9768f1bd4c13e658b4a19663fd8337ca633d5,0.43150972399962484,
formal,cola,albert-base-v2,64,64,3,bf16_gpu,PASS,fp32_gpu,cuda,bf16,none,8,8,8,1,5,3,0.5546875,0.5339508144362823,44.58638572692871,0.8912051593739534,1122.076089306386,88.85888671875,128,128,256,"{""0"":64,""1"":64}","{""0"":64,""1"":64}","{""0"":128,""1"":128}",b61dbb092fab7a1993db634e2a2ec5a7b2ab4a38e34ae8532bcd098106a5fbe1,9669cc29945d46b903df1930338df9feaa0010d656d1226130fc552925fe988f,60f117e2ced29d6b4a92b43d6fb9768f1bd4c13e658b4a19663fd8337ca633d5,0.43150972399962484,
formal,cola,albert-base-v2,64,64,4,fp32_cpu,PASS,fp32_cpu,cpu,fp32,none,8,8,8,1,5,3,0.4921875,0.4049917757276693,44.58638572692871,14.192611946873512,70.45919410347084,0.0,128,128,256,"{""0"":64,""1"":64}","{""0"":64,""1"":64}","{""0"":128,""1"":128}",a920fac5d9ae5406c86338b03bc23c2ddd37f06923d2d26e53fda13983ea5c43,06c239fd2a65b1547ac8752ea38fff643501c76816702e8e216b64af7afb11b3,587fc2aeae74fa789489abced261c22aab81d7498388b9831b9efa02ea7523b8,0.4220139659992128,
formal,cola,albert-base-v2,64,64,4,dynamic_int8_cpu,PASS,fp32_cpu,cpu,int8_dynamic,dynamic_int8_linear,8,8,8,1,5,3,0.51171875,0.4543625419885075,22.370460510253906,9.639963842968768,103.73482891529552,0.0,128,128,256,"{""0"":64,""1"":64}","{""0"":64,""1"":64}","{""0"":128,""1"":128}",a920fac5d9ae5406c86338b03bc23c2ddd37f06923d2d26e53fda13983ea5c43,06c239fd2a65b1547ac8752ea38fff643501c76816702e8e216b64af7afb11b3,587fc2aeae74fa789489abced261c22aab81d7498388b9831b9efa02ea7523b8,0.4220139659992128,
formal,cola,albert-base-v2,64,64,4,fp32_gpu,PASS,fp32_gpu,cuda,fp32,none,8,8,8,1,5,3,0.4921875,0.4049917757276693,44.58638572692871,0.7972524421859362,1254.307854182501,77.37646484375,128,128,256,"{""0"":64,""1"":64}","{""0"":64,""1"":64}","{""0"":128,""1"":128}",a920fac5d9ae5406c86338b03bc23c2ddd37f06923d2d26e53fda13983ea5c43,06c239fd2a65b1547ac8752ea38fff643501c76816702e8e216b64af7afb11b3,587fc2aeae74fa789489abced261c22aab81d7498388b9831b9efa02ea7523b8,0.4220139659992128,
formal,cola,albert-base-v2,64,64,4,bf16_gpu,PASS,fp32_gpu,cuda,bf16,none,8,8,8,1,5,3,0.4921875,0.4049917757276693,44.58638572692871,0.8887187867173907,1125.2153267667968,89.52392578125,128,128,256,"{""0"":64,""1"":64}","{""0"":64,""1"":64}","{""0"":128,""1"":128}",a920fac5d9ae5406c86338b03bc23c2ddd37f06923d2d26e53fda13983ea5c43,06c239fd2a65b1547ac8752ea38fff643501c76816702e8e216b64af7afb11b3,587fc2aeae74fa789489abced261c22aab81d7498388b9831b9efa02ea7523b8,0.4220139659992128,
formal,cola,albert-base-v2,64,64,5,fp32_cpu,PASS,fp32_cpu,cpu,fp32,none,8,8,8,1,5,3,0.57421875,0.5268503603221705,44.58638572692871,14.314459851561878,69.85942958168192,0.0,128,128,256,"{""0"":64,""1"":64}","{""0"":64,""1"":64}","{""0"":128,""1"":128}",00f311283d0669920925449e963d3ca54b2c99299e6885bd5c7ca5b9335f5269,ff88fe79e678a2784f0b7209fa8096d02f0b9454578221b4bfe754aad8e9d110,3c3493c9897b59ae64d17280d6d1e83a069d4c86cfaa894225c6cbd65e18d009,0.45240834599826485,
formal,cola,albert-base-v2,64,64,5,dynamic_int8_cpu,PASS,fp32_cpu,cpu,int8_dynamic,dynamic_int8_linear,8,8,8,1,5,3,0.52734375,0.5008299089517364,22.370460510253906,9.875479624218997,101.26090458913636,0.0,128,128,256,"{""0"":64,""1"":64}","{""0"":64,""1"":64}","{""0"":128,""1"":128}",00f311283d0669920925449e963d3ca54b2c99299e6885bd5c7ca5b9335f5269,ff88fe79e678a2784f0b7209fa8096d02f0b9454578221b4bfe754aad8e9d110,3c3493c9897b59ae64d17280d6d1e83a069d4c86cfaa894225c6cbd65e18d009,0.45240834599826485,
formal,cola,albert-base-v2,64,64,5,fp32_gpu,PASS,fp32_gpu,cuda,fp32,none,8,8,8,1,5,3,0.57421875,0.5268503603221705,44.58638572692871,0.8561828867186705,1167.9747580946287,76.52392578125,128,128,256,"{""0"":64,""1"":64}","{""0"":64,""1"":64}","{""0"":128,""1"":128}",00f311283d0669920925449e963d3ca54b2c99299e6885bd5c7ca5b9335f5269,ff88fe79e678a2784f0b7209fa8096d02f0b9454578221b4bfe754aad8e9d110,3c3493c9897b59ae64d17280d6d1e83a069d4c86cfaa894225c6cbd65e18d009,0.45240834599826485,
formal,cola,albert-base-v2,64,64,5,bf16_gpu,PASS,fp32_gpu,cuda,bf16,none,8,8,8,1,5,3,0.57421875,0.5268503603221705,44.58638572692871,0.9608878273439814,1040.7042024500713,88.85888671875,128,128,256,"{""0"":64,""1"":64}","{""0"":64,""1"":64}","{""0"":128,""1"":128}",00f311283d0669920925449e963d3ca54b2c99299e6885bd5c7ca5b9335f5269,ff88fe79e678a2784f0b7209fa8096d02f0b9454578221b4bfe754aad8e9d110,3c3493c9897b59ae64d17280d6d1e83a069d4c86cfaa894225c6cbd65e18d009,0.45240834599826485,
formal,cola,albert-base-v2,128,128,1,fp32_cpu,PASS,fp32_cpu,cpu,fp32,none,8,8,8,1,5,3,0.5546875,0.5339508144362823,44.58638572692871,12.776399058591892,78.26931480568608,0.0,256,256,256,"{""0"":128,""1"":128}","{""0"":128,""1"":128}","{""0"":128,""1"":128}",b09a3011a8138920899a656c521104660db65e6a51e52fe744716a107f0cbfdc,332cbd51e3620696496a8c8840eff2b7fb998b280410237b3289f5c1deba43b3,7cb6540edb387dd3481d4b27ee1d7fb77ed826955e50e0f31def6ce0488f18e5,0.8997147720001522,
formal,cola,albert-base-v2,128,128,1,dynamic_int8_cpu,PASS,fp32_cpu,cpu,int8_dynamic,dynamic_int8_linear,8,8,8,1,5,3,0.50390625,0.448715557439593,22.370460510253906,8.308928146092853,120.35246693885959,0.0,256,256,256,"{""0"":128,""1"":128}","{""0"":128,""1"":128}","{""0"":128,""1"":128}",b09a3011a8138920899a656c521104660db65e6a51e52fe744716a107f0cbfdc,332cbd51e3620696496a8c8840eff2b7fb998b280410237b3289f5c1deba43b3,7cb6540edb387dd3481d4b27ee1d7fb77ed826955e50e0f31def6ce0488f18e5,0.8997147720001522,
formal,cola,albert-base-v2,128,128,1,fp32_gpu,PASS,fp32_gpu,cuda,fp32,none,8,8,8,1,5,3,0.5546875,0.5339508144362823,44.58638572692871,0.787554679689606,1269.7531051356634,74.97412109375,256,256,256,"{""0"":128,""1"":128}","{""0"":128,""1"":128}","{""0"":128,""1"":128}",b09a3011a8138920899a656c521104660db65e6a51e52fe744716a107f0cbfdc,332cbd51e3620696496a8c8840eff2b7fb998b280410237b3289f5c1deba43b3,7cb6540edb387dd3481d4b27ee1d7fb77ed826955e50e0f31def6ce0488f18e5,0.8997147720001522,
formal,cola,albert-base-v2,128,128,1,bf16_gpu,PASS,fp32_gpu,cuda,bf16,none,8,8,8,1,5,3,0.55078125,0.5290428884516325,44.58638572692871,0.925024106248884,1081.0529079670744,87.52783203125,256,256,256,"{""0"":128,""1"":128}","{""0"":128,""1"":128}","{""0"":128,""1"":128}",b09a3011a8138920899a656c521104660db65e6a51e52fe744716a107f0cbfdc,332cbd51e3620696496a8c8840eff2b7fb998b280410237b3289f5c1deba43b3,7cb6540edb387dd3481d4b27ee1d7fb77ed826955e50e0f31def6ce0488f18e5,0.8997147720001522,
formal,cola,albert-base-v2,128,128,2,fp32_cpu,PASS,fp32_cpu,cpu,fp32,none,8,8,8,1,5,3,0.5703125,0.4965315025387971,44.58638572692871,13.486710845310768,74.14706309564669,0.0,256,256,256,"{""0"":128,""1"":128}","{""0"":128,""1"":128}","{""0"":128,""1"":128}",0db76cca0bf9257be46c6144ee7d62c1dd10d75f2c1de947bca7f18a3006044a,930ca6b81ea183d36b92bbcb7d7139c00f5eea0eb684817a61f10ac187823d88,02ac1f565d927124661a2001a47ea17e248cea231a907751729abe0e7ca03956,0.8722815500004799,
formal,cola,albert-base-v2,128,128,2,dynamic_int8_cpu,PASS,fp32_cpu,cpu,int8_dynamic,dynamic_int8_linear,8,8,8,1,5,3,0.5390625,0.536231884057971,22.370460510253906,8.946920736718766,111.77029834364492,0.0,256,256,256,"{""0"":128,""1"":128}","{""0"":128,""1"":128}","{""0"":128,""1"":128}",0db76cca0bf9257be46c6144ee7d62c1dd10d75f2c1de947bca7f18a3006044a,930ca6b81ea183d36b92bbcb7d7139c00f5eea0eb684817a61f10ac187823d88,02ac1f565d927124661a2001a47ea17e248cea231a907751729abe0e7ca03956,0.8722815500004799,
formal,cola,albert-base-v2,128,128,2,fp32_gpu,PASS,fp32_gpu,cuda,fp32,none,8,8,8,1,5,3,0.5703125,0.4965315025387971,44.58638572692871,0.8307223851545587,1203.7715822644489,76.52392578125,256,256,256,"{""0"":128,""1"":128}","{""0"":128,""1"":128}","{""0"":128,""1"":128}",0db76cca0bf9257be46c6144ee7d62c1dd10d75f2c1de947bca7f18a3006044a,930ca6b81ea183d36b92bbcb7d7139c00f5eea0eb684817a61f10ac187823d88,02ac1f565d927124661a2001a47ea17e248cea231a907751729abe0e7ca03956,0.8722815500004799,
formal,cola,albert-base-v2,128,128,2,bf16_gpu,PASS,fp32_gpu,cuda,bf16,none,8,8,8,1,5,3,0.5703125,0.4965315025387971,44.58638572692871,0.9231567828123843,1083.2396171682929,88.85888671875,256,256,256,"{""0"":128,""1"":128}","{""0"":128,""1"":128}","{""0"":128,""1"":128}",0db76cca0bf9257be46c6144ee7d62c1dd10d75f2c1de947bca7f18a3006044a,930ca6b81ea183d36b92bbcb7d7139c00f5eea0eb684817a61f10ac187823d88,02ac1f565d927124661a2001a47ea17e248cea231a907751729abe0e7ca03956,0.8722815500004799,
formal,cola,albert-base-v2,128,128,3,fp32_cpu,PASS,fp32_cpu,cpu,fp32,none,8,8,8,1,5,3,0.6015625,0.5481727574750831,44.58638572692871,13.303571314062879,75.16778588189507,0.0,256,256,256,"{""0"":128,""1"":128}","{""0"":128,""1"":128}","{""0"":128,""1"":128}",3978a5e8b5057a812b76ea67fe73e00742c44fa4cca524b0c708e8f6b2b2793d,488633da8e212db7cb627003c532777859bc0685b53d623914288533c2390ea6,60f117e2ced29d6b4a92b43d6fb9768f1bd4c13e658b4a19663fd8337ca633d5,0.862779323997529,
formal,cola,albert-base-v2,128,128,3,dynamic_int8_cpu,PASS,fp32_cpu,cpu,int8_dynamic,dynamic_int8_linear,8,8,8,1,5,3,0.49609375,0.49479094956170544,22.370460510253906,9.15419769843595,109.23950224178094,0.0,256,256,256,"{""0"":128,""1"":128}","{""0"":128,""1"":128}","{""0"":128,""1"":128}",3978a5e8b5057a812b76ea67fe73e00742c44fa4cca524b0c708e8f6b2b2793d,488633da8e212db7cb627003c532777859bc0685b53d623914288533c2390ea6,60f117e2ced29d6b4a92b43d6fb9768f1bd4c13e658b4a19663fd8337ca633d5,0.862779323997529,
formal,cola,albert-base-v2,128,128,3,fp32_gpu,PASS,fp32_gpu,cuda,fp32,none,8,8,8,1,5,3,0.6015625,0.5481727574750831,44.58638572692871,0.8500243820321884,1176.4368424459292,76.52392578125,256,256,256,"{""0"":128,""1"":128}","{""0"":128,""1"":128}","{""0"":128,""1"":128}",3978a5e8b5057a812b76ea67fe73e00742c44fa4cca524b0c708e8f6b2b2793d,488633da8e212db7cb627003c532777859bc0685b53d623914288533c2390ea6,60f117e2ced29d6b4a92b43d6fb9768f1bd4c13e658b4a19663fd8337ca633d5,0.862779323997529,
formal,cola,albert-base-v2,128,128,3,bf16_gpu,PASS,fp32_gpu,cuda,bf16,none,8,8,8,1,5,3,0.59765625,0.5423414041482253,44.58638572692871,0.9347578656274891,1069.7957586360772,88.85888671875,256,256,256,"{""0"":128,""1"":128}","{""0"":128,""1"":128}","{""0"":128,""1"":128}",3978a5e8b5057a812b76ea67fe73e00742c44fa4cca524b0c708e8f6b2b2793d,488633da8e212db7cb627003c532777859bc0685b53d623914288533c2390ea6,60f117e2ced29d6b4a92b43d6fb9768f1bd4c13e658b4a19663fd8337ca633d5,0.862779323997529,
formal,cola,albert-base-v2,128,128,4,fp32_cpu,PASS,fp32_cpu,cpu,fp32,none,8,8,8,1,5,3,0.5,0.3333333333333333,44.58638572692871,15.131641278907182,66.0866842907487,0.0,256,256,256,"{""0"":128,""1"":128}","{""0"":128,""1"":128}","{""0"":128,""1"":128}",58526d41f27316b8968ef093274f46dc10eb8878a9311dc1c7ebb6259842f858,fa53d2826820447d1b4f3a48788bc097be2a88cf19ee2163b864627f1d14cf3e,587fc2aeae74fa789489abced261c22aab81d7498388b9831b9efa02ea7523b8,0.8986058670016064,
formal,cola,albert-base-v2,128,128,4,dynamic_int8_cpu,PASS,fp32_cpu,cpu,int8_dynamic,dynamic_int8_linear,8,8,8,1,5,3,0.5234375,0.46895191457525676,22.370460510253906,10.056683414060785,99.43636075903977,0.0,256,256,256,"{""0"":128,""1"":128}","{""0"":128,""1"":128}","{""0"":128,""1"":128}",58526d41f27316b8968ef093274f46dc10eb8878a9311dc1c7ebb6259842f858,fa53d2826820447d1b4f3a48788bc097be2a88cf19ee2163b864627f1d14cf3e,587fc2aeae74fa789489abced261c22aab81d7498388b9831b9efa02ea7523b8,0.8986058670016064,
formal,cola,albert-base-v2,128,128,4,fp32_gpu,PASS,fp32_gpu,cuda,fp32,none,8,8,8,1,5,3,0.5,0.3333333333333333,44.58638572692871,0.8342851218742453,1198.6309881128786,77.37646484375,256,256,256,"{""0"":128,""1"":128}","{""0"":128,""1"":128}","{""0"":128,""1"":128}",58526d41f27316b8968ef093274f46dc10eb8878a9311dc1c7ebb6259842f858,fa53d2826820447d1b4f3a48788bc097be2a88cf19ee2163b864627f1d14cf3e,587fc2aeae74fa789489abced261c22aab81d7498388b9831b9efa02ea7523b8,0.8986058670016064,
formal,cola,albert-base-v2,128,128,4,bf16_gpu,PASS,fp32_gpu,cuda,bf16,none,8,8,8,1,5,3,0.5,0.3333333333333333,44.58638572692871,0.9209599906256472,1085.8234995861847,89.52392578125,256,256,256,"{""0"":128,""1"":128}","{""0"":128,""1"":128}","{""0"":128,""1"":128}",58526d41f27316b8968ef093274f46dc10eb8878a9311dc1c7ebb6259842f858,fa53d2826820447d1b4f3a48788bc097be2a88cf19ee2163b864627f1d14cf3e,587fc2aeae74fa789489abced261c22aab81d7498388b9831b9efa02ea7523b8,0.8986058670016064,
formal,cola,albert-base-v2,128,128,5,fp32_cpu,PASS,fp32_cpu,cpu,fp32,none,8,8,8,1,5,3,0.50390625,0.3486005089058524,44.58638572692871,14.030604033592908,71.27276898455266,0.0,256,256,256,"{""0"":128,""1"":128}","{""0"":128,""1"":128}","{""0"":128,""1"":128}",a5b7a0937396530509d783793a40cfc28a8ae4eee611bed2eb42bc49b1d581b3,167df40198f1d8701eb1c6d855e66f7d6c9a229cb293d2c0c6db9cd91f8297b5,3c3493c9897b59ae64d17280d6d1e83a069d4c86cfaa894225c6cbd65e18d009,0.8747497060030582,
formal,cola,albert-base-v2,128,128,5,dynamic_int8_cpu,PASS,fp32_cpu,cpu,int8_dynamic,dynamic_int8_linear,8,8,8,1,5,3,0.5,0.34673046251993617,22.370460510253906,9.405084287499221,106.32546922829295,0.0,256,256,256,"{""0"":128,""1"":128}","{""0"":128,""1"":128}","{""0"":128,""1"":128}",a5b7a0937396530509d783793a40cfc28a8ae4eee611bed2eb42bc49b1d581b3,167df40198f1d8701eb1c6d855e66f7d6c9a229cb293d2c0c6db9cd91f8297b5,3c3493c9897b59ae64d17280d6d1e83a069d4c86cfaa894225c6cbd65e18d009,0.8747497060030582,
formal,cola,albert-base-v2,128,128,5,fp32_gpu,PASS,fp32_gpu,cuda,fp32,none,8,8,8,1,5,3,0.50390625,0.3486005089058524,44.58638572692871,0.8268928734395331,1209.346497135007,76.52392578125,256,256,256,"{""0"":128,""1"":128}","{""0"":128,""1"":128}","{""0"":128,""1"":128}",a5b7a0937396530509d783793a40cfc28a8ae4eee611bed2eb42bc49b1d581b3,167df40198f1d8701eb1c6d855e66f7d6c9a229cb293d2c0c6db9cd91f8297b5,3c3493c9897b59ae64d17280d6d1e83a069d4c86cfaa894225c6cbd65e18d009,0.8747497060030582,
formal,cola,albert-base-v2,128,128,5,bf16_gpu,PASS,fp32_gpu,cuda,bf16,none,8,8,8,1,5,3,0.50390625,0.3486005089058524,44.58638572692871,0.9114024945318988,1097.2100756796867,88.85888671875,256,256,256,"{""0"":128,""1"":128}","{""0"":128,""1"":128}","{""0"":128,""1"":128}",a5b7a0937396530509d783793a40cfc28a8ae4eee611bed2eb42bc49b1d581b3,167df40198f1d8701eb1c6d855e66f7d6c9a229cb293d2c0c6db9cd91f8297b5,3c3493c9897b59ae64d17280d6d1e83a069d4c86cfaa894225c6cbd65e18d009,0.8747497060030582,
formal,cola,albert-base-v2,256,256,1,fp32_cpu,PASS,fp32_cpu,cpu,fp32,none,8,8,8,1,5,3,0.671875,0.6618867924528302,44.58638572692871,12.620994212500136,79.2330606577393,0.0,512,512,256,"{""0"":256,""1"":256}","{""0"":256,""1"":256}","{""0"":128,""1"":128}",dfcaa04d0520a9e2a3b7851083c1798722d79edda33d7d4bc8740b7c00cee644,d51fc2a3bc339ba0c3a34b4a6989b4573566990c211349ea8fc6b8f3ad30de89,7cb6540edb387dd3481d4b27ee1d7fb77ed826955e50e0f31def6ce0488f18e5,2.4164895780013467,
formal,cola,albert-base-v2,256,256,1,dynamic_int8_cpu,PASS,fp32_cpu,cpu,int8_dynamic,dynamic_int8_linear,8,8,8,1,5,3,0.4765625,0.47627480916030535,22.370460510253906,7.824488736719103,127.80387749900592,0.0,512,512,256,"{""0"":256,""1"":256}","{""0"":256,""1"":256}","{""0"":128,""1"":128}",dfcaa04d0520a9e2a3b7851083c1798722d79edda33d7d4bc8740b7c00cee644,d51fc2a3bc339ba0c3a34b4a6989b4573566990c211349ea8fc6b8f3ad30de89,7cb6540edb387dd3481d4b27ee1d7fb77ed826955e50e0f31def6ce0488f18e5,2.4164895780013467,
formal,cola,albert-base-v2,256,256,1,fp32_gpu,PASS,fp32_gpu,cuda,fp32,none,8,8,8,1,5,3,0.671875,0.6618867924528302,44.58638572692871,0.7901136859373992,1265.640651210325,74.97412109375,512,512,256,"{""0"":256,""1"":256}","{""0"":256,""1"":256}","{""0"":128,""1"":128}",dfcaa04d0520a9e2a3b7851083c1798722d79edda33d7d4bc8740b7c00cee644,d51fc2a3bc339ba0c3a34b4a6989b4573566990c211349ea8fc6b8f3ad30de89,7cb6540edb387dd3481d4b27ee1d7fb77ed826955e50e0f31def6ce0488f18e5,2.4164895780013467,
formal,cola,albert-base-v2,256,256,1,bf16_gpu,PASS,fp32_gpu,cuda,bf16,none,8,8,8,1,5,3,0.67578125,0.6663683326267527,44.58638572692871,0.9071354914084395,1102.3711556554545,87.52783203125,512,512,256,"{""0"":256,""1"":256}","{""0"":256,""1"":256}","{""0"":128,""1"":128}",dfcaa04d0520a9e2a3b7851083c1798722d79edda33d7d4bc8740b7c00cee644,d51fc2a3bc339ba0c3a34b4a6989b4573566990c211349ea8fc6b8f3ad30de89,7cb6540edb387dd3481d4b27ee1d7fb77ed826955e50e0f31def6ce0488f18e5,2.4164895780013467,
formal,cola,albert-base-v2,256,256,2,fp32_cpu,PASS,fp32_cpu,cpu,fp32,none,8,8,8,1,5,3,0.5,0.3333333333333333,44.58638572692871,13.855515653906991,72.1734235649338,0.0,512,512,256,"{""0"":256,""1"":256}","{""0"":256,""1"":256}","{""0"":128,""1"":128}",e08b96291eb4d2fe7a973b3d4153f54f1bfdba761f2d9c0b413eeced70234931,b40761238ea5f1f396f94f047b77efd8c803ec0b840be8e1a2b9fd313e3ebb70,02ac1f565d927124661a2001a47ea17e248cea231a907751729abe0e7ca03956,1.7264985809997597,
formal,cola,albert-base-v2,256,256,2,dynamic_int8_cpu,PASS,fp32_cpu,cpu,int8_dynamic,dynamic_int8_linear,8,8,8,1,5,3,0.5,0.3333333333333333,22.370460510253906,9.443037817189293,105.89812509060232,0.0,512,512,256,"{""0"":256,""1"":256}","{""0"":256,""1"":256}","{""0"":128,""1"":128}",e08b96291eb4d2fe7a973b3d4153f54f1bfdba761f2d9c0b413eeced70234931,b40761238ea5f1f396f94f047b77efd8c803ec0b840be8e1a2b9fd313e3ebb70,02ac1f565d927124661a2001a47ea17e248cea231a907751729abe0e7ca03956,1.7264985809997597,
formal,cola,albert-base-v2,256,256,2,fp32_gpu,PASS,fp32_gpu,cuda,fp32,none,8,8,8,1,5,3,0.5,0.3333333333333333,44.58638572692871,0.8257202398453956,1211.0639315166065,76.52392578125,512,512,256,"{""0"":256,""1"":256}","{""0"":256,""1"":256}","{""0"":128,""1"":128}",e08b96291eb4d2fe7a973b3d4153f54f1bfdba761f2d9c0b413eeced70234931,b40761238ea5f1f396f94f047b77efd8c803ec0b840be8e1a2b9fd313e3ebb70,02ac1f565d927124661a2001a47ea17e248cea231a907751729abe0e7ca03956,1.7264985809997597,
formal,cola,albert-base-v2,256,256,2,bf16_gpu,PASS,fp32_gpu,cuda,bf16,none,8,8,8,1,5,3,0.5,0.3333333333333333,44.58638572692871,0.9077446429699876,1101.6313979316567,88.85888671875,512,512,256,"{""0"":256,""1"":256}","{""0"":256,""1"":256}","{""0"":128,""1"":128}",e08b96291eb4d2fe7a973b3d4153f54f1bfdba761f2d9c0b413eeced70234931,b40761238ea5f1f396f94f047b77efd8c803ec0b840be8e1a2b9fd313e3ebb70,02ac1f565d927124661a2001a47ea17e248cea231a907751729abe0e7ca03956,1.7264985809997597,
formal,cola,albert-base-v2,256,256,3,fp32_cpu,PASS,fp32_cpu,cpu,fp32,none,8,8,8,1,5,3,0.69140625,0.6786525780567252,44.58638572692871,12.858513534376925,77.76948691048341,0.0,512,512,256,"{""0"":256,""1"":256}","{""0"":256,""1"":256}","{""0"":128,""1"":128}",73a4af8e77835ce59a6ef9a6b3fe9982dd75e66a44eb431d9d8ad380cbf4ca84,6f4beda70cfdf1144fce87c397e0edb93ff8b6ac411f5a55e9f5e3cafd78e662,60f117e2ced29d6b4a92b43d6fb9768f1bd4c13e658b4a19663fd8337ca633d5,1.668779331001133,
formal,cola,albert-base-v2,256,256,3,dynamic_int8_cpu,PASS,fp32_cpu,cpu,int8_dynamic,dynamic_int8_linear,8,8,8,1,5,3,0.5,0.4817813765182186,22.370460510253906,8.72959890703271,114.55280026604468,0.0,512,512,256,"{""0"":256,""1"":256}","{""0"":256,""1"":256}","{""0"":128,""1"":128}",73a4af8e77835ce59a6ef9a6b3fe9982dd75e66a44eb431d9d8ad380cbf4ca84,6f4beda70cfdf1144fce87c397e0edb93ff8b6ac411f5a55e9f5e3cafd78e662,60f117e2ced29d6b4a92b43d6fb9768f1bd4c13e658b4a19663fd8337ca633d5,1.668779331001133,
formal,cola,albert-base-v2,256,256,3,fp32_gpu,PASS,fp32_gpu,cuda,fp32,none,8,8,8,1,5,3,0.69140625,0.6786525780567252,44.58638572692871,0.8420172320313668,1187.6241506215968,76.52392578125,512,512,256,"{""0"":256,""1"":256}","{""0"":256,""1"":256}","{""0"":128,""1"":128}",73a4af8e77835ce59a6ef9a6b3fe9982dd75e66a44eb431d9d8ad380cbf4ca84,6f4beda70cfdf1144fce87c397e0edb93ff8b6ac411f5a55e9f5e3cafd78e662,60f117e2ced29d6b4a92b43d6fb9768f1bd4c13e658b4a19663fd8337ca633d5,1.668779331001133,
formal,cola,albert-base-v2,256,256,3,bf16_gpu,PASS,fp32_gpu,cuda,bf16,none,8,8,8,1,5,3,0.69140625,0.6786525780567252,44.58638572692871,0.9378471359383411,1066.27184930247,88.85888671875,512,512,256,"{""0"":256,""1"":256}","{""0"":256,""1"":256}","{""0"":128,""1"":128}",73a4af8e77835ce59a6ef9a6b3fe9982dd75e66a44eb431d9d8ad380cbf4ca84,6f4beda70cfdf1144fce87c397e0edb93ff8b6ac411f5a55e9f5e3cafd78e662,60f117e2ced29d6b4a92b43d6fb9768f1bd4c13e658b4a19663fd8337ca633d5,1.668779331001133,
formal,cola,albert-base-v2,256,256,4,fp32_cpu,PASS,fp32_cpu,cpu,fp32,none,8,8,8,1,5,3,0.5,0.3333333333333333,44.58638572692871,14.588303636719502,68.54806596449976,0.0,512,512,256,"{""0"":256,""1"":256}","{""0"":256,""1"":256}","{""0"":128,""1"":128}",7ae5e1dca4084a6b2d60f84b5082d682aa8de5018a22475047e8891dd17f5eed,9c5ba463d17b2d696aaad15c265e0100e4873f472fc1ffc83272b68787732b76,587fc2aeae74fa789489abced261c22aab81d7498388b9831b9efa02ea7523b8,1.7119476000007126,
formal,cola,albert-base-v2,256,256,4,dynamic_int8_cpu,PASS,fp32_cpu,cpu,int8_dynamic,dynamic_int8_linear,8,8,8,1,5,3,0.484375,0.475116495806151,22.370460510253906,9.61995236171731,103.95061871402912,0.0,512,512,256,"{""0"":256,""1"":256}","{""0"":256,""1"":256}","{""0"":128,""1"":128}",7ae5e1dca4084a6b2d60f84b5082d682aa8de5018a22475047e8891dd17f5eed,9c5ba463d17b2d696aaad15c265e0100e4873f472fc1ffc83272b68787732b76,587fc2aeae74fa789489abced261c22aab81d7498388b9831b9efa02ea7523b8,1.7119476000007126,
formal,cola,albert-base-v2,256,256,4,fp32_gpu,PASS,fp32_gpu,cuda,fp32,none,8,8,8,1,5,3,0.5,0.3333333333333333,44.58638572692871,0.8288464726547318,1206.4960556531978,77.37646484375,512,512,256,"{""0"":256,""1"":256}","{""0"":256,""1"":256}","{""0"":128,""1"":128}",7ae5e1dca4084a6b2d60f84b5082d682aa8de5018a22475047e8891dd17f5eed,9c5ba463d17b2d696aaad15c265e0100e4873f472fc1ffc83272b68787732b76,587fc2aeae74fa789489abced261c22aab81d7498388b9831b9efa02ea7523b8,1.7119476000007126,
formal,cola,albert-base-v2,256,256,4,bf16_gpu,PASS,fp32_gpu,cuda,bf16,none,8,8,8,1,5,3,0.5,0.3333333333333333,44.58638572692871,0.9047965726551865,1105.220808988514,89.52392578125,512,512,256,"{""0"":256,""1"":256}","{""0"":256,""1"":256}","{""0"":128,""1"":128}",7ae5e1dca4084a6b2d60f84b5082d682aa8de5018a22475047e8891dd17f5eed,9c5ba463d17b2d696aaad15c265e0100e4873f472fc1ffc83272b68787732b76,587fc2aeae74fa789489abced261c22aab81d7498388b9831b9efa02ea7523b8,1.7119476000007126,
formal,cola,albert-base-v2,256,256,5,fp32_cpu,PASS,fp32_cpu,cpu,fp32,none,8,8,8,1,5,3,0.640625,0.6405372405372405,44.58638572692871,13.654672850779548,73.23500247337745,0.0,512,512,256,"{""0"":256,""1"":256}","{""0"":256,""1"":256}","{""0"":128,""1"":128}",d48ca03dc1f30d149692e78761845ad3f2e443eb463e2b7146f3a72d73946c40,7b92dd7bb2c90d8a9a5af99f9665e4296e83e08ca11c2a670db50ad01008e591,3c3493c9897b59ae64d17280d6d1e83a069d4c86cfaa894225c6cbd65e18d009,1.714167483998608,
formal,cola,albert-base-v2,256,256,5,dynamic_int8_cpu,PASS,fp32_cpu,cpu,int8_dynamic,dynamic_int8_linear,8,8,8,1,5,3,0.5,0.40116959064327484,22.370460510253906,9.091621785938742,109.99137706614866,0.0,512,512,256,"{""0"":256,""1"":256}","{""0"":256,""1"":256}","{""0"":128,""1"":128}",d48ca03dc1f30d149692e78761845ad3f2e443eb463e2b7146f3a72d73946c40,7b92dd7bb2c90d8a9a5af99f9665e4296e83e08ca11c2a670db50ad01008e591,3c3493c9897b59ae64d17280d6d1e83a069d4c86cfaa894225c6cbd65e18d009,1.714167483998608,
formal,cola,albert-base-v2,256,256,5,fp32_gpu,PASS,fp32_gpu,cuda,fp32,none,8,8,8,1,5,3,0.640625,0.6405372405372405,44.58638572692871,0.8323928562504079,1201.3558171373481,76.52392578125,512,512,256,"{""0"":256,""1"":256}","{""0"":256,""1"":256}","{""0"":128,""1"":128}",d48ca03dc1f30d149692e78761845ad3f2e443eb463e2b7146f3a72d73946c40,7b92dd7bb2c90d8a9a5af99f9665e4296e83e08ca11c2a670db50ad01008e591,3c3493c9897b59ae64d17280d6d1e83a069d4c86cfaa894225c6cbd65e18d009,1.714167483998608,
formal,cola,albert-base-v2,256,256,5,bf16_gpu,PASS,fp32_gpu,cuda,bf16,none,8,8,8,1,5,3,0.63671875,0.6365801163163438,44.58638572692871,0.9160439796886521,1091.650643607617,88.85888671875,512,512,256,"{""0"":256,""1"":256}","{""0"":256,""1"":256}","{""0"":128,""1"":128}",d48ca03dc1f30d149692e78761845ad3f2e443eb463e2b7146f3a72d73946c40,7b92dd7bb2c90d8a9a5af99f9665e4296e83e08ca11c2a670db50ad01008e591,3c3493c9897b59ae64d17280d6d1e83a069d4c86cfaa894225c6cbd65e18d009,1.714167483998608,
formal,qqp,albert-base-v2,64,64,1,fp32_cpu,PASS,fp32_cpu,cpu,fp32,none,8,8,8,1,5,3,0.63671875,0.6116846895336889,44.58638572692871,39.384591524998314,25.39064038191882,0.0,128,128,256,"{""0"":64,""1"":64}","{""0"":64,""1"":64}","{""0"":128,""1"":128}",9e1416eda2d6ebc2bf5755123f8b5733ea98fc91354bb6e58c6832569cc15a21,da77a8141cacc8eaf15cf3adc9cc043d5c57e3fdecfb73161cec33b2d02d11f2,de838721269c5bb5d599561076cb09d48d8f19b05b4228afb0490b8f8b7976c8,0.4954207789996872,
formal,qqp,albert-base-v2,64,64,1,dynamic_int8_cpu,PASS,fp32_cpu,cpu,int8_dynamic,dynamic_int8_linear,8,8,8,1,5,3,0.49609375,0.36304897101085887,22.370460510253906,24.109887616407377,41.47675907537102,0.0,128,128,256,"{""0"":64,""1"":64}","{""0"":64,""1"":64}","{""0"":128,""1"":128}",9e1416eda2d6ebc2bf5755123f8b5733ea98fc91354bb6e58c6832569cc15a21,da77a8141cacc8eaf15cf3adc9cc043d5c57e3fdecfb73161cec33b2d02d11f2,de838721269c5bb5d599561076cb09d48d8f19b05b4228afb0490b8f8b7976c8,0.4954207789996872,
formal,qqp,albert-base-v2,64,64,1,fp32_gpu,PASS,fp32_gpu,cuda,fp32,none,8,8,8,1,5,3,0.63671875,0.6116846895336889,44.58638572692871,0.9047130406230508,1105.322853875664,101.619140625,128,128,256,"{""0"":64,""1"":64}","{""0"":64,""1"":64}","{""0"":128,""1"":128}",9e1416eda2d6ebc2bf5755123f8b5733ea98fc91354bb6e58c6832569cc15a21,da77a8141cacc8eaf15cf3adc9cc043d5c57e3fdecfb73161cec33b2d02d11f2,de838721269c5bb5d599561076cb09d48d8f19b05b4228afb0490b8f8b7976c8,0.4954207789996872,
formal,qqp,albert-base-v2,64,64,1,bf16_gpu,PASS,fp32_gpu,cuda,bf16,none,8,8,8,1,5,3,0.62890625,0.60498318904608,44.58638572692871,0.9627870335947364,1038.6512957765149,106.3603515625,128,128,256,"{""0"":64,""1"":64}","{""0"":64,""1"":64}","{""0"":128,""1"":128}",9e1416eda2d6ebc2bf5755123f8b5733ea98fc91354bb6e58c6832569cc15a21,da77a8141cacc8eaf15cf3adc9cc043d5c57e3fdecfb73161cec33b2d02d11f2,de838721269c5bb5d599561076cb09d48d8f19b05b4228afb0490b8f8b7976c8,0.4954207789996872,
formal,qqp,albert-base-v2,64,64,2,fp32_cpu,PASS,fp32_cpu,cpu,fp32,none,8,8,8,1,5,3,0.6328125,0.6031400488158849,44.58638572692871,32.945635985936406,30.353033719757992,0.0,128,128,256,"{""0"":64,""1"":64}","{""0"":64,""1"":64}","{""0"":128,""1"":128}",0fa45ace70dd39b14b95c12bbf602f9f93539b6bf3f77415fe940b895c7b8170,48f644a88db3cbafee306f09f55dda95f4095c778b78806b8a1b52beeca8136c,ddded1247213d270f904fee9bc94c2ac3cdba5834292d453f04972d45c5db815,0.6917406829998072,
formal,qqp,albert-base-v2,64,64,2,dynamic_int8_cpu,PASS,fp32_cpu,cpu,int8_dynamic,dynamic_int8_linear,8,8,8,1,5,3,0.5078125,0.4348191757779647,22.370460510253906,21.75232862499854,45.972089574389976,0.0,128,128,256,"{""0"":64,""1"":64}","{""0"":64,""1"":64}","{""0"":128,""1"":128}",0fa45ace70dd39b14b95c12bbf602f9f93539b6bf3f77415fe940b895c7b8170,48f644a88db3cbafee306f09f55dda95f4095c778b78806b8a1b52beeca8136c,ddded1247213d270f904fee9bc94c2ac3cdba5834292d453f04972d45c5db815,0.6917406829998072,
formal,qqp,albert-base-v2,64,64,2,fp32_gpu,PASS,fp32_gpu,cuda,fp32,none,8,8,8,1,5,3,0.6328125,0.6031400488158849,44.58638572692871,0.8134498351580532,1229.3321072536698,95.75830078125,128,128,256,"{""0"":64,""1"":64}","{""0"":64,""1"":64}","{""0"":128,""1"":128}",0fa45ace70dd39b14b95c12bbf602f9f93539b6bf3f77415fe940b895c7b8170,48f644a88db3cbafee306f09f55dda95f4095c778b78806b8a1b52beeca8136c,ddded1247213d270f904fee9bc94c2ac3cdba5834292d453f04972d45c5db815,0.6917406829998072,
formal,qqp,albert-base-v2,64,64,2,bf16_gpu,PASS,fp32_gpu,cuda,bf16,none,8,8,8,1,5,3,0.640625,0.6133438402941949,44.58638572692871,0.9452711539069014,1057.897510007471,102.96826171875,128,128,256,"{""0"":64,""1"":64}","{""0"":64,""1"":64}","{""0"":128,""1"":128}",0fa45ace70dd39b14b95c12bbf602f9f93539b6bf3f77415fe940b895c7b8170,48f644a88db3cbafee306f09f55dda95f4095c778b78806b8a1b52beeca8136c,ddded1247213d270f904fee9bc94c2ac3cdba5834292d453f04972d45c5db815,0.6917406829998072,
formal,qqp,albert-base-v2,64,64,3,fp32_cpu,PASS,fp32_cpu,cpu,fp32,none,8,8,8,1,5,3,0.640625,0.6405372405372405,44.58638572692871,35.11828452500083,28.475195002423778,0.0,128,128,256,"{""0"":64,""1"":64}","{""0"":64,""1"":64}","{""0"":128,""1"":128}",ac1e419f76a56cf880e0324d913df566a144f1086beca602a9ac2b99a31aa974,8060b716537eece9a19a37df4fd8fa4da3244d00dbb620f55c5b921508098e46,18e7c1423d877ba72c362a7227d9fd5d128882f0e5c56052a25f20bb2283e2f6,0.5076209190010559,
formal,qqp,albert-base-v2,64,64,3,dynamic_int8_cpu,PASS,fp32_cpu,cpu,int8_dynamic,dynamic_int8_linear,8,8,8,1,5,3,0.56640625,0.5663466967814794,22.370460510253906,22.0137531960944,45.42614751297459,0.0,128,128,256,"{""0"":64,""1"":64}","{""0"":64,""1"":64}","{""0"":128,""1"":128}",ac1e419f76a56cf880e0324d913df566a144f1086beca602a9ac2b99a31aa974,8060b716537eece9a19a37df4fd8fa4da3244d00dbb620f55c5b921508098e46,18e7c1423d877ba72c362a7227d9fd5d128882f0e5c56052a25f20bb2283e2f6,0.5076209190010559,
formal,qqp,albert-base-v2,64,64,3,fp32_gpu,PASS,fp32_gpu,cuda,fp32,none,8,8,8,1,5,3,0.640625,0.6405372405372405,44.58638572692871,0.865717339843286,1155.1114364661128,97.9853515625,128,128,256,"{""0"":64,""1"":64}","{""0"":64,""1"":64}","{""0"":128,""1"":128}",ac1e419f76a56cf880e0324d913df566a144f1086beca602a9ac2b99a31aa974,8060b716537eece9a19a37df4fd8fa4da3244d00dbb620f55c5b921508098e46,18e7c1423d877ba72c362a7227d9fd5d128882f0e5c56052a25f20bb2283e2f6,0.5076209190010559,
formal,qqp,albert-base-v2,64,64,3,bf16_gpu,PASS,fp32_gpu,cuda,bf16,none,8,8,8,1,5,3,0.640625,0.6405372405372405,44.58638572692871,0.9735396171890898,1027.1795644920023,103.96875,128,128,256,"{""0"":64,""1"":64}","{""0"":64,""1"":64}","{""0"":128,""1"":128}",ac1e419f76a56cf880e0324d913df566a144f1086beca602a9ac2b99a31aa974,8060b716537eece9a19a37df4fd8fa4da3244d00dbb620f55c5b921508098e46,18e7c1423d877ba72c362a7227d9fd5d128882f0e5c56052a25f20bb2283e2f6,0.5076209190010559,
formal,qqp,albert-base-v2,64,64,4,fp32_cpu,PASS,fp32_cpu,cpu,fp32,none,8,8,8,1,5,3,0.71484375,0.7148045843698018,44.58638572692871,41.99317787499979,23.8133918556171,0.0,128,128,256,"{""0"":64,""1"":64}","{""0"":64,""1"":64}","{""0"":128,""1"":128}",a3c4e1e8dbd09af6f7880220d3cd925a3f763aa7923f02bb3cec0fbaaee6e501,0b8ecec200d67c42c1bcd107947e53b43d42a470d399c826b7a2e5bc8424d78b,8a123c29aa2594c3eded9fbbbb3064e12381c77e4ecb1598cd1a981c1596d652,0.5690156370001205,
formal,qqp,albert-base-v2,64,64,4,dynamic_int8_cpu,PASS,fp32_cpu,cpu,int8_dynamic,dynamic_int8_linear,8,8,8,1,5,3,0.52734375,0.45548192029813495,22.370460510253906,27.790555385155358,35.98344783473314,0.0,128,128,256,"{""0"":64,""1"":64}","{""0"":64,""1"":64}","{""0"":128,""1"":128}",a3c4e1e8dbd09af6f7880220d3cd925a3f763aa7923f02bb3cec0fbaaee6e501,0b8ecec200d67c42c1bcd107947e53b43d42a470d399c826b7a2e5bc8424d78b,8a123c29aa2594c3eded9fbbbb3064e12381c77e4ecb1598cd1a981c1596d652,0.5690156370001205,
formal,qqp,albert-base-v2,64,64,4,fp32_gpu,PASS,fp32_gpu,cuda,fp32,none,8,8,8,1,5,3,0.71484375,0.7148045843698018,44.58638572692871,0.9095382312494849,1099.4590063863975,107.3408203125,128,128,256,"{""0"":64,""1"":64}","{""0"":64,""1"":64}","{""0"":128,""1"":128}",a3c4e1e8dbd09af6f7880220d3cd925a3f763aa7923f02bb3cec0fbaaee6e501,0b8ecec200d67c42c1bcd107947e53b43d42a470d399c826b7a2e5bc8424d78b,8a123c29aa2594c3eded9fbbbb3064e12381c77e4ecb1598cd1a981c1596d652,0.5690156370001205,
formal,qqp,albert-base-v2,64,64,4,bf16_gpu,PASS,fp32_gpu,cuda,bf16,none,8,8,8,1,5,3,0.71484375,0.7148393987945373,44.58638572692871,0.9259060218738568,1080.0232165854059,110.99609375,128,128,256,"{""0"":64,""1"":64}","{""0"":64,""1"":64}","{""0"":128,""1"":128}",a3c4e1e8dbd09af6f7880220d3cd925a3f763aa7923f02bb3cec0fbaaee6e501,0b8ecec200d67c42c1bcd107947e53b43d42a470d399c826b7a2e5bc8424d78b,8a123c29aa2594c3eded9fbbbb3064e12381c77e4ecb1598cd1a981c1596d652,0.5690156370001205,
formal,qqp,albert-base-v2,64,64,5,fp32_cpu,PASS,fp32_cpu,cpu,fp32,none,8,8,8,1,5,3,0.5859375,0.538597565122764,44.58638572692871,41.41220845625071,24.14746851901015,0.0,128,128,256,"{""0"":64,""1"":64}","{""0"":64,""1"":64}","{""0"":128,""1"":128}",12ed4cb5cca9ea7a291edd32422f18fecb69dba01bf648e9223f385496766f25,3dfcadfbc5d87d79196fdcc4c38262eecf99a9caa6359f9c49c5021590f3375f,b4056601b3ca78730204d5ace3052387e1c2602b31b81d0ff2f349fe64ecb9ba,0.6498471129998507,
formal,qqp,albert-base-v2,64,64,5,dynamic_int8_cpu,PASS,fp32_cpu,cpu,int8_dynamic,dynamic_int8_linear,8,8,8,1,5,3,0.5,0.48873494351869184,22.370460510253906,26.283387787501056,38.04684571429355,0.0,128,128,256,"{""0"":64,""1"":64}","{""0"":64,""1"":64}","{""0"":128,""1"":128}",12ed4cb5cca9ea7a291edd32422f18fecb69dba01bf648e9223f385496766f25,3dfcadfbc5d87d79196fdcc4c38262eecf99a9caa6359f9c49c5021590f3375f,b4056601b3ca78730204d5ace3052387e1c2602b31b81d0ff2f349fe64ecb9ba,0.6498471129998507,
formal,qqp,albert-base-v2,64,64,5,fp32_gpu,PASS,fp32_gpu,cuda,fp32,none,8,8,8,1,5,3,0.5859375,0.538597565122764,44.58638572692871,1.0055106093744826,994.5195910186262,104.8505859375,128,128,256,"{""0"":64,""1"":64}","{""0"":64,""1"":64}","{""0"":128,""1"":128}",12ed4cb5cca9ea7a291edd32422f18fecb69dba01bf648e9223f385496766f25,3dfcadfbc5d87d79196fdcc4c38262eecf99a9caa6359f9c49c5021590f3375f,b4056601b3ca78730204d5ace3052387e1c2602b31b81d0ff2f349fe64ecb9ba,0.6498471129998507,
formal,qqp,albert-base-v2,64,64,5,bf16_gpu,PASS,fp32_gpu,cuda,bf16,none,8,8,8,1,5,3,0.59375,0.5473032714412025,44.58638572692871,0.9754431671865404,1025.1750523654684,108.787109375,128,128,256,"{""0"":64,""1"":64}","{""0"":64,""1"":64}","{""0"":128,""1"":128}",12ed4cb5cca9ea7a291edd32422f18fecb69dba01bf648e9223f385496766f25,3dfcadfbc5d87d79196fdcc4c38262eecf99a9caa6359f9c49c5021590f3375f,b4056601b3ca78730204d5ace3052387e1c2602b31b81d0ff2f349fe64ecb9ba,0.6498471129998507,
formal,qqp,albert-base-v2,128,128,1,fp32_cpu,PASS,fp32_cpu,cpu,fp32,none,8,8,8,1,5,3,0.64453125,0.6442652740238521,44.58638572692871,38.615723560937454,25.89618703950872,0.0,256,256,256,"{""0"":128,""1"":128}","{""0"":128,""1"":128}","{""0"":128,""1"":128}",ce0358051257fc0db974962a9edbc1fda6836ce89747f7c7f968d1dce9c5d77a,a0f51358cee6eaa29cd06e8ebee84593b376e956d0c80b00021a5cf076917ca6,de838721269c5bb5d599561076cb09d48d8f19b05b4228afb0490b8f8b7976c8,1.1594298999989405,
formal,qqp,albert-base-v2,128,128,1,dynamic_int8_cpu,PASS,fp32_cpu,cpu,int8_dynamic,dynamic_int8_linear,8,8,8,1,5,3,0.50390625,0.3729241807626285,22.370460510253906,25.748360338280918,38.83742447526912,0.0,256,256,256,"{""0"":128,""1"":128}","{""0"":128,""1"":128}","{""0"":128,""1"":128}",ce0358051257fc0db974962a9edbc1fda6836ce89747f7c7f968d1dce9c5d77a,a0f51358cee6eaa29cd06e8ebee84593b376e956d0c80b00021a5cf076917ca6,de838721269c5bb5d599561076cb09d48d8f19b05b4228afb0490b8f8b7976c8,1.1594298999989405,
formal,qqp,albert-base-v2,128,128,1,fp32_gpu,PASS,fp32_gpu,cuda,fp32,none,8,8,8,1,5,3,0.64453125,0.6442652740238521,44.58638572692871,0.984943625780943,1015.2865339954042,101.619140625,256,256,256,"{""0"":128,""1"":128}","{""0"":128,""1"":128}","{""0"":128,""1"":128}",ce0358051257fc0db974962a9edbc1fda6836ce89747f7c7f968d1dce9c5d77a,a0f51358cee6eaa29cd06e8ebee84593b376e956d0c80b00021a5cf076917ca6,de838721269c5bb5d599561076cb09d48d8f19b05b4228afb0490b8f8b7976c8,1.1594298999989405,
formal,qqp,albert-base-v2,128,128,1,bf16_gpu,PASS,fp32_gpu,cuda,bf16,none,8,8,8,1,5,3,0.63671875,0.6365801163163438,44.58638572692871,1.0377592695306248,963.614615991141,106.3603515625,256,256,256,"{""0"":128,""1"":128}","{""0"":128,""1"":128}","{""0"":128,""1"":128}",ce0358051257fc0db974962a9edbc1fda6836ce89747f7c7f968d1dce9c5d77a,a0f51358cee6eaa29cd06e8ebee84593b376e956d0c80b00021a5cf076917ca6,de838721269c5bb5d599561076cb09d48d8f19b05b4228afb0490b8f8b7976c8,1.1594298999989405,
formal,qqp,albert-base-v2,128,128,2,fp32_cpu,PASS,fp32_cpu,cpu,fp32,none,8,8,8,1,5,3,0.59765625,0.5971583530669926,44.58638572692871,33.49718312343839,29.853256505628014,0.0,256,256,256,"{""0"":128,""1"":128}","{""0"":128,""1"":128}","{""0"":128,""1"":128}",a3a7352f3c61cf6fbc87a6f5d2cdae6394e00036fbef7dde0f7f448860179f18,85a2153bf73aaa63c38c03f2c75d863a58f0e07fa9a2e2968a38a276d4b74839,ddded1247213d270f904fee9bc94c2ac3cdba5834292d453f04972d45c5db815,1.4199320320003608,
formal,qqp,albert-base-v2,128,128,2,dynamic_int8_cpu,PASS,fp32_cpu,cpu,int8_dynamic,dynamic_int8_linear,8,8,8,1,5,3,0.51953125,0.49967426710097723,22.370460510253906,21.373479014062013,46.78695496143053,0.0,256,256,256,"{""0"":128,""1"":128}","{""0"":128,""1"":128}","{""0"":128,""1"":128}",a3a7352f3c61cf6fbc87a6f5d2cdae6394e00036fbef7dde0f7f448860179f18,85a2153bf73aaa63c38c03f2c75d863a58f0e07fa9a2e2968a38a276d4b74839,ddded1247213d270f904fee9bc94c2ac3cdba5834292d453f04972d45c5db815,1.4199320320003608,
formal,qqp,albert-base-v2,128,128,2,fp32_gpu,PASS,fp32_gpu,cuda,fp32,none,8,8,8,1,5,3,0.59765625,0.5971583530669926,44.58638572692871,0.8634013695314025,1158.2098839416183,95.75830078125,256,256,256,"{""0"":128,""1"":128}","{""0"":128,""1"":128}","{""0"":128,""1"":128}",a3a7352f3c61cf6fbc87a6f5d2cdae6394e00036fbef7dde0f7f448860179f18,85a2153bf73aaa63c38c03f2c75d863a58f0e07fa9a2e2968a38a276d4b74839,ddded1247213d270f904fee9bc94c2ac3cdba5834292d453f04972d45c5db815,1.4199320320003608,
formal,qqp,albert-base-v2,128,128,2,bf16_gpu,PASS,fp32_gpu,cuda,bf16,none,8,8,8,1,5,3,0.59375,0.5933528836754643,44.58638572692871,0.973776723438391,1026.9294551106284,102.96826171875,256,256,256,"{""0"":128,""1"":128}","{""0"":128,""1"":128}","{""0"":128,""1"":128}",a3a7352f3c61cf6fbc87a6f5d2cdae6394e00036fbef7dde0f7f448860179f18,85a2153bf73aaa63c38c03f2c75d863a58f0e07fa9a2e2968a38a276d4b74839,ddded1247213d270f904fee9bc94c2ac3cdba5834292d453f04972d45c5db815,1.4199320320003608,
formal,qqp,albert-base-v2,128,128,3,fp32_cpu,PASS,fp32_cpu,cpu,fp32,none,8,8,8,1,5,3,0.640625,0.6333748443337484,44.58638572692871,36.3790747179678,27.488329699218415,0.0,256,256,256,"{""0"":128,""1"":128}","{""0"":128,""1"":128}","{""0"":128,""1"":128}",7ebedd024cb1be14ce2d413f60a217956b64bdc0815e75e3fd874ad3f4526dd3,9c034402122d17881c79528b8dc6d63165b33ac5f54c635de34d50c4fbb18dac,18e7c1423d877ba72c362a7227d9fd5d128882f0e5c56052a25f20bb2283e2f6,1.5599958339989826,
formal,qqp,albert-base-v2,128,128,3,dynamic_int8_cpu,PASS,fp32_cpu,cpu,int8_dynamic,dynamic_int8_linear,8,8,8,1,5,3,0.5859375,0.5843137254901961,22.370460510253906,22.345683140625283,44.75137294782287,0.0,256,256,256,"{""0"":128,""1"":128}","{""0"":128,""1"":128}","{""0"":128,""1"":128}",7ebedd024cb1be14ce2d413f60a217956b64bdc0815e75e3fd874ad3f4526dd3,9c034402122d17881c79528b8dc6d63165b33ac5f54c635de34d50c4fbb18dac,18e7c1423d877ba72c362a7227d9fd5d128882f0e5c56052a25f20bb2283e2f6,1.5599958339989826,
formal,qqp,albert-base-v2,128,128,3,fp32_gpu,PASS,fp32_gpu,cuda,fp32,none,8,8,8,1,5,3,0.640625,0.6333748443337484,44.58638572692871,0.8685545171886133,1151.3382064223865,97.9853515625,256,256,256,"{""0"":128,""1"":128}","{""0"":128,""1"":128}","{""0"":128,""1"":128}",7ebedd024cb1be14ce2d413f60a217956b64bdc0815e75e3fd874ad3f4526dd3,9c034402122d17881c79528b8dc6d63165b33ac5f54c635de34d50c4fbb18dac,18e7c1423d877ba72c362a7227d9fd5d128882f0e5c56052a25f20bb2283e2f6,1.5599958339989826,
formal,qqp,albert-base-v2,128,128,3,bf16_gpu,PASS,fp32_gpu,cuda,bf16,none,8,8,8,1,5,3,0.640625,0.6325282406540598,44.58638572692871,0.9694622531242203,1031.4996760083932,103.96875,256,256,256,"{""0"":128,""1"":128}","{""0"":128,""1"":128}","{""0"":128,""1"":128}",7ebedd024cb1be14ce2d413f60a217956b64bdc0815e75e3fd874ad3f4526dd3,9c034402122d17881c79528b8dc6d63165b33ac5f54c635de34d50c4fbb18dac,18e7c1423d877ba72c362a7227d9fd5d128882f0e5c56052a25f20bb2283e2f6,1.5599958339989826,
formal,qqp,albert-base-v2,128,128,4,fp32_cpu,PASS,fp32_cpu,cpu,fp32,none,8,8,8,1,5,3,0.73046875,0.721066843526458,44.58638572692871,45.753229554685504,21.856380625651198,0.0,256,256,256,"{""0"":128,""1"":128}","{""0"":128,""1"":128}","{""0"":128,""1"":128}",3d0693202c708e4f25979b6e53e6369a29f1ccaad9febe8349503673e6ef2f15,44855270c336c9f55b970b65441004f94bd30ef21a1a39576400e9e544727f24,8a123c29aa2594c3eded9fbbbb3064e12381c77e4ecb1598cd1a981c1596d652,1.1026917380004306,
formal,qqp,albert-base-v2,128,128,4,dynamic_int8_cpu,PASS,fp32_cpu,cpu,int8_dynamic,dynamic_int8_linear,8,8,8,1,5,3,0.51953125,0.42673002348571737,22.370460510253906,27.03622458828079,36.987412822183146,0.0,256,256,256,"{""0"":128,""1"":128}","{""0"":128,""1"":128}","{""0"":128,""1"":128}",3d0693202c708e4f25979b6e53e6369a29f1ccaad9febe8349503673e6ef2f15,44855270c336c9f55b970b65441004f94bd30ef21a1a39576400e9e544727f24,8a123c29aa2594c3eded9fbbbb3064e12381c77e4ecb1598cd1a981c1596d652,1.1026917380004306,
formal,qqp,albert-base-v2,128,128,4,fp32_gpu,PASS,fp32_gpu,cuda,fp32,none,8,8,8,1,5,3,0.73046875,0.721066843526458,44.58638572692871,0.9645414164083377,1036.7621161605475,107.3408203125,256,256,256,"{""0"":128,""1"":128}","{""0"":128,""1"":128}","{""0"":128,""1"":128}",3d0693202c708e4f25979b6e53e6369a29f1ccaad9febe8349503673e6ef2f15,44855270c336c9f55b970b65441004f94bd30ef21a1a39576400e9e544727f24,8a123c29aa2594c3eded9fbbbb3064e12381c77e4ecb1598cd1a981c1596d652,1.1026917380004306,
formal,qqp,albert-base-v2,128,128,4,bf16_gpu,PASS,fp32_gpu,cuda,bf16,none,8,8,8,1,5,3,0.72265625,0.7121089728359864,44.58638572692871,0.9826024687498602,1017.7055643593835,110.99609375,256,256,256,"{""0"":128,""1"":128}","{""0"":128,""1"":128}","{""0"":128,""1"":128}",3d0693202c708e4f25979b6e53e6369a29f1ccaad9febe8349503673e6ef2f15,44855270c336c9f55b970b65441004f94bd30ef21a1a39576400e9e544727f24,8a123c29aa2594c3eded9fbbbb3064e12381c77e4ecb1598cd1a981c1596d652,1.1026917380004306,
formal,qqp,albert-base-v2,128,128,5,fp32_cpu,PASS,fp32_cpu,cpu,fp32,none,8,8,8,1,5,3,0.6328125,0.6295566502463055,44.58638572692871,41.98186807890636,23.81980711578784,0.0,256,256,256,"{""0"":128,""1"":128}","{""0"":128,""1"":128}","{""0"":128,""1"":128}",19f8e005f90718dcf071733633801a85eaf613efee005244fece4c5ea6374ca5,8301e393d20b677eea9d1454e232e3bc282f32d60ea4f292181cda3de709d227,b4056601b3ca78730204d5ace3052387e1c2602b31b81d0ff2f349fe64ecb9ba,1.3193695699992531,
formal,qqp,albert-base-v2,128,128,5,dynamic_int8_cpu,PASS,fp32_cpu,cpu,int8_dynamic,dynamic_int8_linear,8,8,8,1,5,3,0.5,0.3333333333333333,22.370460510253906,26.15752013359156,38.22992374249565,0.0,256,256,256,"{""0"":128,""1"":128}","{""0"":128,""1"":128}","{""0"":128,""1"":128}",19f8e005f90718dcf071733633801a85eaf613efee005244fece4c5ea6374ca5,8301e393d20b677eea9d1454e232e3bc282f32d60ea4f292181cda3de709d227,b4056601b3ca78730204d5ace3052387e1c2602b31b81d0ff2f349fe64ecb9ba,1.3193695699992531,
formal,qqp,albert-base-v2,128,128,5,fp32_gpu,PASS,fp32_gpu,cuda,fp32,none,8,8,8,1,5,3,0.6328125,0.6295566502463055,44.58638572692871,0.9684212031231709,1032.608535185916,104.8505859375,256,256,256,"{""0"":128,""1"":128}","{""0"":128,""1"":128}","{""0"":128,""1"":128}",19f8e005f90718dcf071733633801a85eaf613efee005244fece4c5ea6374ca5,8301e393d20b677eea9d1454e232e3bc282f32d60ea4f292181cda3de709d227,b4056601b3ca78730204d5ace3052387e1c2602b31b81d0ff2f349fe64ecb9ba,1.3193695699992531,
formal,qqp,albert-base-v2,128,128,5,bf16_gpu,PASS,fp32_gpu,cuda,bf16,none,8,8,8,1,5,3,0.63671875,0.6337625178826896,44.58638572692871,0.9629482945314294,1038.4773571737826,108.787109375,256,256,256,"{""0"":128,""1"":128}","{""0"":128,""1"":128}","{""0"":128,""1"":128}",19f8e005f90718dcf071733633801a85eaf613efee005244fece4c5ea6374ca5,8301e393d20b677eea9d1454e232e3bc282f32d60ea4f292181cda3de709d227,b4056601b3ca78730204d5ace3052387e1c2602b31b81d0ff2f349fe64ecb9ba,1.3193695699992531,
formal,qqp,albert-base-v2,256,256,1,fp32_cpu,PASS,fp32_cpu,cpu,fp32,none,8,8,8,1,5,3,0.65234375,0.6412589945048889,44.58638572692871,39.465463857033,25.33861007240622,0.0,512,512,256,"{""0"":256,""1"":256}","{""0"":256,""1"":256}","{""0"":128,""1"":128}",306133225a3f0069a5d42997f0bbc2d13c311f4c5e4e9f20ea677d74ac38b117,e040438d19e636543079375c36fe5f1702f909150357268215b6d48a7fae8a78,de838721269c5bb5d599561076cb09d48d8f19b05b4228afb0490b8f8b7976c8,2.3107134599995334,
formal,qqp,albert-base-v2,256,256,1,dynamic_int8_cpu,PASS,fp32_cpu,cpu,int8_dynamic,dynamic_int8_linear,8,8,8,1,5,3,0.51953125,0.5042118688101274,22.370460510253906,22.825657116405296,43.81034880618084,0.0,512,512,256,"{""0"":256,""1"":256}","{""0"":256,""1"":256}","{""0"":128,""1"":128}",306133225a3f0069a5d42997f0bbc2d13c311f4c5e4e9f20ea677d74ac38b117,e040438d19e636543079375c36fe5f1702f909150357268215b6d48a7fae8a78,de838721269c5bb5d599561076cb09d48d8f19b05b4228afb0490b8f8b7976c8,2.3107134599995334,
formal,qqp,albert-base-v2,256,256,1,fp32_gpu,PASS,fp32_gpu,cuda,fp32,none,8,8,8,1,5,3,0.65234375,0.6412589945048889,44.58638572692871,1.0862537953130413,920.5951724309655,101.619140625,512,512,256,"{""0"":256,""1"":256}","{""0"":256,""1"":256}","{""0"":128,""1"":128}",306133225a3f0069a5d42997f0bbc2d13c311f4c5e4e9f20ea677d74ac38b117,e040438d19e636543079375c36fe5f1702f909150357268215b6d48a7fae8a78,de838721269c5bb5d599561076cb09d48d8f19b05b4228afb0490b8f8b7976c8,2.3107134599995334,
formal,qqp,albert-base-v2,256,256,1,bf16_gpu,PASS,fp32_gpu,cuda,bf16,none,8,8,8,1,5,3,0.6484375,0.6367076631977294,44.58638572692871,0.9363187749983126,1068.0123337287582,106.3603515625,512,512,256,"{""0"":256,""1"":256}","{""0"":256,""1"":256}","{""0"":128,""1"":128}",306133225a3f0069a5d42997f0bbc2d13c311f4c5e4e9f20ea677d74ac38b117,e040438d19e636543079375c36fe5f1702f909150357268215b6d48a7fae8a78,de838721269c5bb5d599561076cb09d48d8f19b05b4228afb0490b8f8b7976c8,2.3107134599995334,
formal,qqp,albert-base-v2,256,256,2,fp32_cpu,PASS,fp32_cpu,cpu,fp32,none,8,8,8,1,5,3,0.765625,0.7627872498146775,44.58638572692871,34.234812443750684,29.210032964049223,0.0,512,512,256,"{""0"":256,""1"":256}","{""0"":256,""1"":256}","{""0"":128,""1"":128}",836103a0469dc840801b7ecc2a2bf75b4e70b1b21cd29fd7a6eb5bc00a33f524,7361b4ea7e1d6023164086315f4a9bef3d1c2babf6dcf5d9a3a5cbedcd84977f,ddded1247213d270f904fee9bc94c2ac3cdba5834292d453f04972d45c5db815,2.6965644789997896,
formal,qqp,albert-base-v2,256,256,2,dynamic_int8_cpu,PASS,fp32_cpu,cpu,int8_dynamic,dynamic_int8_linear,8,8,8,1,5,3,0.4375,0.40923076923076923,22.370460510253906,20.939641624218552,47.75630920270437,0.0,512,512,256,"{""0"":256,""1"":256}","{""0"":256,""1"":256}","{""0"":128,""1"":128}",836103a0469dc840801b7ecc2a2bf75b4e70b1b21cd29fd7a6eb5bc00a33f524,7361b4ea7e1d6023164086315f4a9bef3d1c2babf6dcf5d9a3a5cbedcd84977f,ddded1247213d270f904fee9bc94c2ac3cdba5834292d453f04972d45c5db815,2.6965644789997896,
formal,qqp,albert-base-v2,256,256,2,fp32_gpu,PASS,fp32_gpu,cuda,fp32,none,8,8,8,1,5,3,0.765625,0.7627872498146775,44.58638572692871,0.8385022210944726,1192.6026846950137,95.75830078125,512,512,256,"{""0"":256,""1"":256}","{""0"":256,""1"":256}","{""0"":128,""1"":128}",836103a0469dc840801b7ecc2a2bf75b4e70b1b21cd29fd7a6eb5bc00a33f524,7361b4ea7e1d6023164086315f4a9bef3d1c2babf6dcf5d9a3a5cbedcd84977f,ddded1247213d270f904fee9bc94c2ac3cdba5834292d453f04972d45c5db815,2.6965644789997896,
formal,qqp,albert-base-v2,256,256,2,bf16_gpu,PASS,fp32_gpu,cuda,bf16,none,8,8,8,1,5,3,0.765625,0.7627872498146775,44.58638572692871,0.9547134914043909,1047.4346586733495,102.96826171875,512,512,256,"{""0"":256,""1"":256}","{""0"":256,""1"":256}","{""0"":128,""1"":128}",836103a0469dc840801b7ecc2a2bf75b4e70b1b21cd29fd7a6eb5bc00a33f524,7361b4ea7e1d6023164086315f4a9bef3d1c2babf6dcf5d9a3a5cbedcd84977f,ddded1247213d270f904fee9bc94c2ac3cdba5834292d453f04972d45c5db815,2.6965644789997896,
formal,qqp,albert-base-v2,256,256,3,fp32_cpu,PASS,fp32_cpu,cpu,fp32,none,8,8,8,1,5,3,0.77734375,0.776576686928695,44.58638572692871,35.055777559375656,28.525968317383686,0.0,512,512,256,"{""0"":256,""1"":256}","{""0"":256,""1"":256}","{""0"":128,""1"":128}",dafc098887887be27512b3ed45286be24d1a3ec53a3d018263fdd454f11ab9e2,56f45d45e3762537c0e647d4b12793052f26a128f0c5dd6e6d0ebfed5cd60be2,18e7c1423d877ba72c362a7227d9fd5d128882f0e5c56052a25f20bb2283e2f6,3.0239256219974777,
formal,qqp,albert-base-v2,256,256,3,dynamic_int8_cpu,PASS,fp32_cpu,cpu,int8_dynamic,dynamic_int8_linear,8,8,8,1,5,3,0.49609375,0.40748183367722257,22.370460510253906,20.83689557031221,47.99179400912151,0.0,512,512,256,"{""0"":256,""1"":256}","{""0"":256,""1"":256}","{""0"":128,""1"":128}",dafc098887887be27512b3ed45286be24d1a3ec53a3d018263fdd454f11ab9e2,56f45d45e3762537c0e647d4b12793052f26a128f0c5dd6e6d0ebfed5cd60be2,18e7c1423d877ba72c362a7227d9fd5d128882f0e5c56052a25f20bb2283e2f6,3.0239256219974777,
formal,qqp,albert-base-v2,256,256,3,fp32_gpu,PASS,fp32_gpu,cuda,fp32,none,8,8,8,1,5,3,0.77734375,0.776576686928695,44.58638572692871,0.8852074539049681,1129.678693495678,97.9853515625,512,512,256,"{""0"":256,""1"":256}","{""0"":256,""1"":256}","{""0"":128,""1"":128}",dafc098887887be27512b3ed45286be24d1a3ec53a3d018263fdd454f11ab9e2,56f45d45e3762537c0e647d4b12793052f26a128f0c5dd6e6d0ebfed5cd60be2,18e7c1423d877ba72c362a7227d9fd5d128882f0e5c56052a25f20bb2283e2f6,3.0239256219974777,
formal,qqp,albert-base-v2,256,256,3,bf16_gpu,PASS,fp32_gpu,cuda,bf16,none,8,8,8,1,5,3,0.77734375,0.7767680939923814,44.58638572692871,0.953994064062158,1048.2245515679062,103.96875,512,512,256,"{""0"":256,""1"":256}","{""0"":256,""1"":256}","{""0"":128,""1"":128}",dafc098887887be27512b3ed45286be24d1a3ec53a3d018263fdd454f11ab9e2,56f45d45e3762537c0e647d4b12793052f26a128f0c5dd6e6d0ebfed5cd60be2,18e7c1423d877ba72c362a7227d9fd5d128882f0e5c56052a25f20bb2283e2f6,3.0239256219974777,
formal,qqp,albert-base-v2,256,256,4,fp32_cpu,PASS,fp32_cpu,cpu,fp32,none,8,8,8,1,5,3,0.765625,0.7654961832061069,44.58638572692871,44.43359540390475,22.505493667796276,0.0,512,512,256,"{""0"":256,""1"":256}","{""0"":256,""1"":256}","{""0"":128,""1"":128}",aa86cb19e89b6cd83556653aca5c29b5bd2b7e82c67f8386ead24d912ae9fac8,9e98231fdc9e626510c1960edad4cba49cbad22d31aaaace5612c0d219a207eb,8a123c29aa2594c3eded9fbbbb3064e12381c77e4ecb1598cd1a981c1596d652,2.67561145199943,
formal,qqp,albert-base-v2,256,256,4,dynamic_int8_cpu,PASS,fp32_cpu,cpu,int8_dynamic,dynamic_int8_linear,8,8,8,1,5,3,0.5390625,0.5356330320359097,22.370460510253906,26.85961659531415,37.2306133429491,0.0,512,512,256,"{""0"":256,""1"":256}","{""0"":256,""1"":256}","{""0"":128,""1"":128}",aa86cb19e89b6cd83556653aca5c29b5bd2b7e82c67f8386ead24d912ae9fac8,9e98231fdc9e626510c1960edad4cba49cbad22d31aaaace5612c0d219a207eb,8a123c29aa2594c3eded9fbbbb3064e12381c77e4ecb1598cd1a981c1596d652,2.67561145199943,
formal,qqp,albert-base-v2,256,256,4,fp32_gpu,PASS,fp32_gpu,cuda,fp32,none,8,8,8,1,5,3,0.765625,0.7654961832061069,44.58638572692871,0.9434954093734405,1059.8885697431037,107.3408203125,512,512,256,"{""0"":256,""1"":256}","{""0"":256,""1"":256}","{""0"":128,""1"":128}",aa86cb19e89b6cd83556653aca5c29b5bd2b7e82c67f8386ead24d912ae9fac8,9e98231fdc9e626510c1960edad4cba49cbad22d31aaaace5612c0d219a207eb,8a123c29aa2594c3eded9fbbbb3064e12381c77e4ecb1598cd1a981c1596d652,2.67561145199943,
formal,qqp,albert-base-v2,256,256,4,bf16_gpu,PASS,fp32_gpu,cuda,bf16,none,8,8,8,1,5,3,0.7578125,0.7576793893129772,44.58638572692871,0.946138053126333,1056.9282111587104,110.99609375,512,512,256,"{""0"":256,""1"":256}","{""0"":256,""1"":256}","{""0"":128,""1"":128}",aa86cb19e89b6cd83556653aca5c29b5bd2b7e82c67f8386ead24d912ae9fac8,9e98231fdc9e626510c1960edad4cba49cbad22d31aaaace5612c0d219a207eb,8a123c29aa2594c3eded9fbbbb3064e12381c77e4ecb1598cd1a981c1596d652,2.67561145199943,
formal,qqp,albert-base-v2,256,256,5,fp32_cpu,PASS,fp32_cpu,cpu,fp32,none,8,8,8,1,5,3,0.67578125,0.6470842260866677,44.58638572692871,41.618119987501245,24.027995505330853,0.0,512,512,256,"{""0"":256,""1"":256}","{""0"":256,""1"":256}","{""0"":128,""1"":128}",1b35fc2ba4686462bf1f0f9212575ff117f32e56a298eb8baabd3844d48ebc23,63d20b7983f072ec9b8855b56c43371fe31d66d45ac9c68e0a1b4e501f2b8b47,b4056601b3ca78730204d5ace3052387e1c2602b31b81d0ff2f349fe64ecb9ba,2.6173381530024926,
formal,qqp,albert-base-v2,256,256,5,dynamic_int8_cpu,PASS,fp32_cpu,cpu,int8_dynamic,dynamic_int8_linear,8,8,8,1,5,3,0.43359375,0.33864272097208115,22.370460510253906,26.323597758593564,37.98872818110668,0.0,512,512,256,"{""0"":256,""1"":256}","{""0"":256,""1"":256}","{""0"":128,""1"":128}",1b35fc2ba4686462bf1f0f9212575ff117f32e56a298eb8baabd3844d48ebc23,63d20b7983f072ec9b8855b56c43371fe31d66d45ac9c68e0a1b4e501f2b8b47,b4056601b3ca78730204d5ace3052387e1c2602b31b81d0ff2f349fe64ecb9ba,2.6173381530024926,
formal,qqp,albert-base-v2,256,256,5,fp32_gpu,PASS,fp32_gpu,cuda,fp32,none,8,8,8,1,5,3,0.67578125,0.6470842260866677,44.58638572692871,1.032285224999896,968.724511193213,104.8505859375,512,512,256,"{""0"":256,""1"":256}","{""0"":256,""1"":256}","{""0"":128,""1"":128}",1b35fc2ba4686462bf1f0f9212575ff117f32e56a298eb8baabd3844d48ebc23,63d20b7983f072ec9b8855b56c43371fe31d66d45ac9c68e0a1b4e501f2b8b47,b4056601b3ca78730204d5ace3052387e1c2602b31b81d0ff2f349fe64ecb9ba,2.6173381530024926,
formal,qqp,albert-base-v2,256,256,5,bf16_gpu,PASS,fp32_gpu,cuda,bf16,none,8,8,8,1,5,3,0.67578125,0.6470842260866677,44.58638572692871,0.9549681492188711,1047.1553431577413,108.787109375,512,512,256,"{""0"":256,""1"":256}","{""0"":256,""1"":256}","{""0"":128,""1"":128}",1b35fc2ba4686462bf1f0f9212575ff117f32e56a298eb8baabd3844d48ebc23,63d20b7983f072ec9b8855b56c43371fe31d66d45ac9c68e0a1b4e501f2b8b47,b4056601b3ca78730204d5ace3052387e1c2602b31b81d0ff2f349fe64ecb9ba,2.6173381530024926,
formal,sst2,distilbert-base-uncased,64,64,1,fp32_cpu,PASS,fp32_cpu,cpu,fp32,none,8,8,8,1,5,3,0.77734375,0.7714822645055204,255.45206356048584,10.734096129689874,93.1610810931774,0.0,128,128,256,"{""0"":64,""1"":64}","{""0"":64,""1"":64}","{""0"":128,""1"":128}",4416e89de581ca695d2d886bd826d68838dee081566e722aa64ed12a99e3a947,817d805f76817488f7e78cdf490b4923385e1c67b97f937add77d90f7e2e84f5,543846d9d68ffe5b4b0f8ddf95eca5a7f97627a986335996ba18fd1e7ce2392f,0.3760687709982449,
formal,sst2,distilbert-base-uncased,64,64,1,dynamic_int8_cpu,PASS,fp32_cpu,cpu,int8_dynamic,dynamic_int8_linear,8,8,8,1,5,3,0.78515625,0.7800515504178709,132.28924465179443,6.831414646873668,146.38256520670143,0.0,128,128,256,"{""0"":64,""1"":64}","{""0"":64,""1"":64}","{""0"":128,""1"":128}",4416e89de581ca695d2d886bd826d68838dee081566e722aa64ed12a99e3a947,817d805f76817488f7e78cdf490b4923385e1c67b97f937add77d90f7e2e84f5,543846d9d68ffe5b4b0f8ddf95eca5a7f97627a986335996ba18fd1e7ce2392f,0.3760687709982449,
formal,sst2,distilbert-base-uncased,64,64,1,fp32_gpu,PASS,fp32_gpu,cuda,fp32,none,8,8,8,1,5,3,0.77734375,0.7714822645055204,255.45206356048584,0.4353939421889663,2296.770586592102,290.2822265625,128,128,256,"{""0"":64,""1"":64}","{""0"":64,""1"":64}","{""0"":128,""1"":128}",4416e89de581ca695d2d886bd826d68838dee081566e722aa64ed12a99e3a947,817d805f76817488f7e78cdf490b4923385e1c67b97f937add77d90f7e2e84f5,543846d9d68ffe5b4b0f8ddf95eca5a7f97627a986335996ba18fd1e7ce2392f,0.3760687709982449,
formal,sst2,distilbert-base-uncased,64,64,1,bf16_gpu,PASS,fp32_gpu,cuda,bf16,none,8,8,8,1,5,3,0.78125,0.7751991469610487,255.45206356048584,0.5434355835944871,1840.1444995295014,372.638671875,128,128,256,"{""0"":64,""1"":64}","{""0"":64,""1"":64}","{""0"":128,""1"":128}",4416e89de581ca695d2d886bd826d68838dee081566e722aa64ed12a99e3a947,817d805f76817488f7e78cdf490b4923385e1c67b97f937add77d90f7e2e84f5,543846d9d68ffe5b4b0f8ddf95eca5a7f97627a986335996ba18fd1e7ce2392f,0.3760687709982449,
formal,sst2,distilbert-base-uncased,64,64,2,fp32_cpu,PASS,fp32_cpu,cpu,fp32,none,8,8,8,1,5,3,0.6171875,0.5780125142972482,255.45206356048584,10.23706383984404,97.68425943656466,0.0,128,128,256,"{""0"":64,""1"":64}","{""0"":64,""1"":64}","{""0"":128,""1"":128}",671a219773d4702bf1fe49fd391c15018becace9e7b8d0774d3c02e4affd5e13,976fd7189b7ec27cad55a45e3471dc1a698dfcd33949d703cc5ad9fc1037d8c3,add7b4024851243ce918d6b67fb9366d78bf1869d0c1a6ba53fc4da0bc23be4d,0.31460551000054693,
formal,sst2,distilbert-base-uncased,64,64,2,dynamic_int8_cpu,PASS,fp32_cpu,cpu,int8_dynamic,dynamic_int8_linear,8,8,8,1,5,3,0.5703125,0.4965315025387971,132.28924465179443,6.446949185155404,155.11212688050603,0.0,128,128,256,"{""0"":64,""1"":64}","{""0"":64,""1"":64}","{""0"":128,""1"":128}",671a219773d4702bf1fe49fd391c15018becace9e7b8d0774d3c02e4affd5e13,976fd7189b7ec27cad55a45e3471dc1a698dfcd33949d703cc5ad9fc1037d8c3,add7b4024851243ce918d6b67fb9366d78bf1869d0c1a6ba53fc4da0bc23be4d,0.31460551000054693,
formal,sst2,distilbert-base-uncased,64,64,2,fp32_gpu,PASS,fp32_gpu,cuda,fp32,none,8,8,8,1,5,3,0.6171875,0.5780125142972482,255.45206356048584,0.4303416335943666,2323.735195332238,290.2822265625,128,128,256,"{""0"":64,""1"":64}","{""0"":64,""1"":64}","{""0"":128,""1"":128}",671a219773d4702bf1fe49fd391c15018becace9e7b8d0774d3c02e4affd5e13,976fd7189b7ec27cad55a45e3471dc1a698dfcd33949d703cc5ad9fc1037d8c3,add7b4024851243ce918d6b67fb9366d78bf1869d0c1a6ba53fc4da0bc23be4d,0.31460551000054693,
formal,sst2,distilbert-base-uncased,64,64,2,bf16_gpu,PASS,fp32_gpu,cuda,bf16,none,8,8,8,1,5,3,0.6171875,0.5780125142972482,255.45206356048584,0.5391768835949051,1854.6789197129617,372.638671875,128,128,256,"{""0"":64,""1"":64}","{""0"":64,""1"":64}","{""0"":128,""1"":128}",671a219773d4702bf1fe49fd391c15018becace9e7b8d0774d3c02e4affd5e13,976fd7189b7ec27cad55a45e3471dc1a698dfcd33949d703cc5ad9fc1037d8c3,add7b4024851243ce918d6b67fb9366d78bf1869d0c1a6ba53fc4da0bc23be4d,0.31460551000054693,
formal,sst2,distilbert-base-uncased,64,64,3,fp32_cpu,PASS,fp32_cpu,cpu,fp32,none,8,8,8,1,5,3,0.765625,0.7555385790679909,255.45206356048584,10.5311749398453,94.9561664023302,0.0,128,128,256,"{""0"":64,""1"":64}","{""0"":64,""1"":64}","{""0"":128,""1"":128}",e0a995c71794fa53f4a27a2c91490f2acfeffc5e6b739491b8bd6a75d6f6127e,0fee96d6c07cf098690caf7b8b6c54a9855d491e131555896781d5bdb104ccd8,7b592b501cde847e3846274980bc8e34fba92e13ad4466277fca69c6d0b43a71,0.31128207800065866,
formal,sst2,distilbert-base-uncased,64,64,3,dynamic_int8_cpu,PASS,fp32_cpu,cpu,int8_dynamic,dynamic_int8_linear,8,8,8,1,5,3,0.72265625,0.7009296585767174,132.28924465179443,6.555450271875429,152.54482278513464,0.0,128,128,256,"{""0"":64,""1"":64}","{""0"":64,""1"":64}","{""0"":128,""1"":128}",e0a995c71794fa53f4a27a2c91490f2acfeffc5e6b739491b8bd6a75d6f6127e,0fee96d6c07cf098690caf7b8b6c54a9855d491e131555896781d5bdb104ccd8,7b592b501cde847e3846274980bc8e34fba92e13ad4466277fca69c6d0b43a71,0.31128207800065866,
formal,sst2,distilbert-base-uncased,64,64,3,fp32_gpu,PASS,fp32_gpu,cuda,fp32,none,8,8,8,1,5,3,0.765625,0.7555385790679909,255.45206356048584,0.49235430390695,2031.0576998408649,290.2822265625,128,128,256,"{""0"":64,""1"":64}","{""0"":64,""1"":64}","{""0"":128,""1"":128}",e0a995c71794fa53f4a27a2c91490f2acfeffc5e6b739491b8bd6a75d6f6127e,0fee96d6c07cf098690caf7b8b6c54a9855d491e131555896781d5bdb104ccd8,7b592b501cde847e3846274980bc8e34fba92e13ad4466277fca69c6d0b43a71,0.31128207800065866,
formal,sst2,distilbert-base-uncased,64,64,3,bf16_gpu,PASS,fp32_gpu,cuda,bf16,none,8,8,8,1,5,3,0.765625,0.7555385790679909,255.45206356048584,0.537249714062682,1861.331842204253,372.638671875,128,128,256,"{""0"":64,""1"":64}","{""0"":64,""1"":64}","{""0"":128,""1"":128}",e0a995c71794fa53f4a27a2c91490f2acfeffc5e6b739491b8bd6a75d6f6127e,0fee96d6c07cf098690caf7b8b6c54a9855d491e131555896781d5bdb104ccd8,7b592b501cde847e3846274980bc8e34fba92e13ad4466277fca69c6d0b43a71,0.31128207800065866,
formal,sst2,distilbert-base-uncased,64,64,4,fp32_cpu,PASS,fp32_cpu,cpu,fp32,none,8,8,8,1,5,3,0.796875,0.7922985708044685,255.45206356048584,10.006688956249832,99.93315514972959,0.0,128,128,256,"{""0"":64,""1"":64}","{""0"":64,""1"":64}","{""0"":128,""1"":128}",19222c61578480c032ef1ead448387aa4686585a6211c70d0e9cc2f0ca4bce49,9a8a6a48536503c447624b9da6be093779e580980cf813755671714528757287,b2174e606a9e62fb609e59a9dd1d2034c4222c4e0b3518a2c69fbc542a7c45b2,0.3878362899995409,
formal,sst2,distilbert-base-uncased,64,64,4,dynamic_int8_cpu,PASS,fp32_cpu,cpu,int8_dynamic,dynamic_int8_linear,8,8,8,1,5,3,0.76171875,0.7526570048309179,132.28924465179443,6.169463735156455,162.08864221075456,0.0,128,128,256,"{""0"":64,""1"":64}","{""0"":64,""1"":64}","{""0"":128,""1"":128}",19222c61578480c032ef1ead448387aa4686585a6211c70d0e9cc2f0ca4bce49,9a8a6a48536503c447624b9da6be093779e580980cf813755671714528757287,b2174e606a9e62fb609e59a9dd1d2034c4222c4e0b3518a2c69fbc542a7c45b2,0.3878362899995409,
formal,sst2,distilbert-base-uncased,64,64,4,fp32_gpu,PASS,fp32_gpu,cuda,fp32,none,8,8,8,1,5,3,0.796875,0.7922985708044685,255.45206356048584,0.4438865374993384,2252.827953813514,289.9052734375,128,128,256,"{""0"":64,""1"":64}","{""0"":64,""1"":64}","{""0"":128,""1"":128}",19222c61578480c032ef1ead448387aa4686585a6211c70d0e9cc2f0ca4bce49,9a8a6a48536503c447624b9da6be093779e580980cf813755671714528757287,b2174e606a9e62fb609e59a9dd1d2034c4222c4e0b3518a2c69fbc542a7c45b2,0.3878362899995409,
formal,sst2,distilbert-base-uncased,64,64,4,bf16_gpu,PASS,fp32_gpu,cuda,bf16,none,8,8,8,1,5,3,0.796875,0.7922985708044685,255.45206356048584,0.5412546765626303,1847.5590942710069,371.6953125,128,128,256,"{""0"":64,""1"":64}","{""0"":64,""1"":64}","{""0"":128,""1"":128}",19222c61578480c032ef1ead448387aa4686585a6211c70d0e9cc2f0ca4bce49,9a8a6a48536503c447624b9da6be093779e580980cf813755671714528757287,b2174e606a9e62fb609e59a9dd1d2034c4222c4e0b3518a2c69fbc542a7c45b2,0.3878362899995409,
formal,sst2,distilbert-base-uncased,64,64,5,fp32_cpu,PASS,fp32_cpu,cpu,fp32,none,8,8,8,1,5,3,0.71875,0.7153446997776131,255.45206356048584,9.782783307031195,102.22039767366292,0.0,128,128,256,"{""0"":64,""1"":64}","{""0"":64,""1"":64}","{""0"":128,""1"":128}",49d10ce11ca63d0f05378404a3415685191112e440dd9f73f4f74b391a2c117c,2ec11359c71c9f7a4e63e771660be867ef91c03f8d5d7a9cef56fbf490aebd19,274602d2a9aecf5e33c656a6ec3c3df55ac18a84aa1a4e4a46e26235c323870f,0.3820531020028284,
formal,sst2,distilbert-base-uncased,64,64,5,dynamic_int8_cpu,PASS,fp32_cpu,cpu,int8_dynamic,dynamic_int8_linear,8,8,8,1,5,3,0.71484375,0.7065649190572645,132.28924465179443,6.346447992967796,157.56845421376704,0.0,128,128,256,"{""0"":64,""1"":64}","{""0"":64,""1"":64}","{""0"":128,""1"":128}",49d10ce11ca63d0f05378404a3415685191112e440dd9f73f4f74b391a2c117c,2ec11359c71c9f7a4e63e771660be867ef91c03f8d5d7a9cef56fbf490aebd19,274602d2a9aecf5e33c656a6ec3c3df55ac18a84aa1a4e4a46e26235c323870f,0.3820531020028284,
formal,sst2,distilbert-base-uncased,64,64,5,fp32_gpu,PASS,fp32_gpu,cuda,fp32,none,8,8,8,1,5,3,0.71875,0.7153446997776131,255.45206356048584,0.43100711640704503,2320.1473060031694,289.9052734375,128,128,256,"{""0"":64,""1"":64}","{""0"":64,""1"":64}","{""0"":128,""1"":128}",49d10ce11ca63d0f05378404a3415685191112e440dd9f73f4f74b391a2c117c,2ec11359c71c9f7a4e63e771660be867ef91c03f8d5d7a9cef56fbf490aebd19,274602d2a9aecf5e33c656a6ec3c3df55ac18a84aa1a4e4a46e26235c323870f,0.3820531020028284,
formal,sst2,distilbert-base-uncased,64,64,5,bf16_gpu,PASS,fp32_gpu,cuda,bf16,none,8,8,8,1,5,3,0.71875,0.7153446997776131,255.45206356048584,0.534591462499634,1870.5872991764898,371.6953125,128,128,256,"{""0"":64,""1"":64}","{""0"":64,""1"":64}","{""0"":128,""1"":128}",49d10ce11ca63d0f05378404a3415685191112e440dd9f73f4f74b391a2c117c,2ec11359c71c9f7a4e63e771660be867ef91c03f8d5d7a9cef56fbf490aebd19,274602d2a9aecf5e33c656a6ec3c3df55ac18a84aa1a4e4a46e26235c323870f,0.3820531020028284,
formal,sst2,distilbert-base-uncased,128,128,1,fp32_cpu,PASS,fp32_cpu,cpu,fp32,none,8,8,8,1,5,3,0.8359375,0.8347168419110865,255.45206356048584,10.260953831249253,97.45682676736611,0.0,256,256,256,"{""0"":128,""1"":128}","{""0"":128,""1"":128}","{""0"":128,""1"":128}",04c8d669c88145f62491eb13e78cb401de2f3d5fb8c3c126822432630d10adc6,e2d4b50ac79708d24bd6ca380de7347b4a9df72f860301d11922c9306af25036,543846d9d68ffe5b4b0f8ddf95eca5a7f97627a986335996ba18fd1e7ce2392f,0.6278322200014372,
formal,sst2,distilbert-base-uncased,128,128,1,dynamic_int8_cpu,PASS,fp32_cpu,cpu,int8_dynamic,dynamic_int8_linear,8,8,8,1,5,3,0.84375,0.8425874684867491,132.28924465179443,6.721172182813007,148.78357119865822,0.0,256,256,256,"{""0"":128,""1"":128}","{""0"":128,""1"":128}","{""0"":128,""1"":128}",04c8d669c88145f62491eb13e78cb401de2f3d5fb8c3c126822432630d10adc6,e2d4b50ac79708d24bd6ca380de7347b4a9df72f860301d11922c9306af25036,543846d9d68ffe5b4b0f8ddf95eca5a7f97627a986335996ba18fd1e7ce2392f,0.6278322200014372,
formal,sst2,distilbert-base-uncased,128,128,1,fp32_gpu,PASS,fp32_gpu,cuda,fp32,none,8,8,8,1,5,3,0.8359375,0.8347168419110865,255.45206356048584,0.4352906617185681,2297.315536363465,290.2822265625,256,256,256,"{""0"":128,""1"":128}","{""0"":128,""1"":128}","{""0"":128,""1"":128}",04c8d669c88145f62491eb13e78cb401de2f3d5fb8c3c126822432630d10adc6,e2d4b50ac79708d24bd6ca380de7347b4a9df72f860301d11922c9306af25036,543846d9d68ffe5b4b0f8ddf95eca5a7f97627a986335996ba18fd1e7ce2392f,0.6278322200014372,
formal,sst2,distilbert-base-uncased,128,128,1,bf16_gpu,PASS,fp32_gpu,cuda,bf16,none,8,8,8,1,5,3,0.83203125,0.8306643899887705,255.45206356048584,0.5346284734372375,1870.4578032868176,372.638671875,256,256,256,"{""0"":128,""1"":128}","{""0"":128,""1"":128}","{""0"":128,""1"":128}",04c8d669c88145f62491eb13e78cb401de2f3d5fb8c3c126822432630d10adc6,e2d4b50ac79708d24bd6ca380de7347b4a9df72f860301d11922c9306af25036,543846d9d68ffe5b4b0f8ddf95eca5a7f97627a986335996ba18fd1e7ce2392f,0.6278322200014372,
formal,sst2,distilbert-base-uncased,128,128,2,fp32_cpu,PASS,fp32_cpu,cpu,fp32,none,8,8,8,1,5,3,0.8046875,0.8043890213338223,255.45206356048584,9.977314642966917,100.22736936585511,0.0,256,256,256,"{""0"":128,""1"":128}","{""0"":128,""1"":128}","{""0"":128,""1"":128}",d7a43e997c0847f21a6822a6915b38a6be0fd2a35a762f051f7c4d52f459d15f,7f2a38ef886b0215262ef5a16e236940f5837ff37f1da41bf20ca0d538b409fa,add7b4024851243ce918d6b67fb9366d78bf1869d0c1a6ba53fc4da0bc23be4d,0.6318446100012807,
formal,sst2,distilbert-base-uncased,128,128,2,dynamic_int8_cpu,PASS,fp32_cpu,cpu,int8_dynamic,dynamic_int8_linear,8,8,8,1,5,3,0.78125,0.7811965811965812,132.28924465179443,6.47820852109362,154.36366346404435,0.0,256,256,256,"{""0"":128,""1"":128}","{""0"":128,""1"":128}","{""0"":128,""1"":128}",d7a43e997c0847f21a6822a6915b38a6be0fd2a35a762f051f7c4d52f459d15f,7f2a38ef886b0215262ef5a16e236940f5837ff37f1da41bf20ca0d538b409fa,add7b4024851243ce918d6b67fb9366d78bf1869d0c1a6ba53fc4da0bc23be4d,0.6318446100012807,
formal,sst2,distilbert-base-uncased,128,128,2,fp32_gpu,PASS,fp32_gpu,cuda,fp32,none,8,8,8,1,5,3,0.8046875,0.8043890213338223,255.45206356048584,0.442986982031357,2257.402679000654,290.2822265625,256,256,256,"{""0"":128,""1"":128}","{""0"":128,""1"":128}","{""0"":128,""1"":128}",d7a43e997c0847f21a6822a6915b38a6be0fd2a35a762f051f7c4d52f459d15f,7f2a38ef886b0215262ef5a16e236940f5837ff37f1da41bf20ca0d538b409fa,add7b4024851243ce918d6b67fb9366d78bf1869d0c1a6ba53fc4da0bc23be4d,0.6318446100012807,
formal,sst2,distilbert-base-uncased,128,128,2,bf16_gpu,PASS,fp32_gpu,cuda,bf16,none,8,8,8,1,5,3,0.80078125,0.8004127493694106,255.45206356048584,0.571345367185927,1750.2548501011654,372.638671875,256,256,256,"{""0"":128,""1"":128}","{""0"":128,""1"":128}","{""0"":128,""1"":128}",d7a43e997c0847f21a6822a6915b38a6be0fd2a35a762f051f7c4d52f459d15f,7f2a38ef886b0215262ef5a16e236940f5837ff37f1da41bf20ca0d538b409fa,add7b4024851243ce918d6b67fb9366d78bf1869d0c1a6ba53fc4da0bc23be4d,0.6318446100012807,
formal,sst2,distilbert-base-uncased,128,128,3,fp32_cpu,PASS,fp32_cpu,cpu,fp32,none,8,8,8,1,5,3,0.8828125,0.8827838827838828,255.45206356048584,9.906846732812369,100.94029179717799,0.0,256,256,256,"{""0"":128,""1"":128}","{""0"":128,""1"":128}","{""0"":128,""1"":128}",d382c7e29349a5ee060d8da3c937996800b46d57b16e32dcadba699e3dd02a14,f3e196e7f78d0e4ffbe0fc761cb7a9b1d500161fc71ece911c56396e98fa4fae,7b592b501cde847e3846274980bc8e34fba92e13ad4466277fca69c6d0b43a71,0.6363473790006537,
formal,sst2,distilbert-base-uncased,128,128,3,dynamic_int8_cpu,PASS,fp32_cpu,cpu,int8_dynamic,dynamic_int8_linear,8,8,8,1,5,3,0.87890625,0.8789044022278172,132.28924465179443,6.480013325781897,154.32067030191442,0.0,256,256,256,"{""0"":128,""1"":128}","{""0"":128,""1"":128}","{""0"":128,""1"":128}",d382c7e29349a5ee060d8da3c937996800b46d57b16e32dcadba699e3dd02a14,f3e196e7f78d0e4ffbe0fc761cb7a9b1d500161fc71ece911c56396e98fa4fae,7b592b501cde847e3846274980bc8e34fba92e13ad4466277fca69c6d0b43a71,0.6363473790006537,
formal,sst2,distilbert-base-uncased,128,128,3,fp32_gpu,PASS,fp32_gpu,cuda,fp32,none,8,8,8,1,5,3,0.8828125,0.8827838827838828,255.45206356048584,0.4191476085935619,2385.794358592363,290.2822265625,256,256,256,"{""0"":128,""1"":128}","{""0"":128,""1"":128}","{""0"":128,""1"":128}",d382c7e29349a5ee060d8da3c937996800b46d57b16e32dcadba699e3dd02a14,f3e196e7f78d0e4ffbe0fc761cb7a9b1d500161fc71ece911c56396e98fa4fae,7b592b501cde847e3846274980bc8e34fba92e13ad4466277fca69c6d0b43a71,0.6363473790006537,
formal,sst2,distilbert-base-uncased,128,128,3,bf16_gpu,PASS,fp32_gpu,cuda,bf16,none,8,8,8,1,5,3,0.8828125,0.8827838827838828,255.45206356048584,0.5335566109380352,1874.2153681535685,372.638671875,256,256,256,"{""0"":128,""1"":128}","{""0"":128,""1"":128}","{""0"":128,""1"":128}",d382c7e29349a5ee060d8da3c937996800b46d57b16e32dcadba699e3dd02a14,f3e196e7f78d0e4ffbe0fc761cb7a9b1d500161fc71ece911c56396e98fa4fae,7b592b501cde847e3846274980bc8e34fba92e13ad4466277fca69c6d0b43a71,0.6363473790006537,
formal,sst2,distilbert-base-uncased,128,128,4,fp32_cpu,PASS,fp32_cpu,cpu,fp32,none,8,8,8,1,5,3,0.84375,0.8437404626747238,255.45206356048584,9.341028459377299,107.05459300855861,0.0,256,256,256,"{""0"":128,""1"":128}","{""0"":128,""1"":128}","{""0"":128,""1"":128}",31de48c56430d993965c0578f8272592db119eded7039ff181daf97b5dd58269,596e053195585881475b0c6d2c59650452777680809e603cc3cddaa8e2212f36,b2174e606a9e62fb609e59a9dd1d2034c4222c4e0b3518a2c69fbc542a7c45b2,0.5819928540004184,
formal,sst2,distilbert-base-uncased,128,128,4,dynamic_int8_cpu,PASS,fp32_cpu,cpu,int8_dynamic,dynamic_int8_linear,8,8,8,1,5,3,0.84375,0.8436641221374046,132.28924465179443,6.39068565937464,156.47773232799796,0.0,256,256,256,"{""0"":128,""1"":128}","{""0"":128,""1"":128}","{""0"":128,""1"":128}",31de48c56430d993965c0578f8272592db119eded7039ff181daf97b5dd58269,596e053195585881475b0c6d2c59650452777680809e603cc3cddaa8e2212f36,b2174e606a9e62fb609e59a9dd1d2034c4222c4e0b3518a2c69fbc542a7c45b2,0.5819928540004184,
formal,sst2,distilbert-base-uncased,128,128,4,fp32_gpu,PASS,fp32_gpu,cuda,fp32,none,8,8,8,1,5,3,0.84375,0.8437404626747238,255.45206356048584,0.42543162734318685,2350.5539685542017,289.9052734375,256,256,256,"{""0"":128,""1"":128}","{""0"":128,""1"":128}","{""0"":128,""1"":128}",31de48c56430d993965c0578f8272592db119eded7039ff181daf97b5dd58269,596e053195585881475b0c6d2c59650452777680809e603cc3cddaa8e2212f36,b2174e606a9e62fb609e59a9dd1d2034c4222c4e0b3518a2c69fbc542a7c45b2,0.5819928540004184,
formal,sst2,distilbert-base-uncased,128,128,4,bf16_gpu,PASS,fp32_gpu,cuda,bf16,none,8,8,8,1,5,3,0.84375,0.8437404626747238,255.45206356048584,0.5752693007821108,1738.3162957599927,371.6953125,256,256,256,"{""0"":128,""1"":128}","{""0"":128,""1"":128}","{""0"":128,""1"":128}",31de48c56430d993965c0578f8272592db119eded7039ff181daf97b5dd58269,596e053195585881475b0c6d2c59650452777680809e603cc3cddaa8e2212f36,b2174e606a9e62fb609e59a9dd1d2034c4222c4e0b3518a2c69fbc542a7c45b2,0.5819928540004184,
formal,sst2,distilbert-base-uncased,128,128,5,fp32_cpu,PASS,fp32_cpu,cpu,fp32,none,8,8,8,1,5,3,0.8125,0.8098892258184294,255.45206356048584,10.116075016404125,98.85256864726786,0.0,256,256,256,"{""0"":128,""1"":128}","{""0"":128,""1"":128}","{""0"":128,""1"":128}",625a6477fca04e91445bb6afd4387b82ca610d1ec4789456b20daad6e99c475a,db8e5afb91a9b54d09ead342a612660a393b96f28550605d88762156e5beefc9,274602d2a9aecf5e33c656a6ec3c3df55ac18a84aa1a4e4a46e26235c323870f,0.6261140059978061,
formal,sst2,distilbert-base-uncased,128,128,5,dynamic_int8_cpu,PASS,fp32_cpu,cpu,int8_dynamic,dynamic_int8_linear,8,8,8,1,5,3,0.8046875,0.800747198007472,132.28924465179443,6.599984307811724,151.51551175908142,0.0,256,256,256,"{""0"":128,""1"":128}","{""0"":128,""1"":128}","{""0"":128,""1"":128}",625a6477fca04e91445bb6afd4387b82ca610d1ec4789456b20daad6e99c475a,db8e5afb91a9b54d09ead342a612660a393b96f28550605d88762156e5beefc9,274602d2a9aecf5e33c656a6ec3c3df55ac18a84aa1a4e4a46e26235c323870f,0.6261140059978061,
formal,sst2,distilbert-base-uncased,128,128,5,fp32_gpu,PASS,fp32_gpu,cuda,fp32,none,8,8,8,1,5,3,0.8125,0.8098892258184294,255.45206356048584,0.44487969531417093,2247.7986982386487,289.9052734375,256,256,256,"{""0"":128,""1"":128}","{""0"":128,""1"":128}","{""0"":128,""1"":128}",625a6477fca04e91445bb6afd4387b82ca610d1ec4789456b20daad6e99c475a,db8e5afb91a9b54d09ead342a612660a393b96f28550605d88762156e5beefc9,274602d2a9aecf5e33c656a6ec3c3df55ac18a84aa1a4e4a46e26235c323870f,0.6261140059978061,
formal,sst2,distilbert-base-uncased,128,128,5,bf16_gpu,PASS,fp32_gpu,cuda,bf16,none,8,8,8,1,5,3,0.8125,0.8098892258184294,255.45206356048584,0.5304324414055372,1885.2542226682158,371.6953125,256,256,256,"{""0"":128,""1"":128}","{""0"":128,""1"":128}","{""0"":128,""1"":128}",625a6477fca04e91445bb6afd4387b82ca610d1ec4789456b20daad6e99c475a,db8e5afb91a9b54d09ead342a612660a393b96f28550605d88762156e5beefc9,274602d2a9aecf5e33c656a6ec3c3df55ac18a84aa1a4e4a46e26235c323870f,0.6261140059978061,
formal,sst2,distilbert-base-uncased,256,256,1,fp32_cpu,PASS,fp32_cpu,cpu,fp32,none,8,8,8,1,5,3,0.84375,0.8434059212136041,255.45206356048584,10.477851296874974,95.43941516885725,0.0,512,512,256,"{""0"":256,""1"":256}","{""0"":256,""1"":256}","{""0"":128,""1"":128}",15537efa8b0d72b9b1d91b6600e63ad381482e40971be18f872fd79eca27f9e0,1181dd9456e4ab8c5e4b538d8d59bc1762403a30a403444af3769c999727d871,543846d9d68ffe5b4b0f8ddf95eca5a7f97627a986335996ba18fd1e7ce2392f,1.2109899889983353,
formal,sst2,distilbert-base-uncased,256,256,1,dynamic_int8_cpu,PASS,fp32_cpu,cpu,int8_dynamic,dynamic_int8_linear,8,8,8,1,5,3,0.828125,0.8276094276094277,132.28924465179443,6.422837121874636,155.6944355001999,0.0,512,512,256,"{""0"":256,""1"":256}","{""0"":256,""1"":256}","{""0"":128,""1"":128}",15537efa8b0d72b9b1d91b6600e63ad381482e40971be18f872fd79eca27f9e0,1181dd9456e4ab8c5e4b538d8d59bc1762403a30a403444af3769c999727d871,543846d9d68ffe5b4b0f8ddf95eca5a7f97627a986335996ba18fd1e7ce2392f,1.2109899889983353,
formal,sst2,distilbert-base-uncased,256,256,1,fp32_gpu,PASS,fp32_gpu,cuda,fp32,none,8,8,8,1,5,3,0.84375,0.8434059212136041,255.45206356048584,0.4238404992179312,2359.3781194699327,290.2822265625,512,512,256,"{""0"":256,""1"":256}","{""0"":256,""1"":256}","{""0"":128,""1"":128}",15537efa8b0d72b9b1d91b6600e63ad381482e40971be18f872fd79eca27f9e0,1181dd9456e4ab8c5e4b538d8d59bc1762403a30a403444af3769c999727d871,543846d9d68ffe5b4b0f8ddf95eca5a7f97627a986335996ba18fd1e7ce2392f,1.2109899889983353,
formal,sst2,distilbert-base-uncased,256,256,1,bf16_gpu,PASS,fp32_gpu,cuda,bf16,none,8,8,8,1,5,3,0.83984375,0.8395475043950165,255.45206356048584,0.521971148438638,1915.8147016195824,372.638671875,512,512,256,"{""0"":256,""1"":256}","{""0"":256,""1"":256}","{""0"":128,""1"":128}",15537efa8b0d72b9b1d91b6600e63ad381482e40971be18f872fd79eca27f9e0,1181dd9456e4ab8c5e4b538d8d59bc1762403a30a403444af3769c999727d871,543846d9d68ffe5b4b0f8ddf95eca5a7f97627a986335996ba18fd1e7ce2392f,1.2109899889983353,
formal,sst2,distilbert-base-uncased,256,256,2,fp32_cpu,PASS,fp32_cpu,cpu,fp32,none,8,8,8,1,5,3,0.8203125,0.8203125,255.45206356048584,10.4434221031255,95.75405361626825,0.0,512,512,256,"{""0"":256,""1"":256}","{""0"":256,""1"":256}","{""0"":128,""1"":128}",93e3e56a9cf85bb42374df8473320bf1f542ab9ee7ebbe883230cc445a336a7e,f77595eed88626b3ac6831d68a801e146132ea50d40fe2bdd1ffec75576c93bd,add7b4024851243ce918d6b67fb9366d78bf1869d0c1a6ba53fc4da0bc23be4d,1.1847999570018146,
formal,sst2,distilbert-base-uncased,256,256,2,dynamic_int8_cpu,PASS,fp32_cpu,cpu,int8_dynamic,dynamic_int8_linear,8,8,8,1,5,3,0.80078125,0.8007538877104095,132.28924465179443,6.463103921095126,154.7244191349096,0.0,512,512,256,"{""0"":256,""1"":256}","{""0"":256,""1"":256}","{""0"":128,""1"":128}",93e3e56a9cf85bb42374df8473320bf1f542ab9ee7ebbe883230cc445a336a7e,f77595eed88626b3ac6831d68a801e146132ea50d40fe2bdd1ffec75576c93bd,add7b4024851243ce918d6b67fb9366d78bf1869d0c1a6ba53fc4da0bc23be4d,1.1847999570018146,
formal,sst2,distilbert-base-uncased,256,256,2,fp32_gpu,PASS,fp32_gpu,cuda,fp32,none,8,8,8,1,5,3,0.8203125,0.8203125,255.45206356048584,0.4889369890634043,2045.2533196876257,290.2822265625,512,512,256,"{""0"":256,""1"":256}","{""0"":256,""1"":256}","{""0"":128,""1"":128}",93e3e56a9cf85bb42374df8473320bf1f542ab9ee7ebbe883230cc445a336a7e,f77595eed88626b3ac6831d68a801e146132ea50d40fe2bdd1ffec75576c93bd,add7b4024851243ce918d6b67fb9366d78bf1869d0c1a6ba53fc4da0bc23be4d,1.1847999570018146,
formal,sst2,distilbert-base-uncased,256,256,2,bf16_gpu,PASS,fp32_gpu,cuda,bf16,none,8,8,8,1,5,3,0.82421875,0.8242160677500572,255.45206356048584,0.5585845601558503,1790.2392427764037,372.638671875,512,512,256,"{""0"":256,""1"":256}","{""0"":256,""1"":256}","{""0"":128,""1"":128}",93e3e56a9cf85bb42374df8473320bf1f542ab9ee7ebbe883230cc445a336a7e,f77595eed88626b3ac6831d68a801e146132ea50d40fe2bdd1ffec75576c93bd,add7b4024851243ce918d6b67fb9366d78bf1869d0c1a6ba53fc4da0bc23be4d,1.1847999570018146,
formal,sst2,distilbert-base-uncased,256,256,3,fp32_cpu,PASS,fp32_cpu,cpu,fp32,none,8,8,8,1,5,3,0.890625,0.8905648854961832,255.45206356048584,9.997025209375465,100.02975675825789,0.0,512,512,256,"{""0"":256,""1"":256}","{""0"":256,""1"":256}","{""0"":128,""1"":128}",b02dc203b71deb40c7c7f595628354058ada7b72c47a6c61226bd2e1e57a9b60,c9c08a0444eef153fbd19a1e4b8b6540e64d92afd8566103b3aa0e53ccad0a87,7b592b501cde847e3846274980bc8e34fba92e13ad4466277fca69c6d0b43a71,1.5043657179994625,
formal,sst2,distilbert-base-uncased,256,256,3,dynamic_int8_cpu,PASS,fp32_cpu,cpu,int8_dynamic,dynamic_int8_linear,8,8,8,1,5,3,0.89453125,0.8944523340510331,132.28924465179443,6.597687552343245,151.5682566151285,0.0,512,512,256,"{""0"":256,""1"":256}","{""0"":256,""1"":256}","{""0"":128,""1"":128}",b02dc203b71deb40c7c7f595628354058ada7b72c47a6c61226bd2e1e57a9b60,c9c08a0444eef153fbd19a1e4b8b6540e64d92afd8566103b3aa0e53ccad0a87,7b592b501cde847e3846274980bc8e34fba92e13ad4466277fca69c6d0b43a71,1.5043657179994625,
formal,sst2,distilbert-base-uncased,256,256,3,fp32_gpu,PASS,fp32_gpu,cuda,fp32,none,8,8,8,1,5,3,0.890625,0.8905648854961832,255.45206356048584,0.4526236015635732,2209.341264011716,290.2822265625,512,512,256,"{""0"":256,""1"":256}","{""0"":256,""1"":256}","{""0"":128,""1"":128}",b02dc203b71deb40c7c7f595628354058ada7b72c47a6c61226bd2e1e57a9b60,c9c08a0444eef153fbd19a1e4b8b6540e64d92afd8566103b3aa0e53ccad0a87,7b592b501cde847e3846274980bc8e34fba92e13ad4466277fca69c6d0b43a71,1.5043657179994625,
formal,sst2,distilbert-base-uncased,256,256,3,bf16_gpu,PASS,fp32_gpu,cuda,bf16,none,8,8,8,1,5,3,0.890625,0.8905648854961832,255.45206356048584,0.5353164710953706,1868.0538597173904,372.638671875,512,512,256,"{""0"":256,""1"":256}","{""0"":256,""1"":256}","{""0"":128,""1"":128}",b02dc203b71deb40c7c7f595628354058ada7b72c47a6c61226bd2e1e57a9b60,c9c08a0444eef153fbd19a1e4b8b6540e64d92afd8566103b3aa0e53ccad0a87,7b592b501cde847e3846274980bc8e34fba92e13ad4466277fca69c6d0b43a71,1.5043657179994625,
formal,sst2,distilbert-base-uncased,256,256,4,fp32_cpu,PASS,fp32_cpu,cpu,fp32,none,8,8,8,1,5,3,0.83203125,0.8319055690442378,255.45206356048584,9.788625873434853,102.15938507915386,0.0,512,512,256,"{""0"":256,""1"":256}","{""0"":256,""1"":256}","{""0"":128,""1"":128}",683ea78bbec0f46618b10df7d6b57f93ece19a56efffeee9280a611edc00cb02,7147ed6da8da6778b5f3d75ccf55c92d9162b3410a76873acd703bbefe7fc4fd,b2174e606a9e62fb609e59a9dd1d2034c4222c4e0b3518a2c69fbc542a7c45b2,1.2435145300005388,
formal,sst2,distilbert-base-uncased,256,256,4,dynamic_int8_cpu,PASS,fp32_cpu,cpu,int8_dynamic,dynamic_int8_linear,8,8,8,1,5,3,0.8203125,0.8199168093956447,132.28924465179443,6.397990569530521,156.2990737689348,0.0,512,512,256,"{""0"":256,""1"":256}","{""0"":256,""1"":256}","{""0"":128,""1"":128}",683ea78bbec0f46618b10df7d6b57f93ece19a56efffeee9280a611edc00cb02,7147ed6da8da6778b5f3d75ccf55c92d9162b3410a76873acd703bbefe7fc4fd,b2174e606a9e62fb609e59a9dd1d2034c4222c4e0b3518a2c69fbc542a7c45b2,1.2435145300005388,
formal,sst2,distilbert-base-uncased,256,256,4,fp32_gpu,PASS,fp32_gpu,cuda,fp32,none,8,8,8,1,5,3,0.83203125,0.8319055690442378,255.45206356048584,0.43516802968781576,2297.9629287505054,289.9052734375,512,512,256,"{""0"":256,""1"":256}","{""0"":256,""1"":256}","{""0"":128,""1"":128}",683ea78bbec0f46618b10df7d6b57f93ece19a56efffeee9280a611edc00cb02,7147ed6da8da6778b5f3d75ccf55c92d9162b3410a76873acd703bbefe7fc4fd,b2174e606a9e62fb609e59a9dd1d2034c4222c4e0b3518a2c69fbc542a7c45b2,1.2435145300005388,
formal,sst2,distilbert-base-uncased,256,256,4,bf16_gpu,PASS,fp32_gpu,cuda,bf16,none,8,8,8,1,5,3,0.828125,0.8279569892473119,255.45206356048584,0.5295665093740354,1888.336936529525,371.6953125,512,512,256,"{""0"":256,""1"":256}","{""0"":256,""1"":256}","{""0"":128,""1"":128}",683ea78bbec0f46618b10df7d6b57f93ece19a56efffeee9280a611edc00cb02,7147ed6da8da6778b5f3d75ccf55c92d9162b3410a76873acd703bbefe7fc4fd,b2174e606a9e62fb609e59a9dd1d2034c4222c4e0b3518a2c69fbc542a7c45b2,1.2435145300005388,
formal,sst2,distilbert-base-uncased,256,256,5,fp32_cpu,PASS,fp32_cpu,cpu,fp32,none,8,8,8,1,5,3,0.8203125,0.8184397163120567,255.45206356048584,10.01391651797121,99.86102822061443,0.0,512,512,256,"{""0"":256,""1"":256}","{""0"":256,""1"":256}","{""0"":128,""1"":128}",3df34acb24650d4191a625de425b1b66352144c9950c356d0804b0b9a6b3bbdd,d588191f93e3a60f46fc416b1ac3e9817a940bb9bbb70cff3ff687b997d7feb8,274602d2a9aecf5e33c656a6ec3c3df55ac18a84aa1a4e4a46e26235c323870f,1.1702396840009897,
formal,sst2,distilbert-base-uncased,256,256,5,dynamic_int8_cpu,PASS,fp32_cpu,cpu,int8_dynamic,dynamic_int8_linear,8,8,8,1,5,3,0.81640625,0.8129091446253363,132.28924465179443,6.574346789844299,152.10636614800222,0.0,512,512,256,"{""0"":256,""1"":256}","{""0"":256,""1"":256}","{""0"":128,""1"":128}",3df34acb24650d4191a625de425b1b66352144c9950c356d0804b0b9a6b3bbdd,d588191f93e3a60f46fc416b1ac3e9817a940bb9bbb70cff3ff687b997d7feb8,274602d2a9aecf5e33c656a6ec3c3df55ac18a84aa1a4e4a46e26235c323870f,1.1702396840009897,
formal,sst2,distilbert-base-uncased,256,256,5,fp32_gpu,PASS,fp32_gpu,cuda,fp32,none,8,8,8,1,5,3,0.8203125,0.8184397163120567,255.45206356048584,0.42090479921625956,2375.834159795843,289.9052734375,512,512,256,"{""0"":256,""1"":256}","{""0"":256,""1"":256}","{""0"":128,""1"":128}",3df34acb24650d4191a625de425b1b66352144c9950c356d0804b0b9a6b3bbdd,d588191f93e3a60f46fc416b1ac3e9817a940bb9bbb70cff3ff687b997d7feb8,274602d2a9aecf5e33c656a6ec3c3df55ac18a84aa1a4e4a46e26235c323870f,1.1702396840009897,
formal,sst2,distilbert-base-uncased,256,256,5,bf16_gpu,PASS,fp32_gpu,cuda,bf16,none,8,8,8,1,5,3,0.8203125,0.8184397163120567,255.45206356048584,0.5272234109355622,1896.7291270800965,371.6953125,512,512,256,"{""0"":256,""1"":256}","{""0"":256,""1"":256}","{""0"":128,""1"":128}",3df34acb24650d4191a625de425b1b66352144c9950c356d0804b0b9a6b3bbdd,d588191f93e3a60f46fc416b1ac3e9817a940bb9bbb70cff3ff687b997d7feb8,274602d2a9aecf5e33c656a6ec3c3df55ac18a84aa1a4e4a46e26235c323870f,1.1702396840009897,
formal,mrpc,distilbert-base-uncased,64,64,1,fp32_cpu,PASS,fp32_cpu,cpu,fp32,none,8,8,8,1,5,3,0.5546875,0.525,255.45206356048584,18.27269539140559,54.72646364314384,0.0,128,128,256,"{""0"":64,""1"":64}","{""0"":64,""1"":64}","{""0"":128,""1"":128}",2cf8ce630f3272edfee91be8eb4f082c9f8b251d230f54167324feaa9c97243d,190fa8ef71ff31c41c26ad131737a30ae206ae5e5942c1e7ffee6b48f4331b13,57179e44fa2e21f0548fb8d1917f7ae658a561f6066f20e5cfe31bb7719f3f25,0.3705765490012709,
formal,mrpc,distilbert-base-uncased,64,64,1,dynamic_int8_cpu,PASS,fp32_cpu,cpu,int8_dynamic,dynamic_int8_linear,8,8,8,1,5,3,0.5546875,0.5164369034994698,132.28924465179443,10.892395892969375,91.80716619430457,0.0,128,128,256,"{""0"":64,""1"":64}","{""0"":64,""1"":64}","{""0"":128,""1"":128}",2cf8ce630f3272edfee91be8eb4f082c9f8b251d230f54167324feaa9c97243d,190fa8ef71ff31c41c26ad131737a30ae206ae5e5942c1e7ffee6b48f4331b13,57179e44fa2e21f0548fb8d1917f7ae658a561f6066f20e5cfe31bb7719f3f25,0.3705765490012709,
formal,mrpc,distilbert-base-uncased,64,64,1,fp32_gpu,PASS,fp32_gpu,cuda,fp32,none,8,8,8,1,5,3,0.5546875,0.525,255.45206356048584,0.5118360234376951,1953.750721341575,296.1806640625,128,128,256,"{""0"":64,""1"":64}","{""0"":64,""1"":64}","{""0"":128,""1"":128}",2cf8ce630f3272edfee91be8eb4f082c9f8b251d230f54167324feaa9c97243d,190fa8ef71ff31c41c26ad131737a30ae206ae5e5942c1e7ffee6b48f4331b13,57179e44fa2e21f0548fb8d1917f7ae658a561f6066f20e5cfe31bb7719f3f25,0.3705765490012709,
formal,mrpc,distilbert-base-uncased,64,64,1,bf16_gpu,PASS,fp32_gpu,cuda,bf16,none,8,8,8,1,5,3,0.5546875,0.525,255.45206356048584,0.6420564828147235,1557.495371148783,380.1015625,128,128,256,"{""0"":64,""1"":64}","{""0"":64,""1"":64}","{""0"":128,""1"":128}",2cf8ce630f3272edfee91be8eb4f082c9f8b251d230f54167324feaa9c97243d,190fa8ef71ff31c41c26ad131737a30ae206ae5e5942c1e7ffee6b48f4331b13,57179e44fa2e21f0548fb8d1917f7ae658a561f6066f20e5cfe31bb7719f3f25,0.3705765490012709,
formal,mrpc,distilbert-base-uncased,64,64,2,fp32_cpu,PASS,fp32_cpu,cpu,fp32,none,8,8,8,1,5,3,0.57421875,0.5686838240976893,255.45206356048584,15.807988801560667,63.25915412473429,0.0,128,128,256,"{""0"":64,""1"":64}","{""0"":64,""1"":64}","{""0"":128,""1"":128}",93b99d96ca6efdfc83be4a378ace5d72ba8af169376b8bc87e6b8dcfd35e34b0,78a8e37a628453baad9fe07eeac51d85499355aaa1e11bfe08cc6b43d3d48624,e61b43b6c9239b73536a9aff0a8a75bc2a9900014ded4eda5e76fefc0b887f3d,0.41260360299929744,
formal,mrpc,distilbert-base-uncased,64,64,2,dynamic_int8_cpu,PASS,fp32_cpu,cpu,int8_dynamic,dynamic_int8_linear,8,8,8,1,5,3,0.53125,0.5126594327051208,132.28924465179443,11.731960310936529,85.23724710079358,0.0,128,128,256,"{""0"":64,""1"":64}","{""0"":64,""1"":64}","{""0"":128,""1"":128}",93b99d96ca6efdfc83be4a378ace5d72ba8af169376b8bc87e6b8dcfd35e34b0,78a8e37a628453baad9fe07eeac51d85499355aaa1e11bfe08cc6b43d3d48624,e61b43b6c9239b73536a9aff0a8a75bc2a9900014ded4eda5e76fefc0b887f3d,0.41260360299929744,
formal,mrpc,distilbert-base-uncased,64,64,2,fp32_gpu,PASS,fp32_gpu,cuda,fp32,none,8,8,8,1,5,3,0.57421875,0.5686838240976893,255.45206356048584,0.6732191820304934,1485.4003372035604,295.75634765625,128,128,256,"{""0"":64,""1"":64}","{""0"":64,""1"":64}","{""0"":128,""1"":128}",93b99d96ca6efdfc83be4a378ace5d72ba8af169376b8bc87e6b8dcfd35e34b0,78a8e37a628453baad9fe07eeac51d85499355aaa1e11bfe08cc6b43d3d48624,e61b43b6c9239b73536a9aff0a8a75bc2a9900014ded4eda5e76fefc0b887f3d,0.41260360299929744,
formal,mrpc,distilbert-base-uncased,64,64,2,bf16_gpu,PASS,fp32_gpu,cuda,bf16,none,8,8,8,1,5,3,0.57421875,0.5686838240976893,255.45206356048584,0.783527809375073,1276.2788863838555,377.45068359375,128,128,256,"{""0"":64,""1"":64}","{""0"":64,""1"":64}","{""0"":128,""1"":128}",93b99d96ca6efdfc83be4a378ace5d72ba8af169376b8bc87e6b8dcfd35e34b0,78a8e37a628453baad9fe07eeac51d85499355aaa1e11bfe08cc6b43d3d48624,e61b43b6c9239b73536a9aff0a8a75bc2a9900014ded4eda5e76fefc0b887f3d,0.41260360299929744,
formal,mrpc,distilbert-base-uncased,64,64,3,fp32_cpu,PASS,fp32_cpu,cpu,fp32,none,8,8,8,1,5,3,0.55078125,0.46401587561672764,255.45206356048584,18.512814932810784,54.01663677994597,0.0,128,128,256,"{""0"":64,""1"":64}","{""0"":64,""1"":64}","{""0"":128,""1"":128}",5f1a507da66d01e66f68b76d10bbdf88a53ebea86bda49eb1ccddef6f5791561,d0019f6e4d2b021e1ff090058ece313e54c60ee6e03e94e5932c98f5c008dbc2,708c271e2adbebe07176651673ca9075d2167a9bb44f9464c4e890f0c48b5071,0.42583372999797575,
formal,mrpc,distilbert-base-uncased,64,64,3,dynamic_int8_cpu,PASS,fp32_cpu,cpu,int8_dynamic,dynamic_int8_linear,8,8,8,1,5,3,0.5390625,0.45207864760937383,132.28924465179443,11.654119832812171,85.80656577637895,0.0,128,128,256,"{""0"":64,""1"":64}","{""0"":64,""1"":64}","{""0"":128,""1"":128}",5f1a507da66d01e66f68b76d10bbdf88a53ebea86bda49eb1ccddef6f5791561,d0019f6e4d2b021e1ff090058ece313e54c60ee6e03e94e5932c98f5c008dbc2,708c271e2adbebe07176651673ca9075d2167a9bb44f9464c4e890f0c48b5071,0.42583372999797575,
formal,mrpc,distilbert-base-uncased,64,64,3,fp32_gpu,PASS,fp32_gpu,cuda,fp32,none,8,8,8,1,5,3,0.55078125,0.46401587561672764,255.45206356048584,0.5247466054697725,1905.6816939382832,295.75634765625,128,128,256,"{""0"":64,""1"":64}","{""0"":64,""1"":64}","{""0"":128,""1"":128}",5f1a507da66d01e66f68b76d10bbdf88a53ebea86bda49eb1ccddef6f5791561,d0019f6e4d2b021e1ff090058ece313e54c60ee6e03e94e5932c98f5c008dbc2,708c271e2adbebe07176651673ca9075d2167a9bb44f9464c4e890f0c48b5071,0.42583372999797575,
formal,mrpc,distilbert-base-uncased,64,64,3,bf16_gpu,PASS,fp32_gpu,cuda,bf16,none,8,8,8,1,5,3,0.55078125,0.46401587561672764,255.45206356048584,0.675626724219569,1480.107231038147,377.45068359375,128,128,256,"{""0"":64,""1"":64}","{""0"":64,""1"":64}","{""0"":128,""1"":128}",5f1a507da66d01e66f68b76d10bbdf88a53ebea86bda49eb1ccddef6f5791561,d0019f6e4d2b021e1ff090058ece313e54c60ee6e03e94e5932c98f5c008dbc2,708c271e2adbebe07176651673ca9075d2167a9bb44f9464c4e890f0c48b5071,0.42583372999797575,
formal,mrpc,distilbert-base-uncased,64,64,4,fp32_cpu,PASS,fp32_cpu,cpu,fp32,none,8,8,8,1,5,3,0.546875,0.5458771715194519,255.45206356048584,20.30671356015432,49.24479763984027,0.0,128,128,256,"{""0"":64,""1"":64}","{""0"":64,""1"":64}","{""0"":128,""1"":128}",826356c54b30af3948b4a9fb14957fe50d20feb3f820e4c4ef74848442c6d640,4c29f4f0f5c88cacb8ada6026870817d54465238c7497b2ef7452d74da84823c,72264ff5ae0d46057bfd8be33e8813237d475d4cf2fa5bc89effcee37763d08b,0.45380269499946735,
formal,mrpc,distilbert-base-uncased,64,64,4,dynamic_int8_cpu,PASS,fp32_cpu,cpu,int8_dynamic,dynamic_int8_linear,8,8,8,1,5,3,0.55078125,0.5177486199158026,132.28924465179443,12.802965111720255,78.10690658561329,0.0,128,128,256,"{""0"":64,""1"":64}","{""0"":64,""1"":64}","{""0"":128,""1"":128}",826356c54b30af3948b4a9fb14957fe50d20feb3f820e4c4ef74848442c6d640,4c29f4f0f5c88cacb8ada6026870817d54465238c7497b2ef7452d74da84823c,72264ff5ae0d46057bfd8be33e8813237d475d4cf2fa5bc89effcee37763d08b,0.45380269499946735,
formal,mrpc,distilbert-base-uncased,64,64,4,fp32_gpu,PASS,fp32_gpu,cuda,fp32,none,8,8,8,1,5,3,0.546875,0.5458771715194519,255.45206356048584,0.6908267460914885,1447.5409437427406,296.1806640625,128,128,256,"{""0"":64,""1"":64}","{""0"":64,""1"":64}","{""0"":128,""1"":128}",826356c54b30af3948b4a9fb14957fe50d20feb3f820e4c4ef74848442c6d640,4c29f4f0f5c88cacb8ada6026870817d54465238c7497b2ef7452d74da84823c,72264ff5ae0d46057bfd8be33e8813237d475d4cf2fa5bc89effcee37763d08b,0.45380269499946735,
formal,mrpc,distilbert-base-uncased,64,64,4,bf16_gpu,PASS,fp32_gpu,cuda,bf16,none,8,8,8,1,5,3,0.546875,0.5458771715194519,255.45206356048584,0.9017730242192101,1108.9264960723776,380.1015625,128,128,256,"{""0"":64,""1"":64}","{""0"":64,""1"":64}","{""0"":128,""1"":128}",826356c54b30af3948b4a9fb14957fe50d20feb3f820e4c4ef74848442c6d640,4c29f4f0f5c88cacb8ada6026870817d54465238c7497b2ef7452d74da84823c,72264ff5ae0d46057bfd8be33e8813237d475d4cf2fa5bc89effcee37763d08b,0.45380269499946735,
formal,mrpc,distilbert-base-uncased,64,64,5,fp32_cpu,PASS,fp32_cpu,cpu,fp32,none,8,8,8,1,5,3,0.5546875,0.5398297067171239,255.45206356048584,19.477840189844642,51.34039453313618,0.0,128,128,256,"{""0"":64,""1"":64}","{""0"":64,""1"":64}","{""0"":128,""1"":128}",ba27f97269e37c177f8d23b52007b77367d9051a4edcd380ca064afbf58720f5,31cccefa33bd4ec3e40159298aba739fc84e1071e4062b565756e3c21e13ba51,c59cdf20d8d0bbfd136657596c77e43b7986ca6c806cc618399adacb5012b5ad,0.53768826400119,
formal,mrpc,distilbert-base-uncased,64,64,5,dynamic_int8_cpu,PASS,fp32_cpu,cpu,int8_dynamic,dynamic_int8_linear,8,8,8,1,5,3,0.5390625,0.5367723731828498,132.28924465179443,12.54254507187511,79.7286351589327,0.0,128,128,256,"{""0"":64,""1"":64}","{""0"":64,""1"":64}","{""0"":128,""1"":128}",ba27f97269e37c177f8d23b52007b77367d9051a4edcd380ca064afbf58720f5,31cccefa33bd4ec3e40159298aba739fc84e1071e4062b565756e3c21e13ba51,c59cdf20d8d0bbfd136657596c77e43b7986ca6c806cc618399adacb5012b5ad,0.53768826400119,
formal,mrpc,distilbert-base-uncased,64,64,5,fp32_gpu,PASS,fp32_gpu,cuda,fp32,none,8,8,8,1,5,3,0.5546875,0.5398297067171239,255.45206356048584,0.5508754992206377,1815.2922056159155,296.1806640625,128,128,256,"{""0"":64,""1"":64}","{""0"":64,""1"":64}","{""0"":128,""1"":128}",ba27f97269e37c177f8d23b52007b77367d9051a4edcd380ca064afbf58720f5,31cccefa33bd4ec3e40159298aba739fc84e1071e4062b565756e3c21e13ba51,c59cdf20d8d0bbfd136657596c77e43b7986ca6c806cc618399adacb5012b5ad,0.53768826400119,
formal,mrpc,distilbert-base-uncased,64,64,5,bf16_gpu,PASS,fp32_gpu,cuda,bf16,none,8,8,8,1,5,3,0.5546875,0.5398297067171239,255.45206356048584,0.7743422218766227,1291.4186670287645,380.1015625,128,128,256,"{""0"":64,""1"":64}","{""0"":64,""1"":64}","{""0"":128,""1"":128}",ba27f97269e37c177f8d23b52007b77367d9051a4edcd380ca064afbf58720f5,31cccefa33bd4ec3e40159298aba739fc84e1071e4062b565756e3c21e13ba51,c59cdf20d8d0bbfd136657596c77e43b7986ca6c806cc618399adacb5012b5ad,0.53768826400119,
formal,mrpc,distilbert-base-uncased,128,128,1,fp32_cpu,PASS,fp32_cpu,cpu,fp32,none,8,8,8,1,5,3,0.6015625,0.5630522088353414,255.45206356048584,18.856380750000312,53.03244632456753,0.0,256,256,256,"{""0"":128,""1"":128}","{""0"":128,""1"":128}","{""0"":128,""1"":128}",5c2afbef28b4a526a1649d6ab5d2b9113d0c7b0fb6c1e829507a72dced290ae0,c37fee962764389777c156dc13bf46409f4fb91529697adcebeb88f260895654,57179e44fa2e21f0548fb8d1917f7ae658a561f6066f20e5cfe31bb7719f3f25,0.9390396429989778,
formal,mrpc,distilbert-base-uncased,128,128,1,dynamic_int8_cpu,PASS,fp32_cpu,cpu,int8_dynamic,dynamic_int8_linear,8,8,8,1,5,3,0.58984375,0.5535402860132542,132.28924465179443,12.568586132030646,79.56344408950912,0.0,256,256,256,"{""0"":128,""1"":128}","{""0"":128,""1"":128}","{""0"":128,""1"":128}",5c2afbef28b4a526a1649d6ab5d2b9113d0c7b0fb6c1e829507a72dced290ae0,c37fee962764389777c156dc13bf46409f4fb91529697adcebeb88f260895654,57179e44fa2e21f0548fb8d1917f7ae658a561f6066f20e5cfe31bb7719f3f25,0.9390396429989778,
formal,mrpc,distilbert-base-uncased,128,128,1,fp32_gpu,PASS,fp32_gpu,cuda,fp32,none,8,8,8,1,5,3,0.6015625,0.5630522088353414,255.45206356048584,0.6618853601565888,1510.8356525115164,296.1806640625,256,256,256,"{""0"":128,""1"":128}","{""0"":128,""1"":128}","{""0"":128,""1"":128}",5c2afbef28b4a526a1649d6ab5d2b9113d0c7b0fb6c1e829507a72dced290ae0,c37fee962764389777c156dc13bf46409f4fb91529697adcebeb88f260895654,57179e44fa2e21f0548fb8d1917f7ae658a561f6066f20e5cfe31bb7719f3f25,0.9390396429989778,
formal,mrpc,distilbert-base-uncased,128,128,1,bf16_gpu,PASS,fp32_gpu,cuda,bf16,none,8,8,8,1,5,3,0.59765625,0.5576358481386414,255.45206356048584,0.8545820820330619,1170.162610501951,380.1015625,256,256,256,"{""0"":128,""1"":128}","{""0"":128,""1"":128}","{""0"":128,""1"":128}",5c2afbef28b4a526a1649d6ab5d2b9113d0c7b0fb6c1e829507a72dced290ae0,c37fee962764389777c156dc13bf46409f4fb91529697adcebeb88f260895654,57179e44fa2e21f0548fb8d1917f7ae658a561f6066f20e5cfe31bb7719f3f25,0.9390396429989778,
formal,mrpc,distilbert-base-uncased,128,128,2,fp32_cpu,PASS,fp32_cpu,cpu,fp32,none,8,8,8,1,5,3,0.59375,0.5835835835835836,255.45206356048584,18.23663382968732,54.834681078703525,0.0,256,256,256,"{""0"":128,""1"":128}","{""0"":128,""1"":128}","{""0"":128,""1"":128}",7efabec35bae5c9719b12dbd9782c62f87c571ab6f6e04cf11e327a4684513ff,77564ba92eaa2b93e7048277daee6148cecfe98aa9583b655fdc8c532b44591a,e61b43b6c9239b73536a9aff0a8a75bc2a9900014ded4eda5e76fefc0b887f3d,0.9883757099996728,
formal,mrpc,distilbert-base-uncased,128,128,2,dynamic_int8_cpu,PASS,fp32_cpu,cpu,int8_dynamic,dynamic_int8_linear,8,8,8,1,5,3,0.58203125,0.5647572892667037,132.28924465179443,11.892809850783692,84.0844184466721,0.0,256,256,256,"{""0"":128,""1"":128}","{""0"":128,""1"":128}","{""0"":128,""1"":128}",7efabec35bae5c9719b12dbd9782c62f87c571ab6f6e04cf11e327a4684513ff,77564ba92eaa2b93e7048277daee6148cecfe98aa9583b655fdc8c532b44591a,e61b43b6c9239b73536a9aff0a8a75bc2a9900014ded4eda5e76fefc0b887f3d,0.9883757099996728,
formal,mrpc,distilbert-base-uncased,128,128,2,fp32_gpu,PASS,fp32_gpu,cuda,fp32,none,8,8,8,1,5,3,0.59375,0.5835835835835836,255.45206356048584,0.5256109937505471,1902.5477242483175,295.75634765625,256,256,256,"{""0"":128,""1"":128}","{""0"":128,""1"":128}","{""0"":128,""1"":128}",7efabec35bae5c9719b12dbd9782c62f87c571ab6f6e04cf11e327a4684513ff,77564ba92eaa2b93e7048277daee6148cecfe98aa9583b655fdc8c532b44591a,e61b43b6c9239b73536a9aff0a8a75bc2a9900014ded4eda5e76fefc0b887f3d,0.9883757099996728,
formal,mrpc,distilbert-base-uncased,128,128,2,bf16_gpu,PASS,fp32_gpu,cuda,bf16,none,8,8,8,1,5,3,0.59375,0.5835835835835836,255.45206356048584,0.6606844218737251,1513.5819263968167,377.45068359375,256,256,256,"{""0"":128,""1"":128}","{""0"":128,""1"":128}","{""0"":128,""1"":128}",7efabec35bae5c9719b12dbd9782c62f87c571ab6f6e04cf11e327a4684513ff,77564ba92eaa2b93e7048277daee6148cecfe98aa9583b655fdc8c532b44591a,e61b43b6c9239b73536a9aff0a8a75bc2a9900014ded4eda5e76fefc0b887f3d,0.9883757099996728,
formal,mrpc,distilbert-base-uncased,128,128,3,fp32_cpu,PASS,fp32_cpu,cpu,fp32,none,8,8,8,1,5,3,0.6171875,0.5822843822843823,255.45206356048584,17.949399777344865,55.71216934296414,0.0,256,256,256,"{""0"":128,""1"":128}","{""0"":128,""1"":128}","{""0"":128,""1"":128}",800c271cbd7f8a31518ac08f8c42e785bfed4d69bef4162ea7e0d4eb9993eef7,06139b2fa2c7bc42f327b3fd19b0fb43e1b4cc73a07fc42dc48cf8dc93fc97b2,708c271e2adbebe07176651673ca9075d2167a9bb44f9464c4e890f0c48b5071,1.0073351219980395,
formal,mrpc,distilbert-base-uncased,128,128,3,dynamic_int8_cpu,PASS,fp32_cpu,cpu,int8_dynamic,dynamic_int8_linear,8,8,8,1,5,3,0.58984375,0.5742456640532193,132.28924465179443,11.853740538282409,84.36155631806149,0.0,256,256,256,"{""0"":128,""1"":128}","{""0"":128,""1"":128}","{""0"":128,""1"":128}",800c271cbd7f8a31518ac08f8c42e785bfed4d69bef4162ea7e0d4eb9993eef7,06139b2fa2c7bc42f327b3fd19b0fb43e1b4cc73a07fc42dc48cf8dc93fc97b2,708c271e2adbebe07176651673ca9075d2167a9bb44f9464c4e890f0c48b5071,1.0073351219980395,
formal,mrpc,distilbert-base-uncased,128,128,3,fp32_gpu,PASS,fp32_gpu,cuda,fp32,none,8,8,8,1,5,3,0.6171875,0.5822843822843823,255.45206356048584,0.5435440953107218,1839.7771379125022,295.75634765625,256,256,256,"{""0"":128,""1"":128}","{""0"":128,""1"":128}","{""0"":128,""1"":128}",800c271cbd7f8a31518ac08f8c42e785bfed4d69bef4162ea7e0d4eb9993eef7,06139b2fa2c7bc42f327b3fd19b0fb43e1b4cc73a07fc42dc48cf8dc93fc97b2,708c271e2adbebe07176651673ca9075d2167a9bb44f9464c4e890f0c48b5071,1.0073351219980395,
formal,mrpc,distilbert-base-uncased,128,128,3,bf16_gpu,PASS,fp32_gpu,cuda,bf16,none,8,8,8,1,5,3,0.61328125,0.5769725092220127,255.45206356048584,0.7998111796865714,1250.2951013911536,377.45068359375,256,256,256,"{""0"":128,""1"":128}","{""0"":128,""1"":128}","{""0"":128,""1"":128}",800c271cbd7f8a31518ac08f8c42e785bfed4d69bef4162ea7e0d4eb9993eef7,06139b2fa2c7bc42f327b3fd19b0fb43e1b4cc73a07fc42dc48cf8dc93fc97b2,708c271e2adbebe07176651673ca9075d2167a9bb44f9464c4e890f0c48b5071,1.0073351219980395,
formal,mrpc,distilbert-base-uncased,128,128,4,fp32_cpu,PASS,fp32_cpu,cpu,fp32,none,8,8,8,1,5,3,0.5234375,0.5012456084318109,255.45206356048584,18.76767165234412,53.283114630529994,0.0,256,256,256,"{""0"":128,""1"":128}","{""0"":128,""1"":128}","{""0"":128,""1"":128}",30e1cc969bb022b5ec11e84b93c956cb82ea3314acb9d449d5cc9c9d62911eb4,693c68c45340a1b197a670dca70ce8dfb1e6139dac48e1bfa55dbf4275b3c6d2,72264ff5ae0d46057bfd8be33e8813237d475d4cf2fa5bc89effcee37763d08b,0.7963997379993089,
formal,mrpc,distilbert-base-uncased,128,128,4,dynamic_int8_cpu,PASS,fp32_cpu,cpu,int8_dynamic,dynamic_int8_linear,8,8,8,1,5,3,0.5,0.4729460207167213,132.28924465179443,12.257986528905462,81.57946638641737,0.0,256,256,256,"{""0"":128,""1"":128}","{""0"":128,""1"":128}","{""0"":128,""1"":128}",30e1cc969bb022b5ec11e84b93c956cb82ea3314acb9d449d5cc9c9d62911eb4,693c68c45340a1b197a670dca70ce8dfb1e6139dac48e1bfa55dbf4275b3c6d2,72264ff5ae0d46057bfd8be33e8813237d475d4cf2fa5bc89effcee37763d08b,0.7963997379993089,
formal,mrpc,distilbert-base-uncased,128,128,4,fp32_gpu,PASS,fp32_gpu,cuda,fp32,none,8,8,8,1,5,3,0.5234375,0.5012456084318109,255.45206356048584,0.5746184343763616,1740.2852748455741,296.1806640625,256,256,256,"{""0"":128,""1"":128}","{""0"":128,""1"":128}","{""0"":128,""1"":128}",30e1cc969bb022b5ec11e84b93c956cb82ea3314acb9d449d5cc9c9d62911eb4,693c68c45340a1b197a670dca70ce8dfb1e6139dac48e1bfa55dbf4275b3c6d2,72264ff5ae0d46057bfd8be33e8813237d475d4cf2fa5bc89effcee37763d08b,0.7963997379993089,
formal,mrpc,distilbert-base-uncased,128,128,4,bf16_gpu,PASS,fp32_gpu,cuda,bf16,none,8,8,8,1,5,3,0.5234375,0.5012456084318109,255.45206356048584,0.69362178749941,1441.7078846457814,380.1015625,256,256,256,"{""0"":128,""1"":128}","{""0"":128,""1"":128}","{""0"":128,""1"":128}",30e1cc969bb022b5ec11e84b93c956cb82ea3314acb9d449d5cc9c9d62911eb4,693c68c45340a1b197a670dca70ce8dfb1e6139dac48e1bfa55dbf4275b3c6d2,72264ff5ae0d46057bfd8be33e8813237d475d4cf2fa5bc89effcee37763d08b,0.7963997379993089,
formal,mrpc,distilbert-base-uncased,128,128,5,fp32_cpu,PASS,fp32_cpu,cpu,fp32,none,8,8,8,1,5,3,0.59375,0.5888312330121077,255.45206356048584,19.445355673437348,51.42616143380783,0.0,256,256,256,"{""0"":128,""1"":128}","{""0"":128,""1"":128}","{""0"":128,""1"":128}",2bb32ea1b83d6f5d05f49bfb089bc3343317a573bb64446ad5a0f866238a2692,6e41efcce428b83e6b90c4197f0110072a3c1762133121a06f85707d3c56bd05,c59cdf20d8d0bbfd136657596c77e43b7986ca6c806cc618399adacb5012b5ad,0.9198327049998625,
formal,mrpc,distilbert-base-uncased,128,128,5,dynamic_int8_cpu,PASS,fp32_cpu,cpu,int8_dynamic,dynamic_int8_linear,8,8,8,1,5,3,0.609375,0.5911849249441072,132.28924465179443,12.016046709373995,83.22204666696884,0.0,256,256,256,"{""0"":128,""1"":128}","{""0"":128,""1"":128}","{""0"":128,""1"":128}",2bb32ea1b83d6f5d05f49bfb089bc3343317a573bb64446ad5a0f866238a2692,6e41efcce428b83e6b90c4197f0110072a3c1762133121a06f85707d3c56bd05,c59cdf20d8d0bbfd136657596c77e43b7986ca6c806cc618399adacb5012b5ad,0.9198327049998625,
formal,mrpc,distilbert-base-uncased,128,128,5,fp32_gpu,PASS,fp32_gpu,cuda,fp32,none,8,8,8,1,5,3,0.59375,0.5888312330121077,255.45206356048584,0.5403297906241278,1850.7215729210734,296.1806640625,256,256,256,"{""0"":128,""1"":128}","{""0"":128,""1"":128}","{""0"":128,""1"":128}",2bb32ea1b83d6f5d05f49bfb089bc3343317a573bb64446ad5a0f866238a2692,6e41efcce428b83e6b90c4197f0110072a3c1762133121a06f85707d3c56bd05,c59cdf20d8d0bbfd136657596c77e43b7986ca6c806cc618399adacb5012b5ad,0.9198327049998625,
formal,mrpc,distilbert-base-uncased,128,128,5,bf16_gpu,PASS,fp32_gpu,cuda,bf16,none,8,8,8,1,5,3,0.59375,0.5888312330121077,255.45206356048584,0.7116646515640923,1405.1562035604916,380.1015625,256,256,256,"{""0"":128,""1"":128}","{""0"":128,""1"":128}","{""0"":128,""1"":128}",2bb32ea1b83d6f5d05f49bfb089bc3343317a573bb64446ad5a0f866238a2692,6e41efcce428b83e6b90c4197f0110072a3c1762133121a06f85707d3c56bd05,c59cdf20d8d0bbfd136657596c77e43b7986ca6c806cc618399adacb5012b5ad,0.9198327049998625,
formal,mrpc,distilbert-base-uncased,256,256,1,fp32_cpu,PASS,fp32_cpu,cpu,fp32,none,8,8,8,1,5,3,0.6484375,0.6387129147588283,255.45206356048584,18.68848941875001,53.50887263240806,0.0,512,512,256,"{""0"":256,""1"":256}","{""0"":256,""1"":256}","{""0"":128,""1"":128}",968f8f1baa5f7b8a35121efbc642fecccbae1640d1a8ecc14d96015d6f2d1494,d5549fa9950e03ebde5f2a22985e98cccc439c0ae557db435a658620ea949abe,57179e44fa2e21f0548fb8d1917f7ae658a561f6066f20e5cfe31bb7719f3f25,1.7189675480003643,
formal,mrpc,distilbert-base-uncased,256,256,1,dynamic_int8_cpu,PASS,fp32_cpu,cpu,int8_dynamic,dynamic_int8_linear,8,8,8,1,5,3,0.65234375,0.6457215717373388,132.28924465179443,12.857707221095893,77.77436387408794,0.0,512,512,256,"{""0"":256,""1"":256}","{""0"":256,""1"":256}","{""0"":128,""1"":128}",968f8f1baa5f7b8a35121efbc642fecccbae1640d1a8ecc14d96015d6f2d1494,d5549fa9950e03ebde5f2a22985e98cccc439c0ae557db435a658620ea949abe,57179e44fa2e21f0548fb8d1917f7ae658a561f6066f20e5cfe31bb7719f3f25,1.7189675480003643,
formal,mrpc,distilbert-base-uncased,256,256,1,fp32_gpu,PASS,fp32_gpu,cuda,fp32,none,8,8,8,1,5,3,0.6484375,0.6387129147588283,255.45206356048584,0.5577213687502081,1793.010015450707,296.1806640625,512,512,256,"{""0"":256,""1"":256}","{""0"":256,""1"":256}","{""0"":128,""1"":128}",968f8f1baa5f7b8a35121efbc642fecccbae1640d1a8ecc14d96015d6f2d1494,d5549fa9950e03ebde5f2a22985e98cccc439c0ae557db435a658620ea949abe,57179e44fa2e21f0548fb8d1917f7ae658a561f6066f20e5cfe31bb7719f3f25,1.7189675480003643,
formal,mrpc,distilbert-base-uncased,256,256,1,bf16_gpu,PASS,fp32_gpu,cuda,bf16,none,8,8,8,1,5,3,0.64453125,0.6342110634823434,255.45206356048584,0.7039795335913368,1420.4958415460192,380.1015625,512,512,256,"{""0"":256,""1"":256}","{""0"":256,""1"":256}","{""0"":128,""1"":128}",968f8f1baa5f7b8a35121efbc642fecccbae1640d1a8ecc14d96015d6f2d1494,d5549fa9950e03ebde5f2a22985e98cccc439c0ae557db435a658620ea949abe,57179e44fa2e21f0548fb8d1917f7ae658a561f6066f20e5cfe31bb7719f3f25,1.7189675480003643,
formal,mrpc,distilbert-base-uncased,256,256,2,fp32_cpu,PASS,fp32_cpu,cpu,fp32,none,8,8,8,1,5,3,0.66796875,0.666824884016475,255.45206356048584,18.181935673439398,54.999644590142495,0.0,512,512,256,"{""0"":256,""1"":256}","{""0"":256,""1"":256}","{""0"":128,""1"":128}",baf9d514d4e22a57962e00a78d66ff574d0d729f1630c788b32d1bd524a6ea87,153fd3cecb0ac320420ff026d10936d13b44d476b54f0d0a388f2d2ffbb2f813,e61b43b6c9239b73536a9aff0a8a75bc2a9900014ded4eda5e76fefc0b887f3d,1.686572761998832,
formal,mrpc,distilbert-base-uncased,256,256,2,dynamic_int8_cpu,PASS,fp32_cpu,cpu,int8_dynamic,dynamic_int8_linear,8,8,8,1,5,3,0.66796875,0.6673545822823511,132.28924465179443,11.744062678906175,85.14940930927818,0.0,512,512,256,"{""0"":256,""1"":256}","{""0"":256,""1"":256}","{""0"":128,""1"":128}",baf9d514d4e22a57962e00a78d66ff574d0d729f1630c788b32d1bd524a6ea87,153fd3cecb0ac320420ff026d10936d13b44d476b54f0d0a388f2d2ffbb2f813,e61b43b6c9239b73536a9aff0a8a75bc2a9900014ded4eda5e76fefc0b887f3d,1.686572761998832,
formal,mrpc,distilbert-base-uncased,256,256,2,fp32_gpu,PASS,fp32_gpu,cuda,fp32,none,8,8,8,1,5,3,0.66796875,0.666824884016475,255.45206356048584,0.5320627468762495,1879.4775726566443,295.75634765625,512,512,256,"{""0"":256,""1"":256}","{""0"":256,""1"":256}","{""0"":128,""1"":128}",baf9d514d4e22a57962e00a78d66ff574d0d729f1630c788b32d1bd524a6ea87,153fd3cecb0ac320420ff026d10936d13b44d476b54f0d0a388f2d2ffbb2f813,e61b43b6c9239b73536a9aff0a8a75bc2a9900014ded4eda5e76fefc0b887f3d,1.686572761998832,
formal,mrpc,distilbert-base-uncased,256,256,2,bf16_gpu,PASS,fp32_gpu,cuda,bf16,none,8,8,8,1,5,3,0.66796875,0.666824884016475,255.45206356048584,0.7256961929698491,1377.987110429209,377.45068359375,512,512,256,"{""0"":256,""1"":256}","{""0"":256,""1"":256}","{""0"":128,""1"":128}",baf9d514d4e22a57962e00a78d66ff574d0d729f1630c788b32d1bd524a6ea87,153fd3cecb0ac320420ff026d10936d13b44d476b54f0d0a388f2d2ffbb2f813,e61b43b6c9239b73536a9aff0a8a75bc2a9900014ded4eda5e76fefc0b887f3d,1.686572761998832,
formal,mrpc,distilbert-base-uncased,256,256,3,fp32_cpu,PASS,fp32_cpu,cpu,fp32,none,8,8,8,1,5,3,0.69921875,0.6991039672726718,255.45206356048584,18.09239382421879,55.27184571128354,0.0,512,512,256,"{""0"":256,""1"":256}","{""0"":256,""1"":256}","{""0"":128,""1"":128}",a516d7d0c71158651f8ea88eecc918553d9760a1756b1eedc2d7251f95c43574,a54739704e8d4a464e821021cbd4020e6f042b3c975f33cff160fb35b348edea,708c271e2adbebe07176651673ca9075d2167a9bb44f9464c4e890f0c48b5071,1.5881762760000129,
formal,mrpc,distilbert-base-uncased,256,256,3,dynamic_int8_cpu,PASS,fp32_cpu,cpu,int8_dynamic,dynamic_int8_linear,8,8,8,1,5,3,0.66015625,0.6502896980545481,132.28924465179443,12.340157217187198,81.03624470903937,0.0,512,512,256,"{""0"":256,""1"":256}","{""0"":256,""1"":256}","{""0"":128,""1"":128}",a516d7d0c71158651f8ea88eecc918553d9760a1756b1eedc2d7251f95c43574,a54739704e8d4a464e821021cbd4020e6f042b3c975f33cff160fb35b348edea,708c271e2adbebe07176651673ca9075d2167a9bb44f9464c4e890f0c48b5071,1.5881762760000129,
formal,mrpc,distilbert-base-uncased,256,256,3,fp32_gpu,PASS,fp32_gpu,cuda,fp32,none,8,8,8,1,5,3,0.69921875,0.6991039672726718,255.45206356048584,0.6792595937525903,1472.1912052437415,295.75634765625,512,512,256,"{""0"":256,""1"":256}","{""0"":256,""1"":256}","{""0"":128,""1"":128}",a516d7d0c71158651f8ea88eecc918553d9760a1756b1eedc2d7251f95c43574,a54739704e8d4a464e821021cbd4020e6f042b3c975f33cff160fb35b348edea,708c271e2adbebe07176651673ca9075d2167a9bb44f9464c4e890f0c48b5071,1.5881762760000129,
formal,mrpc,distilbert-base-uncased,256,256,3,bf16_gpu,PASS,fp32_gpu,cuda,bf16,none,8,8,8,1,5,3,0.69921875,0.6991039672726718,255.45206356048584,1.2360061570319658,809.0574584201993,377.45068359375,512,512,256,"{""0"":256,""1"":256}","{""0"":256,""1"":256}","{""0"":128,""1"":128}",a516d7d0c71158651f8ea88eecc918553d9760a1756b1eedc2d7251f95c43574,a54739704e8d4a464e821021cbd4020e6f042b3c975f33cff160fb35b348edea,708c271e2adbebe07176651673ca9075d2167a9bb44f9464c4e890f0c48b5071,1.5881762760000129,
formal,mrpc,distilbert-base-uncased,256,256,4,fp32_cpu,PASS,fp32_cpu,cpu,fp32,none,8,8,8,1,5,3,0.67578125,0.6749430140590817,255.45206356048584,20.508560030467038,48.760127406040375,0.0,512,512,256,"{""0"":256,""1"":256}","{""0"":256,""1"":256}","{""0"":128,""1"":128}",cf3095c6a248742a38500bec7f48e412ce262c9406196ebfe8ac2c5de7f54a36,aac7bfaa96408eb8b1a4336146a963d032e8336ec6d53a79eaf3c67f2d0f7927,72264ff5ae0d46057bfd8be33e8813237d475d4cf2fa5bc89effcee37763d08b,2.642903362000652,
formal,mrpc,distilbert-base-uncased,256,256,4,dynamic_int8_cpu,PASS,fp32_cpu,cpu,int8_dynamic,dynamic_int8_linear,8,8,8,1,5,3,0.68359375,0.6827757125154894,132.28924465179443,13.031151099218619,76.73919152544879,0.0,512,512,256,"{""0"":256,""1"":256}","{""0"":256,""1"":256}","{""0"":128,""1"":128}",cf3095c6a248742a38500bec7f48e412ce262c9406196ebfe8ac2c5de7f54a36,aac7bfaa96408eb8b1a4336146a963d032e8336ec6d53a79eaf3c67f2d0f7927,72264ff5ae0d46057bfd8be33e8813237d475d4cf2fa5bc89effcee37763d08b,2.642903362000652,
formal,mrpc,distilbert-base-uncased,256,256,4,fp32_gpu,PASS,fp32_gpu,cuda,fp32,none,8,8,8,1,5,3,0.67578125,0.6749430140590817,255.45206356048584,0.9289648039072063,1076.4670478300375,296.1806640625,512,512,256,"{""0"":256,""1"":256}","{""0"":256,""1"":256}","{""0"":128,""1"":128}",cf3095c6a248742a38500bec7f48e412ce262c9406196ebfe8ac2c5de7f54a36,aac7bfaa96408eb8b1a4336146a963d032e8336ec6d53a79eaf3c67f2d0f7927,72264ff5ae0d46057bfd8be33e8813237d475d4cf2fa5bc89effcee37763d08b,2.642903362000652,
formal,mrpc,distilbert-base-uncased,256,256,4,bf16_gpu,PASS,fp32_gpu,cuda,bf16,none,8,8,8,1,5,3,0.6796875,0.6787266605448423,255.45206356048584,1.1842656875018065,844.4051115839447,380.1015625,512,512,256,"{""0"":256,""1"":256}","{""0"":256,""1"":256}","{""0"":128,""1"":128}",cf3095c6a248742a38500bec7f48e412ce262c9406196ebfe8ac2c5de7f54a36,aac7bfaa96408eb8b1a4336146a963d032e8336ec6d53a79eaf3c67f2d0f7927,72264ff5ae0d46057bfd8be33e8813237d475d4cf2fa5bc89effcee37763d08b,2.642903362000652,
formal,mrpc,distilbert-base-uncased,256,256,5,fp32_cpu,PASS,fp32_cpu,cpu,fp32,none,8,8,8,1,5,3,0.68359375,0.6818411967779057,255.45206356048584,15.960505913281242,62.65465552491468,0.0,512,512,256,"{""0"":256,""1"":256}","{""0"":256,""1"":256}","{""0"":128,""1"":128}",cd6827bac00b4e68f493c24b35812bcb6047f45ea347543127681d42059f61f7,3d22bd07b67fc50a25094044dc213b1e634cb342f0a3f9873ea12c404811743b,c59cdf20d8d0bbfd136657596c77e43b7986ca6c806cc618399adacb5012b5ad,1.9238634670000465,
formal,mrpc,distilbert-base-uncased,256,256,5,dynamic_int8_cpu,PASS,fp32_cpu,cpu,int8_dynamic,dynamic_int8_linear,8,8,8,1,5,3,0.671875,0.6698599852616065,132.28924465179443,9.936578849218769,100.63825942251962,0.0,512,512,256,"{""0"":256,""1"":256}","{""0"":256,""1"":256}","{""0"":128,""1"":128}",cd6827bac00b4e68f493c24b35812bcb6047f45ea347543127681d42059f61f7,3d22bd07b67fc50a25094044dc213b1e634cb342f0a3f9873ea12c404811743b,c59cdf20d8d0bbfd136657596c77e43b7986ca6c806cc618399adacb5012b5ad,1.9238634670000465,
formal,mrpc,distilbert-base-uncased,256,256,5,fp32_gpu,PASS,fp32_gpu,cuda,fp32,none,8,8,8,1,5,3,0.68359375,0.6818411967779057,255.45206356048584,0.47434008359372726,2108.1920642753457,297.4931640625,512,512,256,"{""0"":256,""1"":256}","{""0"":256,""1"":256}","{""0"":128,""1"":128}",cd6827bac00b4e68f493c24b35812bcb6047f45ea347543127681d42059f61f7,3d22bd07b67fc50a25094044dc213b1e634cb342f0a3f9873ea12c404811743b,c59cdf20d8d0bbfd136657596c77e43b7986ca6c806cc618399adacb5012b5ad,1.9238634670000465,
formal,mrpc,distilbert-base-uncased,256,256,5,bf16_gpu,PASS,fp32_gpu,cuda,bf16,none,8,8,8,1,5,3,0.68359375,0.6818411967779057,255.45206356048584,0.593550260156217,1684.7772920473644,379.6171875,512,512,256,"{""0"":256,""1"":256}","{""0"":256,""1"":256}","{""0"":128,""1"":128}",cd6827bac00b4e68f493c24b35812bcb6047f45ea347543127681d42059f61f7,3d22bd07b67fc50a25094044dc213b1e634cb342f0a3f9873ea12c404811743b,c59cdf20d8d0bbfd136657596c77e43b7986ca6c806cc618399adacb5012b5ad,1.9238634670000465,
formal,rte,distilbert-base-uncased,64,64,1,fp32_cpu,PASS,fp32_cpu,cpu,fp32,none,8,8,8,1,5,3,0.48828125,0.45957618241882203,255.45206356048584,24.037869840624992,41.60102399381324,0.0,128,128,256,"{""0"":64,""1"":64}","{""0"":64,""1"":64}","{""0"":128,""1"":128}",89965f7765fad97c3084a3131a8224c31970179447a256b8fcc25d0d95fbeb81,9fbb5965c9237b06a045ba9e04a6ccbc17b6e52b931361137970b5609ad6b5d0,3b414f97ff96c2b4313dfba37e9c4a4698c4651a6b50057909da1992d450905b,0.44041780600002767,
formal,rte,distilbert-base-uncased,64,64,1,dynamic_int8_cpu,PASS,fp32_cpu,cpu,int8_dynamic,dynamic_int8_linear,8,8,8,1,5,3,0.5,0.4920634920634921,132.28924465179443,14.744946032031248,67.81984809084045,0.0,128,128,256,"{""0"":64,""1"":64}","{""0"":64,""1"":64}","{""0"":128,""1"":128}",89965f7765fad97c3084a3131a8224c31970179447a256b8fcc25d0d95fbeb81,9fbb5965c9237b06a045ba9e04a6ccbc17b6e52b931361137970b5609ad6b5d0,3b414f97ff96c2b4313dfba37e9c4a4698c4651a6b50057909da1992d450905b,0.44041780600002767,
formal,rte,distilbert-base-uncased,64,64,1,fp32_gpu,PASS,fp32_gpu,cuda,fp32,none,8,8,8,1,5,3,0.48828125,0.45957618241882203,255.45206356048584,0.5391166499999933,1854.886136423374,308.39697265625,128,128,256,"{""0"":64,""1"":64}","{""0"":64,""1"":64}","{""0"":128,""1"":128}",89965f7765fad97c3084a3131a8224c31970179447a256b8fcc25d0d95fbeb81,9fbb5965c9237b06a045ba9e04a6ccbc17b6e52b931361137970b5609ad6b5d0,3b414f97ff96c2b4313dfba37e9c4a4698c4651a6b50057909da1992d450905b,0.44041780600002767,
formal,rte,distilbert-base-uncased,64,64,1,bf16_gpu,PASS,fp32_gpu,cuda,bf16,none,8,8,8,1,5,3,0.48828125,0.45957618241882203,255.45206356048584,0.5617437382812618,1780.171156085599,386.10888671875,128,128,256,"{""0"":64,""1"":64}","{""0"":64,""1"":64}","{""0"":128,""1"":128}",89965f7765fad97c3084a3131a8224c31970179447a256b8fcc25d0d95fbeb81,9fbb5965c9237b06a045ba9e04a6ccbc17b6e52b931361137970b5609ad6b5d0,3b414f97ff96c2b4313dfba37e9c4a4698c4651a6b50057909da1992d450905b,0.44041780600002767,
formal,rte,distilbert-base-uncased,64,64,2,fp32_cpu,PASS,fp32_cpu,cpu,fp32,none,8,8,8,1,5,3,0.48828125,0.4574779584243307,255.45206356048584,23.709771671093804,42.17670308563823,0.0,128,128,256,"{""0"":64,""1"":64}","{""0"":64,""1"":64}","{""0"":128,""1"":128}",29a6173e66afa275653de64e73ae0ab77db0f0da2d0a2dbe2053fc603e10070b,9978e98798636a03368317351d762dc94c27af2395e267b3806b5e8a4d0ed0b7,d553ccc02ee5510663c131f1e0d85fececd81507280777f3181c0bb2b4701d0b,0.43728304199999,
formal,rte,distilbert-base-uncased,64,64,2,dynamic_int8_cpu,PASS,fp32_cpu,cpu,int8_dynamic,dynamic_int8_linear,8,8,8,1,5,3,0.50390625,0.46256715431027356,132.28924465179443,14.698272360937459,68.0352068218322,0.0,128,128,256,"{""0"":64,""1"":64}","{""0"":64,""1"":64}","{""0"":128,""1"":128}",29a6173e66afa275653de64e73ae0ab77db0f0da2d0a2dbe2053fc603e10070b,9978e98798636a03368317351d762dc94c27af2395e267b3806b5e8a4d0ed0b7,d553ccc02ee5510663c131f1e0d85fececd81507280777f3181c0bb2b4701d0b,0.43728304199999,
formal,rte,distilbert-base-uncased,64,64,2,fp32_gpu,PASS,fp32_gpu,cuda,fp32,none,8,8,8,1,5,3,0.48828125,0.4574779584243307,255.45206356048584,0.5372635398437353,1861.2839432410638,308.39697265625,128,128,256,"{""0"":64,""1"":64}","{""0"":64,""1"":64}","{""0"":128,""1"":128}",29a6173e66afa275653de64e73ae0ab77db0f0da2d0a2dbe2053fc603e10070b,9978e98798636a03368317351d762dc94c27af2395e267b3806b5e8a4d0ed0b7,d553ccc02ee5510663c131f1e0d85fececd81507280777f3181c0bb2b4701d0b,0.43728304199999,
formal,rte,distilbert-base-uncased,64,64,2,bf16_gpu,PASS,fp32_gpu,cuda,bf16,none,8,8,8,1,5,3,0.48828125,0.4574779584243307,255.45206356048584,0.5713215984375353,1750.3276661250427,386.10888671875,128,128,256,"{""0"":64,""1"":64}","{""0"":64,""1"":64}","{""0"":128,""1"":128}",29a6173e66afa275653de64e73ae0ab77db0f0da2d0a2dbe2053fc603e10070b,9978e98798636a03368317351d762dc94c27af2395e267b3806b5e8a4d0ed0b7,d553ccc02ee5510663c131f1e0d85fececd81507280777f3181c0bb2b4701d0b,0.43728304199999,
formal,rte,distilbert-base-uncased,64,64,3,fp32_cpu,PASS,fp32_cpu,cpu,fp32,none,8,8,8,1,5,3,0.53125,0.5283714075165806,255.45206356048584,23.488246364062526,42.57448531917731,0.0,128,128,256,"{""0"":64,""1"":64}","{""0"":64,""1"":64}","{""0"":128,""1"":128}",b15b5a071dad6e125947442300da6fdb643032f1454b8c5cb6953043170c694c,486eea8a3da17bde0788da12ae77a70287245bac7d59674258fe9dc67838a549,3771cdb7f17da7fa4cadde788a2aa984aca31850931f0868df566395bb9571a0,0.43763501900002666,
formal,rte,distilbert-base-uncased,64,64,3,dynamic_int8_cpu,PASS,fp32_cpu,cpu,int8_dynamic,dynamic_int8_linear,8,8,8,1,5,3,0.52734375,0.5241416391427913,132.28924465179443,14.92890251640624,66.98416034943237,0.0,128,128,256,"{""0"":64,""1"":64}","{""0"":64,""1"":64}","{""0"":128,""1"":128}",b15b5a071dad6e125947442300da6fdb643032f1454b8c5cb6953043170c694c,486eea8a3da17bde0788da12ae77a70287245bac7d59674258fe9dc67838a549,3771cdb7f17da7fa4cadde788a2aa984aca31850931f0868df566395bb9571a0,0.43763501900002666,
formal,rte,distilbert-base-uncased,64,64,3,fp32_gpu,PASS,fp32_gpu,cuda,fp32,none,8,8,8,1,5,3,0.53125,0.5283714075165806,255.45206356048584,0.5410405234375304,1848.2903898703291,308.39697265625,128,128,256,"{""0"":64,""1"":64}","{""0"":64,""1"":64}","{""0"":128,""1"":128}",b15b5a071dad6e125947442300da6fdb643032f1454b8c5cb6953043170c694c,486eea8a3da17bde0788da12ae77a70287245bac7d59674258fe9dc67838a549,3771cdb7f17da7fa4cadde788a2aa984aca31850931f0868df566395bb9571a0,0.43763501900002666,
formal,rte,distilbert-base-uncased,64,64,3,bf16_gpu,PASS,fp32_gpu,cuda,bf16,none,8,8,8,1,5,3,0.53125,0.5283714075165806,255.45206356048584,0.5869405718749832,1703.7500011381007,386.10888671875,128,128,256,"{""0"":64,""1"":64}","{""0"":64,""1"":64}","{""0"":128,""1"":128}",b15b5a071dad6e125947442300da6fdb643032f1454b8c5cb6953043170c694c,486eea8a3da17bde0788da12ae77a70287245bac7d59674258fe9dc67838a549,3771cdb7f17da7fa4cadde788a2aa984aca31850931f0868df566395bb9571a0,0.43763501900002666,
formal,rte,distilbert-base-uncased,64,64,4,fp32_cpu,PASS,fp32_cpu,cpu,fp32,none,8,8,8,1,5,3,0.55859375,0.5584253026209338,255.45206356048584,23.465796278124973,42.615216979967094,0.0,128,128,256,"{""0"":64,""1"":64}","{""0"":64,""1"":64}","{""0"":128,""1"":128}",3c875e97356cdadd1a3d0e905c7ff5262b45261002dab7525f1f5b98c45246ec,8fdf04a6779420d2138962e9e7e5d3f5701287bf2d388c35db44f86bd1975374,f9379a1972ce4c0cd0630f64593550cd9738c2237e7c1770627c631eb5736a9a,0.47638975799998207,
formal,rte,distilbert-base-uncased,64,64,4,dynamic_int8_cpu,PASS,fp32_cpu,cpu,int8_dynamic,dynamic_int8_linear,8,8,8,1,5,3,0.52734375,0.5161134109193158,132.28924465179443,14.697715564062541,68.03778421492284,0.0,128,128,256,"{""0"":64,""1"":64}","{""0"":64,""1"":64}","{""0"":128,""1"":128}",3c875e97356cdadd1a3d0e905c7ff5262b45261002dab7525f1f5b98c45246ec,8fdf04a6779420d2138962e9e7e5d3f5701287bf2d388c35db44f86bd1975374,f9379a1972ce4c0cd0630f64593550cd9738c2237e7c1770627c631eb5736a9a,0.47638975799998207,
formal,rte,distilbert-base-uncased,64,64,4,fp32_gpu,PASS,fp32_gpu,cuda,fp32,none,8,8,8,1,5,3,0.55859375,0.5584253026209338,255.45206356048584,0.5529496734373751,1808.4828476044954,308.39697265625,128,128,256,"{""0"":64,""1"":64}","{""0"":64,""1"":64}","{""0"":128,""1"":128}",3c875e97356cdadd1a3d0e905c7ff5262b45261002dab7525f1f5b98c45246ec,8fdf04a6779420d2138962e9e7e5d3f5701287bf2d388c35db44f86bd1975374,f9379a1972ce4c0cd0630f64593550cd9738c2237e7c1770627c631eb5736a9a,0.47638975799998207,
formal,rte,distilbert-base-uncased,64,64,4,bf16_gpu,PASS,fp32_gpu,cuda,bf16,none,8,8,8,1,5,3,0.55859375,0.5584253026209338,255.45206356048584,0.5887587507812597,1698.4885552410717,386.10888671875,128,128,256,"{""0"":64,""1"":64}","{""0"":64,""1"":64}","{""0"":128,""1"":128}",3c875e97356cdadd1a3d0e905c7ff5262b45261002dab7525f1f5b98c45246ec,8fdf04a6779420d2138962e9e7e5d3f5701287bf2d388c35db44f86bd1975374,f9379a1972ce4c0cd0630f64593550cd9738c2237e7c1770627c631eb5736a9a,0.47638975799998207,
formal,rte,distilbert-base-uncased,64,64,5,fp32_cpu,PASS,fp32_cpu,cpu,fp32,none,8,8,8,1,5,3,0.515625,0.5126504544338001,255.45206356048584,23.50055022890629,42.55219517243361,0.0,128,128,256,"{""0"":64,""1"":64}","{""0"":64,""1"":64}","{""0"":128,""1"":128}",af0ddaf84189b584f30343dc65f57718ef72074d089bcaa79396f5be65996e3a,2a4e84bfcea8278f50407af960270ca4a7550d8540dffdb7da597c084403f6ce,67828c93b9c81369eafccbe11a62edacef310753a7278a3b41c81ab41105204c,0.4302237540000533,
formal,rte,distilbert-base-uncased,64,64,5,dynamic_int8_cpu,PASS,fp32_cpu,cpu,int8_dynamic,dynamic_int8_linear,8,8,8,1,5,3,0.48046875,0.4791255526488901,132.28924465179443,14.878496082031312,67.21109408414573,0.0,128,128,256,"{""0"":64,""1"":64}","{""0"":64,""1"":64}","{""0"":128,""1"":128}",af0ddaf84189b584f30343dc65f57718ef72074d089bcaa79396f5be65996e3a,2a4e84bfcea8278f50407af960270ca4a7550d8540dffdb7da597c084403f6ce,67828c93b9c81369eafccbe11a62edacef310753a7278a3b41c81ab41105204c,0.4302237540000533,
formal,rte,distilbert-base-uncased,64,64,5,fp32_gpu,PASS,fp32_gpu,cuda,fp32,none,8,8,8,1,5,3,0.515625,0.5126504544338001,255.45206356048584,0.5408014351562684,1849.1075189381531,308.39697265625,128,128,256,"{""0"":64,""1"":64}","{""0"":64,""1"":64}","{""0"":128,""1"":128}",af0ddaf84189b584f30343dc65f57718ef72074d089bcaa79396f5be65996e3a,2a4e84bfcea8278f50407af960270ca4a7550d8540dffdb7da597c084403f6ce,67828c93b9c81369eafccbe11a62edacef310753a7278a3b41c81ab41105204c,0.4302237540000533,
formal,rte,distilbert-base-uncased,64,64,5,bf16_gpu,PASS,fp32_gpu,cuda,bf16,none,8,8,8,1,5,3,0.515625,0.5126504544338001,255.45206356048584,0.5642203195312945,1772.3572962255482,386.10888671875,128,128,256,"{""0"":64,""1"":64}","{""0"":64,""1"":64}","{""0"":128,""1"":128}",af0ddaf84189b584f30343dc65f57718ef72074d089bcaa79396f5be65996e3a,2a4e84bfcea8278f50407af960270ca4a7550d8540dffdb7da597c084403f6ce,67828c93b9c81369eafccbe11a62edacef310753a7278a3b41c81ab41105204c,0.4302237540000533,
formal,rte,distilbert-base-uncased,128,128,1,fp32_cpu,PASS,fp32_cpu,cpu,fp32,none,8,8,8,1,5,3,0.55078125,0.5506098212513928,255.45206356048584,23.40676813046869,42.72268578156656,0.0,256,256,256,"{""0"":128,""1"":128}","{""0"":128,""1"":128}","{""0"":128,""1"":128}",7ba8c2d0da2e094c5bb89005365a8aa72b7cbca7ca7afe78fae3bada64486225,8c0da1d429c7bbe5ebea3770b1b3f1767be21b2cb9ea3959bb5e77489f82cdbf,3b414f97ff96c2b4313dfba37e9c4a4698c4651a6b50057909da1992d450905b,0.8736279499999,
formal,rte,distilbert-base-uncased,128,128,1,dynamic_int8_cpu,PASS,fp32_cpu,cpu,int8_dynamic,dynamic_int8_linear,8,8,8,1,5,3,0.54296875,0.5332180092570948,132.28924465179443,14.831903033593719,67.42223150562921,0.0,256,256,256,"{""0"":128,""1"":128}","{""0"":128,""1"":128}","{""0"":128,""1"":128}",7ba8c2d0da2e094c5bb89005365a8aa72b7cbca7ca7afe78fae3bada64486225,8c0da1d429c7bbe5ebea3770b1b3f1767be21b2cb9ea3959bb5e77489f82cdbf,3b414f97ff96c2b4313dfba37e9c4a4698c4651a6b50057909da1992d450905b,0.8736279499999,
formal,rte,distilbert-base-uncased,128,128,1,fp32_gpu,PASS,fp32_gpu,cuda,fp32,none,8,8,8,1,5,3,0.55078125,0.5506098212513928,255.45206356048584,0.5364931726562716,1863.9566185881265,308.39697265625,256,256,256,"{""0"":128,""1"":128}","{""0"":128,""1"":128}","{""0"":128,""1"":128}",7ba8c2d0da2e094c5bb89005365a8aa72b7cbca7ca7afe78fae3bada64486225,8c0da1d429c7bbe5ebea3770b1b3f1767be21b2cb9ea3959bb5e77489f82cdbf,3b414f97ff96c2b4313dfba37e9c4a4698c4651a6b50057909da1992d450905b,0.8736279499999,
formal,rte,distilbert-base-uncased,128,128,1,bf16_gpu,PASS,fp32_gpu,cuda,bf16,none,8,8,8,1,5,3,0.546875,0.5467643467643468,255.45206356048584,0.5603024859375694,1784.750246693396,386.10888671875,256,256,256,"{""0"":128,""1"":128}","{""0"":128,""1"":128}","{""0"":128,""1"":128}",7ba8c2d0da2e094c5bb89005365a8aa72b7cbca7ca7afe78fae3bada64486225,8c0da1d429c7bbe5ebea3770b1b3f1767be21b2cb9ea3959bb5e77489f82cdbf,3b414f97ff96c2b4313dfba37e9c4a4698c4651a6b50057909da1992d450905b,0.8736279499999,
formal,rte,distilbert-base-uncased,128,128,2,fp32_cpu,PASS,fp32_cpu,cpu,fp32,none,8,8,8,1,5,3,0.515625,0.5105766265803269,255.45206356048584,23.48477647578129,42.58077572214713,0.0,256,256,256,"{""0"":128,""1"":128}","{""0"":128,""1"":128}","{""0"":128,""1"":128}",af733f7c04a8cb74a5c7a6b342bd4db6ab090320a9cf1930800d13c431256459,cc071aa34b416e1874b72f74e01ba7ae0167ae0d23b0abb987af8418a929c92d,d553ccc02ee5510663c131f1e0d85fececd81507280777f3181c0bb2b4701d0b,0.8614267599998584,
formal,rte,distilbert-base-uncased,128,128,2,dynamic_int8_cpu,PASS,fp32_cpu,cpu,int8_dynamic,dynamic_int8_linear,8,8,8,1,5,3,0.5078125,0.5047899778924096,132.28924465179443,14.630660441406107,68.34961442819824,0.0,256,256,256,"{""0"":128,""1"":128}","{""0"":128,""1"":128}","{""0"":128,""1"":128}",af733f7c04a8cb74a5c7a6b342bd4db6ab090320a9cf1930800d13c431256459,cc071aa34b416e1874b72f74e01ba7ae0167ae0d23b0abb987af8418a929c92d,d553ccc02ee5510663c131f1e0d85fececd81507280777f3181c0bb2b4701d0b,0.8614267599998584,
formal,rte,distilbert-base-uncased,128,128,2,fp32_gpu,PASS,fp32_gpu,cuda,fp32,none,8,8,8,1,5,3,0.515625,0.5105766265803269,255.45206356048584,0.535635597656281,1866.9408911125117,308.39697265625,256,256,256,"{""0"":128,""1"":128}","{""0"":128,""1"":128}","{""0"":128,""1"":128}",af733f7c04a8cb74a5c7a6b342bd4db6ab090320a9cf1930800d13c431256459,cc071aa34b416e1874b72f74e01ba7ae0167ae0d23b0abb987af8418a929c92d,d553ccc02ee5510663c131f1e0d85fececd81507280777f3181c0bb2b4701d0b,0.8614267599998584,
formal,rte,distilbert-base-uncased,128,128,2,bf16_gpu,PASS,fp32_gpu,cuda,bf16,none,8,8,8,1,5,3,0.515625,0.5113300492610837,255.45206356048584,0.5597541359374958,1786.4986353788438,386.10888671875,256,256,256,"{""0"":128,""1"":128}","{""0"":128,""1"":128}","{""0"":128,""1"":128}",af733f7c04a8cb74a5c7a6b342bd4db6ab090320a9cf1930800d13c431256459,cc071aa34b416e1874b72f74e01ba7ae0167ae0d23b0abb987af8418a929c92d,d553ccc02ee5510663c131f1e0d85fececd81507280777f3181c0bb2b4701d0b,0.8614267599998584,
formal,rte,distilbert-base-uncased,128,128,3,fp32_cpu,PASS,fp32_cpu,cpu,fp32,none,8,8,8,1,5,3,0.5625,0.5615365793980915,255.45206356048584,23.84218359140622,41.942467063312286,0.0,256,256,256,"{""0"":128,""1"":128}","{""0"":128,""1"":128}","{""0"":128,""1"":128}",1fabe3ae715950fa85e7a48767df923b763f3df7b3e681a62fcd168c0ae6e4ec,22c1c2436cc8c29b60b3ed4613d932a95f90eb084160b5485548e577f9f3501c,3771cdb7f17da7fa4cadde788a2aa984aca31850931f0868df566395bb9571a0,0.8554358710000542,
formal,rte,distilbert-base-uncased,128,128,3,dynamic_int8_cpu,PASS,fp32_cpu,cpu,int8_dynamic,dynamic_int8_linear,8,8,8,1,5,3,0.5390625,0.5342584027135369,132.28924465179443,15.013967532812522,66.60464649430828,0.0,256,256,256,"{""0"":128,""1"":128}","{""0"":128,""1"":128}","{""0"":128,""1"":128}",1fabe3ae715950fa85e7a48767df923b763f3df7b3e681a62fcd168c0ae6e4ec,22c1c2436cc8c29b60b3ed4613d932a95f90eb084160b5485548e577f9f3501c,3771cdb7f17da7fa4cadde788a2aa984aca31850931f0868df566395bb9571a0,0.8554358710000542,
formal,rte,distilbert-base-uncased,128,128,3,fp32_gpu,PASS,fp32_gpu,cuda,fp32,none,8,8,8,1,5,3,0.5625,0.5615365793980915,255.45206356048584,0.5266027046873845,1898.9648004061162,308.39697265625,256,256,256,"{""0"":128,""1"":128}","{""0"":128,""1"":128}","{""0"":128,""1"":128}",1fabe3ae715950fa85e7a48767df923b763f3df7b3e681a62fcd168c0ae6e4ec,22c1c2436cc8c29b60b3ed4613d932a95f90eb084160b5485548e577f9f3501c,3771cdb7f17da7fa4cadde788a2aa984aca31850931f0868df566395bb9571a0,0.8554358710000542,
formal,rte,distilbert-base-uncased,128,128,3,bf16_gpu,PASS,fp32_gpu,cuda,bf16,none,8,8,8,1,5,3,0.5703125,0.5693662833374113,255.45206356048584,0.5638378921874576,1773.559411057696,386.10888671875,256,256,256,"{""0"":128,""1"":128}","{""0"":128,""1"":128}","{""0"":128,""1"":128}",1fabe3ae715950fa85e7a48767df923b763f3df7b3e681a62fcd168c0ae6e4ec,22c1c2436cc8c29b60b3ed4613d932a95f90eb084160b5485548e577f9f3501c,3771cdb7f17da7fa4cadde788a2aa984aca31850931f0868df566395bb9571a0,0.8554358710000542,
formal,rte,distilbert-base-uncased,128,128,4,fp32_cpu,PASS,fp32_cpu,cpu,fp32,none,8,8,8,1,5,3,0.50390625,0.502197179648145,255.45206356048584,23.378812635156265,42.77377194495472,0.0,256,256,256,"{""0"":128,""1"":128}","{""0"":128,""1"":128}","{""0"":128,""1"":128}",dcf10b637ab83c76a00cdcdabfe636a392c9baaff72fd437d1c1e035f90c7939,34a07746e241f65fba41fecd4311c7633f8b496f90275c008bbb9e8e6c0b33a8,f9379a1972ce4c0cd0630f64593550cd9738c2237e7c1770627c631eb5736a9a,0.8545063869999012,
formal,rte,distilbert-base-uncased,128,128,4,dynamic_int8_cpu,PASS,fp32_cpu,cpu,int8_dynamic,dynamic_int8_linear,8,8,8,1,5,3,0.515625,0.5148847729078795,132.28924465179443,14.585362853906325,68.56188701072836,0.0,256,256,256,"{""0"":128,""1"":128}","{""0"":128,""1"":128}","{""0"":128,""1"":128}",dcf10b637ab83c76a00cdcdabfe636a392c9baaff72fd437d1c1e035f90c7939,34a07746e241f65fba41fecd4311c7633f8b496f90275c008bbb9e8e6c0b33a8,f9379a1972ce4c0cd0630f64593550cd9738c2237e7c1770627c631eb5736a9a,0.8545063869999012,
formal,rte,distilbert-base-uncased,128,128,4,fp32_gpu,PASS,fp32_gpu,cuda,fp32,none,8,8,8,1,5,3,0.50390625,0.502197179648145,255.45206356048584,0.5277758953125655,1894.7436002316258,308.39697265625,256,256,256,"{""0"":128,""1"":128}","{""0"":128,""1"":128}","{""0"":128,""1"":128}",dcf10b637ab83c76a00cdcdabfe636a392c9baaff72fd437d1c1e035f90c7939,34a07746e241f65fba41fecd4311c7633f8b496f90275c008bbb9e8e6c0b33a8,f9379a1972ce4c0cd0630f64593550cd9738c2237e7c1770627c631eb5736a9a,0.8545063869999012,
formal,rte,distilbert-base-uncased,128,128,4,bf16_gpu,PASS,fp32_gpu,cuda,bf16,none,8,8,8,1,5,3,0.5078125,0.5058823529411764,255.45206356048584,0.5705038671875329,1752.8364968493465,386.10888671875,256,256,256,"{""0"":128,""1"":128}","{""0"":128,""1"":128}","{""0"":128,""1"":128}",dcf10b637ab83c76a00cdcdabfe636a392c9baaff72fd437d1c1e035f90c7939,34a07746e241f65fba41fecd4311c7633f8b496f90275c008bbb9e8e6c0b33a8,f9379a1972ce4c0cd0630f64593550cd9738c2237e7c1770627c631eb5736a9a,0.8545063869999012,
formal,rte,distilbert-base-uncased,128,128,5,fp32_cpu,PASS,fp32_cpu,cpu,fp32,none,8,8,8,1,5,3,0.55078125,0.5506098212513928,255.45206356048584,23.524362706250024,42.50912181924134,0.0,256,256,256,"{""0"":128,""1"":128}","{""0"":128,""1"":128}","{""0"":128,""1"":128}",de905e36c0436921c77c71076c7f2fa98d8292406b685ab906375c324b58ee9e,70d31efbe4d8c1eb98ca0fe72d15e81bbe2482afc947eaa23d770bd4eaec23dc,67828c93b9c81369eafccbe11a62edacef310753a7278a3b41c81ab41105204c,0.8654071790001581,
formal,rte,distilbert-base-uncased,128,128,5,dynamic_int8_cpu,PASS,fp32_cpu,cpu,int8_dynamic,dynamic_int8_linear,8,8,8,1,5,3,0.5234375,0.5227092120545265,132.28924465179443,14.702534277343737,68.01548502702535,0.0,256,256,256,"{""0"":128,""1"":128}","{""0"":128,""1"":128}","{""0"":128,""1"":128}",de905e36c0436921c77c71076c7f2fa98d8292406b685ab906375c324b58ee9e,70d31efbe4d8c1eb98ca0fe72d15e81bbe2482afc947eaa23d770bd4eaec23dc,67828c93b9c81369eafccbe11a62edacef310753a7278a3b41c81ab41105204c,0.8654071790001581,
formal,rte,distilbert-base-uncased,128,128,5,fp32_gpu,PASS,fp32_gpu,cuda,fp32,none,8,8,8,1,5,3,0.55078125,0.5506098212513928,255.45206356048584,0.5354507039061929,1867.5855549443686,308.39697265625,256,256,256,"{""0"":128,""1"":128}","{""0"":128,""1"":128}","{""0"":128,""1"":128}",de905e36c0436921c77c71076c7f2fa98d8292406b685ab906375c324b58ee9e,70d31efbe4d8c1eb98ca0fe72d15e81bbe2482afc947eaa23d770bd4eaec23dc,67828c93b9c81369eafccbe11a62edacef310753a7278a3b41c81ab41105204c,0.8654071790001581,
formal,rte,distilbert-base-uncased,128,128,5,bf16_gpu,PASS,fp32_gpu,cuda,bf16,none,8,8,8,1,5,3,0.546875,0.5466259541984733,255.45206356048584,0.571467507031187,1749.8807678411479,386.10888671875,256,256,256,"{""0"":128,""1"":128}","{""0"":128,""1"":128}","{""0"":128,""1"":128}",de905e36c0436921c77c71076c7f2fa98d8292406b685ab906375c324b58ee9e,70d31efbe4d8c1eb98ca0fe72d15e81bbe2482afc947eaa23d770bd4eaec23dc,67828c93b9c81369eafccbe11a62edacef310753a7278a3b41c81ab41105204c,0.8654071790001581,
formal,rte,distilbert-base-uncased,256,256,1,fp32_cpu,PASS,fp32_cpu,cpu,fp32,none,8,8,8,1,5,3,0.5390625,0.5389499389499389,255.45206356048584,23.428595193749935,42.68288353314375,0.0,512,512,256,"{""0"":256,""1"":256}","{""0"":256,""1"":256}","{""0"":128,""1"":128}",3b40ce332ba5a7192ab5e879f3b9049914e809249007713e8f9f52f8e0c23fdf,359f9684ace46fd8c8ae7d5e090d6ec9b70e08ecfae121dbda5ab51c85fe3971,3b414f97ff96c2b4313dfba37e9c4a4698c4651a6b50057909da1992d450905b,1.7091675909998685,
formal,rte,distilbert-base-uncased,256,256,1,dynamic_int8_cpu,PASS,fp32_cpu,cpu,int8_dynamic,dynamic_int8_linear,8,8,8,1,5,3,0.5390625,0.5307859583721652,132.28924465179443,14.916586220312489,67.03946769256504,0.0,512,512,256,"{""0"":256,""1"":256}","{""0"":256,""1"":256}","{""0"":128,""1"":128}",3b40ce332ba5a7192ab5e879f3b9049914e809249007713e8f9f52f8e0c23fdf,359f9684ace46fd8c8ae7d5e090d6ec9b70e08ecfae121dbda5ab51c85fe3971,3b414f97ff96c2b4313dfba37e9c4a4698c4651a6b50057909da1992d450905b,1.7091675909998685,
formal,rte,distilbert-base-uncased,256,256,1,fp32_gpu,PASS,fp32_gpu,cuda,fp32,none,8,8,8,1,5,3,0.5390625,0.5389499389499389,255.45206356048584,0.571128214843597,1750.9203257868273,308.39697265625,512,512,256,"{""0"":256,""1"":256}","{""0"":256,""1"":256}","{""0"":128,""1"":128}",3b40ce332ba5a7192ab5e879f3b9049914e809249007713e8f9f52f8e0c23fdf,359f9684ace46fd8c8ae7d5e090d6ec9b70e08ecfae121dbda5ab51c85fe3971,3b414f97ff96c2b4313dfba37e9c4a4698c4651a6b50057909da1992d450905b,1.7091675909998685,
formal,rte,distilbert-base-uncased,256,256,1,bf16_gpu,PASS,fp32_gpu,cuda,bf16,none,8,8,8,1,5,3,0.5390625,0.5389499389499389,255.45206356048584,0.5972967531251427,1674.2096700975785,386.10888671875,512,512,256,"{""0"":256,""1"":256}","{""0"":256,""1"":256}","{""0"":128,""1"":128}",3b40ce332ba5a7192ab5e879f3b9049914e809249007713e8f9f52f8e0c23fdf,359f9684ace46fd8c8ae7d5e090d6ec9b70e08ecfae121dbda5ab51c85fe3971,3b414f97ff96c2b4313dfba37e9c4a4698c4651a6b50057909da1992d450905b,1.7091675909998685,
formal,rte,distilbert-base-uncased,256,256,2,fp32_cpu,PASS,fp32_cpu,cpu,fp32,none,8,8,8,1,5,3,0.54296875,0.5417871403001515,255.45206356048584,23.727301795312528,42.14554223765789,0.0,512,512,256,"{""0"":256,""1"":256}","{""0"":256,""1"":256}","{""0"":128,""1"":128}",fe706371e90e51e67f00169a8095c8518982393e2125222fff5cffdaa49030c3,6ca1734daf9b2f23cb1ebde27c0b0a11841a514bdda8c82f2389498e4c3c915c,d553ccc02ee5510663c131f1e0d85fececd81507280777f3181c0bb2b4701d0b,1.7769555390000278,
formal,rte,distilbert-base-uncased,256,256,2,dynamic_int8_cpu,PASS,fp32_cpu,cpu,int8_dynamic,dynamic_int8_linear,8,8,8,1,5,3,0.5390625,0.5326443468036388,132.28924465179443,14.966281852343677,66.8168627228815,0.0,512,512,256,"{""0"":256,""1"":256}","{""0"":256,""1"":256}","{""0"":128,""1"":128}",fe706371e90e51e67f00169a8095c8518982393e2125222fff5cffdaa49030c3,6ca1734daf9b2f23cb1ebde27c0b0a11841a514bdda8c82f2389498e4c3c915c,d553ccc02ee5510663c131f1e0d85fececd81507280777f3181c0bb2b4701d0b,1.7769555390000278,
formal,rte,distilbert-base-uncased,256,256,2,fp32_gpu,PASS,fp32_gpu,cuda,fp32,none,8,8,8,1,5,3,0.54296875,0.5417871403001515,255.45206356048584,0.5358466906251635,1866.2054231095772,308.39697265625,512,512,256,"{""0"":256,""1"":256}","{""0"":256,""1"":256}","{""0"":128,""1"":128}",fe706371e90e51e67f00169a8095c8518982393e2125222fff5cffdaa49030c3,6ca1734daf9b2f23cb1ebde27c0b0a11841a514bdda8c82f2389498e4c3c915c,d553ccc02ee5510663c131f1e0d85fececd81507280777f3181c0bb2b4701d0b,1.7769555390000278,
formal,rte,distilbert-base-uncased,256,256,2,bf16_gpu,PASS,fp32_gpu,cuda,bf16,none,8,8,8,1,5,3,0.54296875,0.5417871403001515,255.45206356048584,0.5656371453124365,1767.9178397091266,386.10888671875,512,512,256,"{""0"":256,""1"":256}","{""0"":256,""1"":256}","{""0"":128,""1"":128}",fe706371e90e51e67f00169a8095c8518982393e2125222fff5cffdaa49030c3,6ca1734daf9b2f23cb1ebde27c0b0a11841a514bdda8c82f2389498e4c3c915c,d553ccc02ee5510663c131f1e0d85fececd81507280777f3181c0bb2b4701d0b,1.7769555390000278,
formal,rte,distilbert-base-uncased,256,256,3,fp32_cpu,PASS,fp32_cpu,cpu,fp32,none,8,8,8,1,5,3,0.5546875,0.5398297067171239,255.45206356048584,23.485610079687547,42.57926434982795,0.0,512,512,256,"{""0"":256,""1"":256}","{""0"":256,""1"":256}","{""0"":128,""1"":128}",c4853441fae6deba6afd540ff0d8fdd45a0455df76f19814a56367132c15c833,33ec27d269136c521882fa7e78bc8f1c43d15a51d01d67f99baa5bda041522a5,3771cdb7f17da7fa4cadde788a2aa984aca31850931f0868df566395bb9571a0,1.7120961690000058,
formal,rte,distilbert-base-uncased,256,256,3,dynamic_int8_cpu,PASS,fp32_cpu,cpu,int8_dynamic,dynamic_int8_linear,8,8,8,1,5,3,0.52734375,0.5264694641901704,132.28924465179443,14.982173052343839,66.74599182016244,0.0,512,512,256,"{""0"":256,""1"":256}","{""0"":256,""1"":256}","{""0"":128,""1"":128}",c4853441fae6deba6afd540ff0d8fdd45a0455df76f19814a56367132c15c833,33ec27d269136c521882fa7e78bc8f1c43d15a51d01d67f99baa5bda041522a5,3771cdb7f17da7fa4cadde788a2aa984aca31850931f0868df566395bb9571a0,1.7120961690000058,
formal,rte,distilbert-base-uncased,256,256,3,fp32_gpu,PASS,fp32_gpu,cuda,fp32,none,8,8,8,1,5,3,0.5546875,0.5398297067171239,255.45206356048584,0.5323309351561889,1878.5306920150983,308.39697265625,512,512,256,"{""0"":256,""1"":256}","{""0"":256,""1"":256}","{""0"":128,""1"":128}",c4853441fae6deba6afd540ff0d8fdd45a0455df76f19814a56367132c15c833,33ec27d269136c521882fa7e78bc8f1c43d15a51d01d67f99baa5bda041522a5,3771cdb7f17da7fa4cadde788a2aa984aca31850931f0868df566395bb9571a0,1.7120961690000058,
formal,rte,distilbert-base-uncased,256,256,3,bf16_gpu,PASS,fp32_gpu,cuda,bf16,none,8,8,8,1,5,3,0.5546875,0.5398297067171239,255.45206356048584,0.5652446867186356,1769.1453338645438,386.10888671875,512,512,256,"{""0"":256,""1"":256}","{""0"":256,""1"":256}","{""0"":128,""1"":128}",c4853441fae6deba6afd540ff0d8fdd45a0455df76f19814a56367132c15c833,33ec27d269136c521882fa7e78bc8f1c43d15a51d01d67f99baa5bda041522a5,3771cdb7f17da7fa4cadde788a2aa984aca31850931f0868df566395bb9571a0,1.7120961690000058,
formal,rte,distilbert-base-uncased,256,256,4,fp32_cpu,PASS,fp32_cpu,cpu,fp32,none,8,8,8,1,5,3,0.51953125,0.5141265604024257,255.45206356048584,23.57444893281251,42.41880702492827,0.0,512,512,256,"{""0"":256,""1"":256}","{""0"":256,""1"":256}","{""0"":128,""1"":128}",972f85b7d03c5349c95c25bde4ff79aeacfe207ad7ac0881b7aa436717f70c9b,dd3a7c83b54ce3356081902da9fc6cd58e9e5444174317ec9061eef7c9b8da18,f9379a1972ce4c0cd0630f64593550cd9738c2237e7c1770627c631eb5736a9a,1.7186435329999767,
formal,rte,distilbert-base-uncased,256,256,4,dynamic_int8_cpu,PASS,fp32_cpu,cpu,int8_dynamic,dynamic_int8_linear,8,8,8,1,5,3,0.5078125,0.5026827012025902,132.28924465179443,14.5782723882812,68.5952336028413,0.0,512,512,256,"{""0"":256,""1"":256}","{""0"":256,""1"":256}","{""0"":128,""1"":128}",972f85b7d03c5349c95c25bde4ff79aeacfe207ad7ac0881b7aa436717f70c9b,dd3a7c83b54ce3356081902da9fc6cd58e9e5444174317ec9061eef7c9b8da18,f9379a1972ce4c0cd0630f64593550cd9738c2237e7c1770627c631eb5736a9a,1.7186435329999767,
formal,rte,distilbert-base-uncased,256,256,4,fp32_gpu,PASS,fp32_gpu,cuda,fp32,none,8,8,8,1,5,3,0.51953125,0.5141265604024257,255.45206356048584,0.5303390718749412,1885.586133536488,308.39697265625,512,512,256,"{""0"":256,""1"":256}","{""0"":256,""1"":256}","{""0"":128,""1"":128}",972f85b7d03c5349c95c25bde4ff79aeacfe207ad7ac0881b7aa436717f70c9b,dd3a7c83b54ce3356081902da9fc6cd58e9e5444174317ec9061eef7c9b8da18,f9379a1972ce4c0cd0630f64593550cd9738c2237e7c1770627c631eb5736a9a,1.7186435329999767,
formal,rte,distilbert-base-uncased,256,256,4,bf16_gpu,PASS,fp32_gpu,cuda,bf16,none,8,8,8,1,5,3,0.51953125,0.5141265604024257,255.45206356048584,0.564281518749965,1772.1650750059443,386.10888671875,512,512,256,"{""0"":256,""1"":256}","{""0"":256,""1"":256}","{""0"":128,""1"":128}",972f85b7d03c5349c95c25bde4ff79aeacfe207ad7ac0881b7aa436717f70c9b,dd3a7c83b54ce3356081902da9fc6cd58e9e5444174317ec9061eef7c9b8da18,f9379a1972ce4c0cd0630f64593550cd9738c2237e7c1770627c631eb5736a9a,1.7186435329999767,
formal,rte,distilbert-base-uncased,256,256,5,fp32_cpu,PASS,fp32_cpu,cpu,fp32,none,8,8,8,1,5,3,0.50390625,0.49986924485055456,255.45206356048584,23.13613885078123,43.22242386465594,0.0,512,512,256,"{""0"":256,""1"":256}","{""0"":256,""1"":256}","{""0"":128,""1"":128}",974d34d4181522f5aed7c00e80e30690f3cbd6b02b190a313736211e6cda85aa,2fa744f91dadb8cba8e9265850938ffc4b4d8b5a3f61eeb50b40002d1fa1ba06,67828c93b9c81369eafccbe11a62edacef310753a7278a3b41c81ab41105204c,1.693423251000013,
formal,rte,distilbert-base-uncased,256,256,5,dynamic_int8_cpu,PASS,fp32_cpu,cpu,int8_dynamic,dynamic_int8_linear,8,8,8,1,5,3,0.515625,0.5145583557621727,132.28924465179443,14.881591077343792,67.19711587307569,0.0,512,512,256,"{""0"":256,""1"":256}","{""0"":256,""1"":256}","{""0"":128,""1"":128}",974d34d4181522f5aed7c00e80e30690f3cbd6b02b190a313736211e6cda85aa,2fa744f91dadb8cba8e9265850938ffc4b4d8b5a3f61eeb50b40002d1fa1ba06,67828c93b9c81369eafccbe11a62edacef310753a7278a3b41c81ab41105204c,1.693423251000013,
formal,rte,distilbert-base-uncased,256,256,5,fp32_gpu,PASS,fp32_gpu,cuda,fp32,none,8,8,8,1,5,3,0.50390625,0.49986924485055456,255.45206356048584,0.5286312906250146,1891.6776546043536,308.39697265625,512,512,256,"{""0"":256,""1"":256}","{""0"":256,""1"":256}","{""0"":128,""1"":128}",974d34d4181522f5aed7c00e80e30690f3cbd6b02b190a313736211e6cda85aa,2fa744f91dadb8cba8e9265850938ffc4b4d8b5a3f61eeb50b40002d1fa1ba06,67828c93b9c81369eafccbe11a62edacef310753a7278a3b41c81ab41105204c,1.693423251000013,
formal,rte,distilbert-base-uncased,256,256,5,bf16_gpu,PASS,fp32_gpu,cuda,bf16,none,8,8,8,1,5,3,0.50390625,0.49986924485055456,255.45206356048584,0.5606535585938488,1783.632663472354,386.10888671875,512,512,256,"{""0"":256,""1"":256}","{""0"":256,""1"":256}","{""0"":128,""1"":128}",974d34d4181522f5aed7c00e80e30690f3cbd6b02b190a313736211e6cda85aa,2fa744f91dadb8cba8e9265850938ffc4b4d8b5a3f61eeb50b40002d1fa1ba06,67828c93b9c81369eafccbe11a62edacef310753a7278a3b41c81ab41105204c,1.693423251000013,
formal,cola,distilbert-base-uncased,64,64,1,fp32_cpu,PASS,fp32_cpu,cpu,fp32,none,8,8,8,1,5,3,0.51171875,0.4946863107363368,255.45206356048584,5.795464442187459,172.54872495129254,0.0,128,128,256,"{""0"":64,""1"":64}","{""0"":64,""1"":64}","{""0"":128,""1"":128}",12b352b8b06621426077b631d59d86efcd6b1257419484dc7713b3accebcd73c,f58713bc7a06aa7dbd353ccff087ac9289faa604916605172533aeb9525cebfa,7cb6540edb387dd3481d4b27ee1d7fb77ed826955e50e0f31def6ce0488f18e5,0.30200106200004484,
formal,cola,distilbert-base-uncased,64,64,1,dynamic_int8_cpu,PASS,fp32_cpu,cpu,int8_dynamic,dynamic_int8_linear,8,8,8,1,5,3,0.4921875,0.4841269841269842,132.28924465179443,3.498627402343679,285.8263784620548,0.0,128,128,256,"{""0"":64,""1"":64}","{""0"":64,""1"":64}","{""0"":128,""1"":128}",12b352b8b06621426077b631d59d86efcd6b1257419484dc7713b3accebcd73c,f58713bc7a06aa7dbd353ccff087ac9289faa604916605172533aeb9525cebfa,7cb6540edb387dd3481d4b27ee1d7fb77ed826955e50e0f31def6ce0488f18e5,0.30200106200004484,
formal,cola,distilbert-base-uncased,64,64,1,fp32_gpu,PASS,fp32_gpu,cuda,fp32,none,8,8,8,1,5,3,0.51171875,0.4946863107363368,255.45206356048584,0.4722735179687021,2117.4170516718887,282.73779296875,128,128,256,"{""0"":64,""1"":64}","{""0"":64,""1"":64}","{""0"":128,""1"":128}",12b352b8b06621426077b631d59d86efcd6b1257419484dc7713b3accebcd73c,f58713bc7a06aa7dbd353ccff087ac9289faa604916605172533aeb9525cebfa,7cb6540edb387dd3481d4b27ee1d7fb77ed826955e50e0f31def6ce0488f18e5,0.30200106200004484,
formal,cola,distilbert-base-uncased,64,64,1,bf16_gpu,PASS,fp32_gpu,cuda,bf16,none,8,8,8,1,5,3,0.51171875,0.4946863107363368,255.45206356048584,0.5796712976563256,1725.1156026581084,369.70556640625,128,128,256,"{""0"":64,""1"":64}","{""0"":64,""1"":64}","{""0"":128,""1"":128}",12b352b8b06621426077b631d59d86efcd6b1257419484dc7713b3accebcd73c,f58713bc7a06aa7dbd353ccff087ac9289faa604916605172533aeb9525cebfa,7cb6540edb387dd3481d4b27ee1d7fb77ed826955e50e0f31def6ce0488f18e5,0.30200106200004484,
formal,cola,distilbert-base-uncased,64,64,2,fp32_cpu,PASS,fp32_cpu,cpu,fp32,none,8,8,8,1,5,3,0.5078125,0.48663101604278075,255.45206356048584,6.413549289062459,155.91990564497266,0.0,128,128,256,"{""0"":64,""1"":64}","{""0"":64,""1"":64}","{""0"":128,""1"":128}",8af18db1705bb70e4da78112087a7b514160002ccfcc0dca809b154f2a70b793,90963ef289ff7412e8a707e00a6ddd76ad471c27501bbdf56783c3af13b47bae,02ac1f565d927124661a2001a47ea17e248cea231a907751729abe0e7ca03956,0.3094891230000485,
formal,cola,distilbert-base-uncased,64,64,2,dynamic_int8_cpu,PASS,fp32_cpu,cpu,int8_dynamic,dynamic_int8_linear,8,8,8,1,5,3,0.5546875,0.5524750046003803,132.28924465179443,4.007138251562559,249.55465402524013,0.0,128,128,256,"{""0"":64,""1"":64}","{""0"":64,""1"":64}","{""0"":128,""1"":128}",8af18db1705bb70e4da78112087a7b514160002ccfcc0dca809b154f2a70b793,90963ef289ff7412e8a707e00a6ddd76ad471c27501bbdf56783c3af13b47bae,02ac1f565d927124661a2001a47ea17e248cea231a907751729abe0e7ca03956,0.3094891230000485,
formal,cola,distilbert-base-uncased,64,64,2,fp32_gpu,PASS,fp32_gpu,cuda,fp32,none,8,8,8,1,5,3,0.5078125,0.48663101604278075,255.45206356048584,0.46108447421886467,2168.7999833308772,283.7724609375,128,128,256,"{""0"":64,""1"":64}","{""0"":64,""1"":64}","{""0"":128,""1"":128}",8af18db1705bb70e4da78112087a7b514160002ccfcc0dca809b154f2a70b793,90963ef289ff7412e8a707e00a6ddd76ad471c27501bbdf56783c3af13b47bae,02ac1f565d927124661a2001a47ea17e248cea231a907751729abe0e7ca03956,0.3094891230000485,
formal,cola,distilbert-base-uncased,64,64,2,bf16_gpu,PASS,fp32_gpu,cuda,bf16,none,8,8,8,1,5,3,0.5078125,0.4882924043403769,255.45206356048584,0.582011164843621,1718.1800975737076,370.2255859375,128,128,256,"{""0"":64,""1"":64}","{""0"":64,""1"":64}","{""0"":128,""1"":128}",8af18db1705bb70e4da78112087a7b514160002ccfcc0dca809b154f2a70b793,90963ef289ff7412e8a707e00a6ddd76ad471c27501bbdf56783c3af13b47bae,02ac1f565d927124661a2001a47ea17e248cea231a907751729abe0e7ca03956,0.3094891230000485,
formal,cola,distilbert-base-uncased,64,64,3,fp32_cpu,PASS,fp32_cpu,cpu,fp32,none,8,8,8,1,5,3,0.55859375,0.557777268210655,255.45206356048584,6.3761589242187,156.8342338836127,0.0,128,128,256,"{""0"":64,""1"":64}","{""0"":64,""1"":64}","{""0"":128,""1"":128}",b61dbb092fab7a1993db634e2a2ec5a7b2ab4a38e34ae8532bcd098106a5fbe1,9669cc29945d46b903df1930338df9feaa0010d656d1226130fc552925fe988f,60f117e2ced29d6b4a92b43d6fb9768f1bd4c13e658b4a19663fd8337ca633d5,0.3169110989999808,
formal,cola,distilbert-base-uncased,64,64,3,dynamic_int8_cpu,PASS,fp32_cpu,cpu,int8_dynamic,dynamic_int8_linear,8,8,8,1,5,3,0.53125,0.5298438934802572,132.28924465179443,4.135276656250042,241.82178923593992,0.0,128,128,256,"{""0"":64,""1"":64}","{""0"":64,""1"":64}","{""0"":128,""1"":128}",b61dbb092fab7a1993db634e2a2ec5a7b2ab4a38e34ae8532bcd098106a5fbe1,9669cc29945d46b903df1930338df9feaa0010d656d1226130fc552925fe988f,60f117e2ced29d6b4a92b43d6fb9768f1bd4c13e658b4a19663fd8337ca633d5,0.3169110989999808,
formal,cola,distilbert-base-uncased,64,64,3,fp32_gpu,PASS,fp32_gpu,cuda,fp32,none,8,8,8,1,5,3,0.55859375,0.557777268210655,255.45206356048584,0.6071088570314132,1647.1510642913545,283.7724609375,128,128,256,"{""0"":64,""1"":64}","{""0"":64,""1"":64}","{""0"":128,""1"":128}",b61dbb092fab7a1993db634e2a2ec5a7b2ab4a38e34ae8532bcd098106a5fbe1,9669cc29945d46b903df1930338df9feaa0010d656d1226130fc552925fe988f,60f117e2ced29d6b4a92b43d6fb9768f1bd4c13e658b4a19663fd8337ca633d5,0.3169110989999808,
formal,cola,distilbert-base-uncased,64,64,3,bf16_gpu,PASS,fp32_gpu,cuda,bf16,none,8,8,8,1,5,3,0.5625,0.5618314077877621,255.45206356048584,0.5876961820311166,1701.5594631633207,370.2255859375,128,128,256,"{""0"":64,""1"":64}","{""0"":64,""1"":64}","{""0"":128,""1"":128}",b61dbb092fab7a1993db634e2a2ec5a7b2ab4a38e34ae8532bcd098106a5fbe1,9669cc29945d46b903df1930338df9feaa0010d656d1226130fc552925fe988f,60f117e2ced29d6b4a92b43d6fb9768f1bd4c13e658b4a19663fd8337ca633d5,0.3169110989999808,
formal,cola,distilbert-base-uncased,64,64,4,fp32_cpu,PASS,fp32_cpu,cpu,fp32,none,8,8,8,1,5,3,0.578125,0.5737280296022202,255.45206356048584,6.695088928906223,149.36321393469078,0.0,128,128,256,"{""0"":64,""1"":64}","{""0"":64,""1"":64}","{""0"":128,""1"":128}",a920fac5d9ae5406c86338b03bc23c2ddd37f06923d2d26e53fda13983ea5c43,06c239fd2a65b1547ac8752ea38fff643501c76816702e8e216b64af7afb11b3,587fc2aeae74fa789489abced261c22aab81d7498388b9831b9efa02ea7523b8,0.4075061319999804,
formal,cola,distilbert-base-uncased,64,64,4,dynamic_int8_cpu,PASS,fp32_cpu,cpu,int8_dynamic,dynamic_int8_linear,8,8,8,1,5,3,0.5390625,0.5389499389499389,132.28924465179443,4.262540857812525,234.6018568167311,0.0,128,128,256,"{""0"":64,""1"":64}","{""0"":64,""1"":64}","{""0"":128,""1"":128}",a920fac5d9ae5406c86338b03bc23c2ddd37f06923d2d26e53fda13983ea5c43,06c239fd2a65b1547ac8752ea38fff643501c76816702e8e216b64af7afb11b3,587fc2aeae74fa789489abced261c22aab81d7498388b9831b9efa02ea7523b8,0.4075061319999804,
formal,cola,distilbert-base-uncased,64,64,4,fp32_gpu,PASS,fp32_gpu,cuda,fp32,none,8,8,8,1,5,3,0.578125,0.5737280296022202,255.45206356048584,0.6160725421874957,1623.1854717129393,284.2890625,128,128,256,"{""0"":64,""1"":64}","{""0"":64,""1"":64}","{""0"":128,""1"":128}",a920fac5d9ae5406c86338b03bc23c2ddd37f06923d2d26e53fda13983ea5c43,06c239fd2a65b1547ac8752ea38fff643501c76816702e8e216b64af7afb11b3,587fc2aeae74fa789489abced261c22aab81d7498388b9831b9efa02ea7523b8,0.4075061319999804,
formal,cola,distilbert-base-uncased,64,64,4,bf16_gpu,PASS,fp32_gpu,cuda,bf16,none,8,8,8,1,5,3,0.57421875,0.5694292283241008,255.45206356048584,0.5950353124999808,1680.5725290463872,370.484375,128,128,256,"{""0"":64,""1"":64}","{""0"":64,""1"":64}","{""0"":128,""1"":128}",a920fac5d9ae5406c86338b03bc23c2ddd37f06923d2d26e53fda13983ea5c43,06c239fd2a65b1547ac8752ea38fff643501c76816702e8e216b64af7afb11b3,587fc2aeae74fa789489abced261c22aab81d7498388b9831b9efa02ea7523b8,0.4075061319999804,
formal,cola,distilbert-base-uncased,64,64,5,fp32_cpu,PASS,fp32_cpu,cpu,fp32,none,8,8,8,1,5,3,0.546875,0.5223573312745287,255.45206356048584,7.207417317968812,138.7459551574598,0.0,128,128,256,"{""0"":64,""1"":64}","{""0"":64,""1"":64}","{""0"":128,""1"":128}",00f311283d0669920925449e963d3ca54b2c99299e6885bd5c7ca5b9335f5269,ff88fe79e678a2784f0b7209fa8096d02f0b9454578221b4bfe754aad8e9d110,3c3493c9897b59ae64d17280d6d1e83a069d4c86cfaa894225c6cbd65e18d009,0.31100076899997475,
formal,cola,distilbert-base-uncased,64,64,5,dynamic_int8_cpu,PASS,fp32_cpu,cpu,int8_dynamic,dynamic_int8_linear,8,8,8,1,5,3,0.5546875,0.5476190476190476,132.28924465179443,4.094558864843734,244.2265535821438,0.0,128,128,256,"{""0"":64,""1"":64}","{""0"":64,""1"":64}","{""0"":128,""1"":128}",00f311283d0669920925449e963d3ca54b2c99299e6885bd5c7ca5b9335f5269,ff88fe79e678a2784f0b7209fa8096d02f0b9454578221b4bfe754aad8e9d110,3c3493c9897b59ae64d17280d6d1e83a069d4c86cfaa894225c6cbd65e18d009,0.31100076899997475,
formal,cola,distilbert-base-uncased,64,64,5,fp32_gpu,PASS,fp32_gpu,cuda,fp32,none,8,8,8,1,5,3,0.546875,0.5223573312745287,255.45206356048584,0.4302239453124912,2324.370855912389,283.7724609375,128,128,256,"{""0"":64,""1"":64}","{""0"":64,""1"":64}","{""0"":128,""1"":128}",00f311283d0669920925449e963d3ca54b2c99299e6885bd5c7ca5b9335f5269,ff88fe79e678a2784f0b7209fa8096d02f0b9454578221b4bfe754aad8e9d110,3c3493c9897b59ae64d17280d6d1e83a069d4c86cfaa894225c6cbd65e18d009,0.31100076899997475,
formal,cola,distilbert-base-uncased,64,64,5,bf16_gpu,PASS,fp32_gpu,cuda,bf16,none,8,8,8,1,5,3,0.546875,0.5223573312745287,255.45206356048584,0.5537107335937819,1805.997137728648,370.2255859375,128,128,256,"{""0"":64,""1"":64}","{""0"":64,""1"":64}","{""0"":128,""1"":128}",00f311283d0669920925449e963d3ca54b2c99299e6885bd5c7ca5b9335f5269,ff88fe79e678a2784f0b7209fa8096d02f0b9454578221b4bfe754aad8e9d110,3c3493c9897b59ae64d17280d6d1e83a069d4c86cfaa894225c6cbd65e18d009,0.31100076899997475,
formal,cola,distilbert-base-uncased,128,128,1,fp32_cpu,PASS,fp32_cpu,cpu,fp32,none,8,8,8,1,5,3,0.6171875,0.6032388663967612,255.45206356048584,5.700917660156257,175.41035664994868,0.0,256,256,256,"{""0"":128,""1"":128}","{""0"":128,""1"":128}","{""0"":128,""1"":128}",b09a3011a8138920899a656c521104660db65e6a51e52fe744716a107f0cbfdc,332cbd51e3620696496a8c8840eff2b7fb998b280410237b3289f5c1deba43b3,7cb6540edb387dd3481d4b27ee1d7fb77ed826955e50e0f31def6ce0488f18e5,0.6087296519999654,
formal,cola,distilbert-base-uncased,128,128,1,dynamic_int8_cpu,PASS,fp32_cpu,cpu,int8_dynamic,dynamic_int8_linear,8,8,8,1,5,3,0.58984375,0.5742456640532193,132.28924465179443,3.5476858914062603,281.87388359898233,0.0,256,256,256,"{""0"":128,""1"":128}","{""0"":128,""1"":128}","{""0"":128,""1"":128}",b09a3011a8138920899a656c521104660db65e6a51e52fe744716a107f0cbfdc,332cbd51e3620696496a8c8840eff2b7fb998b280410237b3289f5c1deba43b3,7cb6540edb387dd3481d4b27ee1d7fb77ed826955e50e0f31def6ce0488f18e5,0.6087296519999654,
formal,cola,distilbert-base-uncased,128,128,1,fp32_gpu,PASS,fp32_gpu,cuda,fp32,none,8,8,8,1,5,3,0.6171875,0.6032388663967612,255.45206356048584,0.4380505062499651,2282.8417858952757,282.73779296875,256,256,256,"{""0"":128,""1"":128}","{""0"":128,""1"":128}","{""0"":128,""1"":128}",b09a3011a8138920899a656c521104660db65e6a51e52fe744716a107f0cbfdc,332cbd51e3620696496a8c8840eff2b7fb998b280410237b3289f5c1deba43b3,7cb6540edb387dd3481d4b27ee1d7fb77ed826955e50e0f31def6ce0488f18e5,0.6087296519999654,
formal,cola,distilbert-base-uncased,128,128,1,bf16_gpu,PASS,fp32_gpu,cuda,bf16,none,8,8,8,1,5,3,0.6171875,0.6032388663967612,255.45206356048584,0.6376038367186254,1568.3719927822517,369.70556640625,256,256,256,"{""0"":128,""1"":128}","{""0"":128,""1"":128}","{""0"":128,""1"":128}",b09a3011a8138920899a656c521104660db65e6a51e52fe744716a107f0cbfdc,332cbd51e3620696496a8c8840eff2b7fb998b280410237b3289f5c1deba43b3,7cb6540edb387dd3481d4b27ee1d7fb77ed826955e50e0f31def6ce0488f18e5,0.6087296519999654,
formal,cola,distilbert-base-uncased,128,128,2,fp32_cpu,PASS,fp32_cpu,cpu,fp32,none,8,8,8,1,5,3,0.66015625,0.6578539058299409,255.45206356048584,6.491852636718853,154.03923285994756,0.0,256,256,256,"{""0"":128,""1"":128}","{""0"":128,""1"":128}","{""0"":128,""1"":128}",0db76cca0bf9257be46c6144ee7d62c1dd10d75f2c1de947bca7f18a3006044a,930ca6b81ea183d36b92bbcb7d7139c00f5eea0eb684817a61f10ac187823d88,02ac1f565d927124661a2001a47ea17e248cea231a907751729abe0e7ca03956,0.6386898420000762,
formal,cola,distilbert-base-uncased,128,128,2,dynamic_int8_cpu,PASS,fp32_cpu,cpu,int8_dynamic,dynamic_int8_linear,8,8,8,1,5,3,0.62109375,0.620624856771828,132.28924465179443,4.0464940742188205,247.12750881590034,0.0,256,256,256,"{""0"":128,""1"":128}","{""0"":128,""1"":128}","{""0"":128,""1"":128}",0db76cca0bf9257be46c6144ee7d62c1dd10d75f2c1de947bca7f18a3006044a,930ca6b81ea183d36b92bbcb7d7139c00f5eea0eb684817a61f10ac187823d88,02ac1f565d927124661a2001a47ea17e248cea231a907751729abe0e7ca03956,0.6386898420000762,
formal,cola,distilbert-base-uncased,128,128,2,fp32_gpu,PASS,fp32_gpu,cuda,fp32,none,8,8,8,1,5,3,0.66015625,0.6578539058299409,255.45206356048584,0.43898997031242004,2277.9563717328683,283.7724609375,256,256,256,"{""0"":128,""1"":128}","{""0"":128,""1"":128}","{""0"":128,""1"":128}",0db76cca0bf9257be46c6144ee7d62c1dd10d75f2c1de947bca7f18a3006044a,930ca6b81ea183d36b92bbcb7d7139c00f5eea0eb684817a61f10ac187823d88,02ac1f565d927124661a2001a47ea17e248cea231a907751729abe0e7ca03956,0.6386898420000762,
formal,cola,distilbert-base-uncased,128,128,2,bf16_gpu,PASS,fp32_gpu,cuda,bf16,none,8,8,8,1,5,3,0.6640625,0.6619995087202162,255.45206356048584,0.5694199679687983,1756.1730467007358,370.2255859375,256,256,256,"{""0"":128,""1"":128}","{""0"":128,""1"":128}","{""0"":128,""1"":128}",0db76cca0bf9257be46c6144ee7d62c1dd10d75f2c1de947bca7f18a3006044a,930ca6b81ea183d36b92bbcb7d7139c00f5eea0eb684817a61f10ac187823d88,02ac1f565d927124661a2001a47ea17e248cea231a907751729abe0e7ca03956,0.6386898420000762,
formal,cola,distilbert-base-uncased,128,128,3,fp32_cpu,PASS,fp32_cpu,cpu,fp32,none,8,8,8,1,5,3,0.546875,0.5466259541984733,255.45206356048584,6.365786525000061,157.08977925551633,0.0,256,256,256,"{""0"":128,""1"":128}","{""0"":128,""1"":128}","{""0"":128,""1"":128}",3978a5e8b5057a812b76ea67fe73e00742c44fa4cca524b0c708e8f6b2b2793d,488633da8e212db7cb627003c532777859bc0685b53d623914288533c2390ea6,60f117e2ced29d6b4a92b43d6fb9768f1bd4c13e658b4a19663fd8337ca633d5,0.6058156340000096,
formal,cola,distilbert-base-uncased,128,128,3,dynamic_int8_cpu,PASS,fp32_cpu,cpu,int8_dynamic,dynamic_int8_linear,8,8,8,1,5,3,0.515625,0.515625,132.28924465179443,4.067217599999928,245.8683302314628,0.0,256,256,256,"{""0"":128,""1"":128}","{""0"":128,""1"":128}","{""0"":128,""1"":128}",3978a5e8b5057a812b76ea67fe73e00742c44fa4cca524b0c708e8f6b2b2793d,488633da8e212db7cb627003c532777859bc0685b53d623914288533c2390ea6,60f117e2ced29d6b4a92b43d6fb9768f1bd4c13e658b4a19663fd8337ca633d5,0.6058156340000096,
formal,cola,distilbert-base-uncased,128,128,3,fp32_gpu,PASS,fp32_gpu,cuda,fp32,none,8,8,8,1,5,3,0.546875,0.5466259541984733,255.45206356048584,0.43890691015633365,2278.38745952715,283.7724609375,256,256,256,"{""0"":128,""1"":128}","{""0"":128,""1"":128}","{""0"":128,""1"":128}",3978a5e8b5057a812b76ea67fe73e00742c44fa4cca524b0c708e8f6b2b2793d,488633da8e212db7cb627003c532777859bc0685b53d623914288533c2390ea6,60f117e2ced29d6b4a92b43d6fb9768f1bd4c13e658b4a19663fd8337ca633d5,0.6058156340000096,
formal,cola,distilbert-base-uncased,128,128,3,bf16_gpu,PASS,fp32_gpu,cuda,bf16,none,8,8,8,1,5,3,0.546875,0.5466259541984733,255.45206356048584,0.5671491578125298,1763.204593050896,370.2255859375,256,256,256,"{""0"":128,""1"":128}","{""0"":128,""1"":128}","{""0"":128,""1"":128}",3978a5e8b5057a812b76ea67fe73e00742c44fa4cca524b0c708e8f6b2b2793d,488633da8e212db7cb627003c532777859bc0685b53d623914288533c2390ea6,60f117e2ced29d6b4a92b43d6fb9768f1bd4c13e658b4a19663fd8337ca633d5,0.6058156340000096,
formal,cola,distilbert-base-uncased,128,128,4,fp32_cpu,PASS,fp32_cpu,cpu,fp32,none,8,8,8,1,5,3,0.62890625,0.6080895979373137,255.45206356048584,6.578305001562512,152.01484269313676,0.0,256,256,256,"{""0"":128,""1"":128}","{""0"":128,""1"":128}","{""0"":128,""1"":128}",58526d41f27316b8968ef093274f46dc10eb8878a9311dc1c7ebb6259842f858,fa53d2826820447d1b4f3a48788bc097be2a88cf19ee2163b864627f1d14cf3e,587fc2aeae74fa789489abced261c22aab81d7498388b9831b9efa02ea7523b8,0.5983946999999716,
formal,cola,distilbert-base-uncased,128,128,4,dynamic_int8_cpu,PASS,fp32_cpu,cpu,int8_dynamic,dynamic_int8_linear,8,8,8,1,5,3,0.62890625,0.609549344164914,132.28924465179443,4.350705839062385,229.8477619474059,0.0,256,256,256,"{""0"":128,""1"":128}","{""0"":128,""1"":128}","{""0"":128,""1"":128}",58526d41f27316b8968ef093274f46dc10eb8878a9311dc1c7ebb6259842f858,fa53d2826820447d1b4f3a48788bc097be2a88cf19ee2163b864627f1d14cf3e,587fc2aeae74fa789489abced261c22aab81d7498388b9831b9efa02ea7523b8,0.5983946999999716,
formal,cola,distilbert-base-uncased,128,128,4,fp32_gpu,PASS,fp32_gpu,cuda,fp32,none,8,8,8,1,5,3,0.62890625,0.6080895979373137,255.45206356048584,0.4520479664062549,2212.1546258684,284.2890625,256,256,256,"{""0"":128,""1"":128}","{""0"":128,""1"":128}","{""0"":128,""1"":128}",58526d41f27316b8968ef093274f46dc10eb8878a9311dc1c7ebb6259842f858,fa53d2826820447d1b4f3a48788bc097be2a88cf19ee2163b864627f1d14cf3e,587fc2aeae74fa789489abced261c22aab81d7498388b9831b9efa02ea7523b8,0.5983946999999716,
formal,cola,distilbert-base-uncased,128,128,4,bf16_gpu,PASS,fp32_gpu,cuda,bf16,none,8,8,8,1,5,3,0.62890625,0.6080895979373137,255.45206356048584,0.5794048796873952,1725.9088334560238,370.484375,256,256,256,"{""0"":128,""1"":128}","{""0"":128,""1"":128}","{""0"":128,""1"":128}",58526d41f27316b8968ef093274f46dc10eb8878a9311dc1c7ebb6259842f858,fa53d2826820447d1b4f3a48788bc097be2a88cf19ee2163b864627f1d14cf3e,587fc2aeae74fa789489abced261c22aab81d7498388b9831b9efa02ea7523b8,0.5983946999999716,
formal,cola,distilbert-base-uncased,128,128,5,fp32_cpu,PASS,fp32_cpu,cpu,fp32,none,8,8,8,1,5,3,0.59765625,0.5971583530669926,255.45206356048584,6.349949467187521,157.4815681868589,0.0,256,256,256,"{""0"":128,""1"":128}","{""0"":128,""1"":128}","{""0"":128,""1"":128}",a5b7a0937396530509d783793a40cfc28a8ae4eee611bed2eb42bc49b1d581b3,167df40198f1d8701eb1c6d855e66f7d6c9a229cb293d2c0c6db9cd91f8297b5,3c3493c9897b59ae64d17280d6d1e83a069d4c86cfaa894225c6cbd65e18d009,0.6147497960000692,
formal,cola,distilbert-base-uncased,128,128,5,dynamic_int8_cpu,PASS,fp32_cpu,cpu,int8_dynamic,dynamic_int8_linear,8,8,8,1,5,3,0.55859375,0.5543436397528925,132.28924465179443,4.121346589843888,242.63914189218403,0.0,256,256,256,"{""0"":128,""1"":128}","{""0"":128,""1"":128}","{""0"":128,""1"":128}",a5b7a0937396530509d783793a40cfc28a8ae4eee611bed2eb42bc49b1d581b3,167df40198f1d8701eb1c6d855e66f7d6c9a229cb293d2c0c6db9cd91f8297b5,3c3493c9897b59ae64d17280d6d1e83a069d4c86cfaa894225c6cbd65e18d009,0.6147497960000692,
formal,cola,distilbert-base-uncased,128,128,5,fp32_gpu,PASS,fp32_gpu,cuda,fp32,none,8,8,8,1,5,3,0.59765625,0.5971583530669926,255.45206356048584,0.4368255710936353,2289.243272769959,283.7724609375,256,256,256,"{""0"":128,""1"":128}","{""0"":128,""1"":128}","{""0"":128,""1"":128}",a5b7a0937396530509d783793a40cfc28a8ae4eee611bed2eb42bc49b1d581b3,167df40198f1d8701eb1c6d855e66f7d6c9a229cb293d2c0c6db9cd91f8297b5,3c3493c9897b59ae64d17280d6d1e83a069d4c86cfaa894225c6cbd65e18d009,0.6147497960000692,
formal,cola,distilbert-base-uncased,128,128,5,bf16_gpu,PASS,fp32_gpu,cuda,bf16,none,8,8,8,1,5,3,0.59765625,0.5971583530669926,255.45206356048584,0.567657374218733,1761.6260184698567,370.2255859375,256,256,256,"{""0"":128,""1"":128}","{""0"":128,""1"":128}","{""0"":128,""1"":128}",a5b7a0937396530509d783793a40cfc28a8ae4eee611bed2eb42bc49b1d581b3,167df40198f1d8701eb1c6d855e66f7d6c9a229cb293d2c0c6db9cd91f8297b5,3c3493c9897b59ae64d17280d6d1e83a069d4c86cfaa894225c6cbd65e18d009,0.6147497960000692,
formal,cola,distilbert-base-uncased,256,256,1,fp32_cpu,PASS,fp32_cpu,cpu,fp32,none,8,8,8,1,5,3,0.68359375,0.6825037130039351,255.45206356048584,5.7514216984374755,173.87005377673424,0.0,512,512,256,"{""0"":256,""1"":256}","{""0"":256,""1"":256}","{""0"":128,""1"":128}",dfcaa04d0520a9e2a3b7851083c1798722d79edda33d7d4bc8740b7c00cee644,d51fc2a3bc339ba0c3a34b4a6989b4573566990c211349ea8fc6b8f3ad30de89,7cb6540edb387dd3481d4b27ee1d7fb77ed826955e50e0f31def6ce0488f18e5,1.1958606179998696,
formal,cola,distilbert-base-uncased,256,256,1,dynamic_int8_cpu,PASS,fp32_cpu,cpu,int8_dynamic,dynamic_int8_linear,8,8,8,1,5,3,0.640625,0.6398336187912894,132.28924465179443,3.606712849218674,277.2607750618769,0.0,512,512,256,"{""0"":256,""1"":256}","{""0"":256,""1"":256}","{""0"":128,""1"":128}",dfcaa04d0520a9e2a3b7851083c1798722d79edda33d7d4bc8740b7c00cee644,d51fc2a3bc339ba0c3a34b4a6989b4573566990c211349ea8fc6b8f3ad30de89,7cb6540edb387dd3481d4b27ee1d7fb77ed826955e50e0f31def6ce0488f18e5,1.1958606179998696,
formal,cola,distilbert-base-uncased,256,256,1,fp32_gpu,PASS,fp32_gpu,cuda,fp32,none,8,8,8,1,5,3,0.68359375,0.6825037130039351,255.45206356048584,0.4059594304687053,2463.30033236434,282.73779296875,512,512,256,"{""0"":256,""1"":256}","{""0"":256,""1"":256}","{""0"":128,""1"":128}",dfcaa04d0520a9e2a3b7851083c1798722d79edda33d7d4bc8740b7c00cee644,d51fc2a3bc339ba0c3a34b4a6989b4573566990c211349ea8fc6b8f3ad30de89,7cb6540edb387dd3481d4b27ee1d7fb77ed826955e50e0f31def6ce0488f18e5,1.1958606179998696,
formal,cola,distilbert-base-uncased,256,256,1,bf16_gpu,PASS,fp32_gpu,cuda,bf16,none,8,8,8,1,5,3,0.68359375,0.6825037130039351,255.45206356048584,0.5541898273438761,1804.435864138476,369.70556640625,512,512,256,"{""0"":256,""1"":256}","{""0"":256,""1"":256}","{""0"":128,""1"":128}",dfcaa04d0520a9e2a3b7851083c1798722d79edda33d7d4bc8740b7c00cee644,d51fc2a3bc339ba0c3a34b4a6989b4573566990c211349ea8fc6b8f3ad30de89,7cb6540edb387dd3481d4b27ee1d7fb77ed826955e50e0f31def6ce0488f18e5,1.1958606179998696,
formal,cola,distilbert-base-uncased,256,256,2,fp32_cpu,PASS,fp32_cpu,cpu,fp32,none,8,8,8,1,5,3,0.625,0.5665608465608466,255.45206356048584,6.197955182031301,161.34353518707806,0.0,512,512,256,"{""0"":256,""1"":256}","{""0"":256,""1"":256}","{""0"":128,""1"":128}",e08b96291eb4d2fe7a973b3d4153f54f1bfdba761f2d9c0b413eeced70234931,b40761238ea5f1f396f94f047b77efd8c803ec0b840be8e1a2b9fd313e3ebb70,02ac1f565d927124661a2001a47ea17e248cea231a907751729abe0e7ca03956,1.1696092279998993,
formal,cola,distilbert-base-uncased,256,256,2,dynamic_int8_cpu,PASS,fp32_cpu,cpu,int8_dynamic,dynamic_int8_linear,8,8,8,1,5,3,0.578125,0.49082872928176796,132.28924465179443,4.007275417968792,249.54611193329958,0.0,512,512,256,"{""0"":256,""1"":256}","{""0"":256,""1"":256}","{""0"":128,""1"":128}",e08b96291eb4d2fe7a973b3d4153f54f1bfdba761f2d9c0b413eeced70234931,b40761238ea5f1f396f94f047b77efd8c803ec0b840be8e1a2b9fd313e3ebb70,02ac1f565d927124661a2001a47ea17e248cea231a907751729abe0e7ca03956,1.1696092279998993,
formal,cola,distilbert-base-uncased,256,256,2,fp32_gpu,PASS,fp32_gpu,cuda,fp32,none,8,8,8,1,5,3,0.625,0.5665608465608466,255.45206356048584,0.4489060515625809,2227.637601496206,283.7724609375,512,512,256,"{""0"":256,""1"":256}","{""0"":256,""1"":256}","{""0"":128,""1"":128}",e08b96291eb4d2fe7a973b3d4153f54f1bfdba761f2d9c0b413eeced70234931,b40761238ea5f1f396f94f047b77efd8c803ec0b840be8e1a2b9fd313e3ebb70,02ac1f565d927124661a2001a47ea17e248cea231a907751729abe0e7ca03956,1.1696092279998993,
formal,cola,distilbert-base-uncased,256,256,2,bf16_gpu,PASS,fp32_gpu,cuda,bf16,none,8,8,8,1,5,3,0.625,0.5665608465608466,255.45206356048584,0.5623035140624566,1778.3989873641929,370.2255859375,512,512,256,"{""0"":256,""1"":256}","{""0"":256,""1"":256}","{""0"":128,""1"":128}",e08b96291eb4d2fe7a973b3d4153f54f1bfdba761f2d9c0b413eeced70234931,b40761238ea5f1f396f94f047b77efd8c803ec0b840be8e1a2b9fd313e3ebb70,02ac1f565d927124661a2001a47ea17e248cea231a907751729abe0e7ca03956,1.1696092279998993,
formal,cola,distilbert-base-uncased,256,256,3,fp32_cpu,PASS,fp32_cpu,cpu,fp32,none,8,8,8,1,5,3,0.65625,0.6457861635220126,255.45206356048584,6.179424154687396,161.8273766239935,0.0,512,512,256,"{""0"":256,""1"":256}","{""0"":256,""1"":256}","{""0"":128,""1"":128}",73a4af8e77835ce59a6ef9a6b3fe9982dd75e66a44eb431d9d8ad380cbf4ca84,6f4beda70cfdf1144fce87c397e0edb93ff8b6ac411f5a55e9f5e3cafd78e662,60f117e2ced29d6b4a92b43d6fb9768f1bd4c13e658b4a19663fd8337ca633d5,1.1547599460000129,
formal,cola,distilbert-base-uncased,256,256,3,dynamic_int8_cpu,PASS,fp32_cpu,cpu,int8_dynamic,dynamic_int8_linear,8,8,8,1,5,3,0.6484375,0.6307692307692307,132.28924465179443,3.939948082031286,253.8104510972232,0.0,512,512,256,"{""0"":256,""1"":256}","{""0"":256,""1"":256}","{""0"":128,""1"":128}",73a4af8e77835ce59a6ef9a6b3fe9982dd75e66a44eb431d9d8ad380cbf4ca84,6f4beda70cfdf1144fce87c397e0edb93ff8b6ac411f5a55e9f5e3cafd78e662,60f117e2ced29d6b4a92b43d6fb9768f1bd4c13e658b4a19663fd8337ca633d5,1.1547599460000129,
formal,cola,distilbert-base-uncased,256,256,3,fp32_gpu,PASS,fp32_gpu,cuda,fp32,none,8,8,8,1,5,3,0.65625,0.6457861635220126,255.45206356048584,0.4425516679686936,2259.623163527972,283.7724609375,512,512,256,"{""0"":256,""1"":256}","{""0"":256,""1"":256}","{""0"":128,""1"":128}",73a4af8e77835ce59a6ef9a6b3fe9982dd75e66a44eb431d9d8ad380cbf4ca84,6f4beda70cfdf1144fce87c397e0edb93ff8b6ac411f5a55e9f5e3cafd78e662,60f117e2ced29d6b4a92b43d6fb9768f1bd4c13e658b4a19663fd8337ca633d5,1.1547599460000129,
formal,cola,distilbert-base-uncased,256,256,3,bf16_gpu,PASS,fp32_gpu,cuda,bf16,none,8,8,8,1,5,3,0.65625,0.6457861635220126,255.45206356048584,0.5679404671875332,1760.7479265424508,370.2255859375,512,512,256,"{""0"":256,""1"":256}","{""0"":256,""1"":256}","{""0"":128,""1"":128}",73a4af8e77835ce59a6ef9a6b3fe9982dd75e66a44eb431d9d8ad380cbf4ca84,6f4beda70cfdf1144fce87c397e0edb93ff8b6ac411f5a55e9f5e3cafd78e662,60f117e2ced29d6b4a92b43d6fb9768f1bd4c13e658b4a19663fd8337ca633d5,1.1547599460000129,
formal,cola,distilbert-base-uncased,256,256,4,fp32_cpu,PASS,fp32_cpu,cpu,fp32,none,8,8,8,1,5,3,0.6484375,0.6333078686019862,255.45206356048584,6.539839522656266,152.90895082909208,0.0,512,512,256,"{""0"":256,""1"":256}","{""0"":256,""1"":256}","{""0"":128,""1"":128}",7ae5e1dca4084a6b2d60f84b5082d682aa8de5018a22475047e8891dd17f5eed,9c5ba463d17b2d696aaad15c265e0100e4873f472fc1ffc83272b68787732b76,587fc2aeae74fa789489abced261c22aab81d7498388b9831b9efa02ea7523b8,1.1803721050000604,
formal,cola,distilbert-base-uncased,256,256,4,dynamic_int8_cpu,PASS,fp32_cpu,cpu,int8_dynamic,dynamic_int8_linear,8,8,8,1,5,3,0.62109375,0.6013293303578595,132.28924465179443,4.310262047656366,232.00445563251395,0.0,512,512,256,"{""0"":256,""1"":256}","{""0"":256,""1"":256}","{""0"":128,""1"":128}",7ae5e1dca4084a6b2d60f84b5082d682aa8de5018a22475047e8891dd17f5eed,9c5ba463d17b2d696aaad15c265e0100e4873f472fc1ffc83272b68787732b76,587fc2aeae74fa789489abced261c22aab81d7498388b9831b9efa02ea7523b8,1.1803721050000604,
formal,cola,distilbert-base-uncased,256,256,4,fp32_gpu,PASS,fp32_gpu,cuda,fp32,none,8,8,8,1,5,3,0.6484375,0.6333078686019862,255.45206356048584,0.44067651718755485,2269.238230305776,284.2890625,512,512,256,"{""0"":256,""1"":256}","{""0"":256,""1"":256}","{""0"":128,""1"":128}",7ae5e1dca4084a6b2d60f84b5082d682aa8de5018a22475047e8891dd17f5eed,9c5ba463d17b2d696aaad15c265e0100e4873f472fc1ffc83272b68787732b76,587fc2aeae74fa789489abced261c22aab81d7498388b9831b9efa02ea7523b8,1.1803721050000604,
formal,cola,distilbert-base-uncased,256,256,4,bf16_gpu,PASS,fp32_gpu,cuda,bf16,none,8,8,8,1,5,3,0.6484375,0.6333078686019862,255.45206356048584,0.5726052523435499,1746.4038199216923,370.484375,512,512,256,"{""0"":256,""1"":256}","{""0"":256,""1"":256}","{""0"":128,""1"":128}",7ae5e1dca4084a6b2d60f84b5082d682aa8de5018a22475047e8891dd17f5eed,9c5ba463d17b2d696aaad15c265e0100e4873f472fc1ffc83272b68787732b76,587fc2aeae74fa789489abced261c22aab81d7498388b9831b9efa02ea7523b8,1.1803721050000604,
formal,cola,distilbert-base-uncased,256,256,5,fp32_cpu,PASS,fp32_cpu,cpu,fp32,none,8,8,8,1,5,3,0.62109375,0.5932314446246334,255.45206356048584,6.36415952031264,157.12993943792202,0.0,512,512,256,"{""0"":256,""1"":256}","{""0"":256,""1"":256}","{""0"":128,""1"":128}",d48ca03dc1f30d149692e78761845ad3f2e443eb463e2b7146f3a72d73946c40,7b92dd7bb2c90d8a9a5af99f9665e4296e83e08ca11c2a670db50ad01008e591,3c3493c9897b59ae64d17280d6d1e83a069d4c86cfaa894225c6cbd65e18d009,1.176713421000386,
formal,cola,distilbert-base-uncased,256,256,5,dynamic_int8_cpu,PASS,fp32_cpu,cpu,int8_dynamic,dynamic_int8_linear,8,8,8,1,5,3,0.625,0.5927889713679746,132.28924465179443,4.147883094531224,241.0868332616341,0.0,512,512,256,"{""0"":256,""1"":256}","{""0"":256,""1"":256}","{""0"":128,""1"":128}",d48ca03dc1f30d149692e78761845ad3f2e443eb463e2b7146f3a72d73946c40,7b92dd7bb2c90d8a9a5af99f9665e4296e83e08ca11c2a670db50ad01008e591,3c3493c9897b59ae64d17280d6d1e83a069d4c86cfaa894225c6cbd65e18d009,1.176713421000386,
formal,cola,distilbert-base-uncased,256,256,5,fp32_gpu,PASS,fp32_gpu,cuda,fp32,none,8,8,8,1,5,3,0.62109375,0.5932314446246334,255.45206356048584,0.4737862945312088,2110.6562421554577,283.7724609375,512,512,256,"{""0"":256,""1"":256}","{""0"":256,""1"":256}","{""0"":128,""1"":128}",d48ca03dc1f30d149692e78761845ad3f2e443eb463e2b7146f3a72d73946c40,7b92dd7bb2c90d8a9a5af99f9665e4296e83e08ca11c2a670db50ad01008e591,3c3493c9897b59ae64d17280d6d1e83a069d4c86cfaa894225c6cbd65e18d009,1.176713421000386,
formal,cola,distilbert-base-uncased,256,256,5,bf16_gpu,PASS,fp32_gpu,cuda,bf16,none,8,8,8,1,5,3,0.62109375,0.5932314446246334,255.45206356048584,0.5874044515625343,1702.4045312219453,370.2255859375,512,512,256,"{""0"":256,""1"":256}","{""0"":256,""1"":256}","{""0"":128,""1"":128}",d48ca03dc1f30d149692e78761845ad3f2e443eb463e2b7146f3a72d73946c40,7b92dd7bb2c90d8a9a5af99f9665e4296e83e08ca11c2a670db50ad01008e591,3c3493c9897b59ae64d17280d6d1e83a069d4c86cfaa894225c6cbd65e18d009,1.176713421000386,
formal,qqp,distilbert-base-uncased,64,64,1,fp32_cpu,PASS,fp32_cpu,cpu,fp32,none,8,8,8,1,5,3,0.64453125,0.6091734192292851,255.45206356048584,16.616069886718776,60.18270305900073,0.0,128,128,256,"{""0"":64,""1"":64}","{""0"":64,""1"":64}","{""0"":128,""1"":128}",9e1416eda2d6ebc2bf5755123f8b5733ea98fc91354bb6e58c6832569cc15a21,da77a8141cacc8eaf15cf3adc9cc043d5c57e3fdecfb73161cec33b2d02d11f2,de838721269c5bb5d599561076cb09d48d8f19b05b4228afb0490b8f8b7976c8,0.32780551099995137,
formal,qqp,distilbert-base-uncased,64,64,1,dynamic_int8_cpu,PASS,fp32_cpu,cpu,int8_dynamic,dynamic_int8_linear,8,8,8,1,5,3,0.66015625,0.6563334207724474,132.28924465179443,10.827072398437565,92.36107076778282,0.0,128,128,256,"{""0"":64,""1"":64}","{""0"":64,""1"":64}","{""0"":128,""1"":128}",9e1416eda2d6ebc2bf5755123f8b5733ea98fc91354bb6e58c6832569cc15a21,da77a8141cacc8eaf15cf3adc9cc043d5c57e3fdecfb73161cec33b2d02d11f2,de838721269c5bb5d599561076cb09d48d8f19b05b4228afb0490b8f8b7976c8,0.32780551099995137,
formal,qqp,distilbert-base-uncased,64,64,1,fp32_gpu,PASS,fp32_gpu,cuda,fp32,none,8,8,8,1,5,3,0.64453125,0.6091734192292851,255.45206356048584,0.46575956796885976,2147.030504088021,299.0498046875,128,128,256,"{""0"":64,""1"":64}","{""0"":64,""1"":64}","{""0"":128,""1"":128}",9e1416eda2d6ebc2bf5755123f8b5733ea98fc91354bb6e58c6832569cc15a21,da77a8141cacc8eaf15cf3adc9cc043d5c57e3fdecfb73161cec33b2d02d11f2,de838721269c5bb5d599561076cb09d48d8f19b05b4228afb0490b8f8b7976c8,0.32780551099995137,
formal,qqp,distilbert-base-uncased,64,64,1,bf16_gpu,PASS,fp32_gpu,cuda,bf16,none,8,8,8,1,5,3,0.640625,0.6058902275769745,255.45206356048584,0.5960312999999218,1677.7642382205956,376.556640625,128,128,256,"{""0"":64,""1"":64}","{""0"":64,""1"":64}","{""0"":128,""1"":128}",9e1416eda2d6ebc2bf5755123f8b5733ea98fc91354bb6e58c6832569cc15a21,da77a8141cacc8eaf15cf3adc9cc043d5c57e3fdecfb73161cec33b2d02d11f2,de838721269c5bb5d599561076cb09d48d8f19b05b4228afb0490b8f8b7976c8,0.32780551099995137,
formal,qqp,distilbert-base-uncased,64,64,2,fp32_cpu,PASS,fp32_cpu,cpu,fp32,none,8,8,8,1,5,3,0.68359375,0.681018967188149,255.45206356048584,14.070247784374956,71.07195376548395,0.0,128,128,256,"{""0"":64,""1"":64}","{""0"":64,""1"":64}","{""0"":128,""1"":128}",0fa45ace70dd39b14b95c12bbf602f9f93539b6bf3f77415fe940b895c7b8170,48f644a88db3cbafee306f09f55dda95f4095c778b78806b8a1b52beeca8136c,ddded1247213d270f904fee9bc94c2ac3cdba5834292d453f04972d45c5db815,0.39368391800007885,
formal,qqp,distilbert-base-uncased,64,64,2,dynamic_int8_cpu,PASS,fp32_cpu,cpu,int8_dynamic,dynamic_int8_linear,8,8,8,1,5,3,0.671875,0.6717948717948719,132.28924465179443,8.977909458593913,111.38450489080965,0.0,128,128,256,"{""0"":64,""1"":64}","{""0"":64,""1"":64}","{""0"":128,""1"":128}",0fa45ace70dd39b14b95c12bbf602f9f93539b6bf3f77415fe940b895c7b8170,48f644a88db3cbafee306f09f55dda95f4095c778b78806b8a1b52beeca8136c,ddded1247213d270f904fee9bc94c2ac3cdba5834292d453f04972d45c5db815,0.39368391800007885,
formal,qqp,distilbert-base-uncased,64,64,2,fp32_gpu,PASS,fp32_gpu,cuda,fp32,none,8,8,8,1,5,3,0.68359375,0.681018967188149,255.45206356048584,0.569009908593543,1757.4386401666748,295.93505859375,128,128,256,"{""0"":64,""1"":64}","{""0"":64,""1"":64}","{""0"":128,""1"":128}",0fa45ace70dd39b14b95c12bbf602f9f93539b6bf3f77415fe940b895c7b8170,48f644a88db3cbafee306f09f55dda95f4095c778b78806b8a1b52beeca8136c,ddded1247213d270f904fee9bc94c2ac3cdba5834292d453f04972d45c5db815,0.39368391800007885,
formal,qqp,distilbert-base-uncased,64,64,2,bf16_gpu,PASS,fp32_gpu,cuda,bf16,none,8,8,8,1,5,3,0.68359375,0.681018967188149,255.45206356048584,0.5891053289062143,1697.489312915722,378.63623046875,128,128,256,"{""0"":64,""1"":64}","{""0"":64,""1"":64}","{""0"":128,""1"":128}",0fa45ace70dd39b14b95c12bbf602f9f93539b6bf3f77415fe940b895c7b8170,48f644a88db3cbafee306f09f55dda95f4095c778b78806b8a1b52beeca8136c,ddded1247213d270f904fee9bc94c2ac3cdba5834292d453f04972d45c5db815,0.39368391800007885,
formal,qqp,distilbert-base-uncased,64,64,3,fp32_cpu,PASS,fp32_cpu,cpu,fp32,none,8,8,8,1,5,3,0.6171875,0.6065985071818353,255.45206356048584,14.556528898437548,68.69769620059195,0.0,128,128,256,"{""0"":64,""1"":64}","{""0"":64,""1"":64}","{""0"":128,""1"":128}",ac1e419f76a56cf880e0324d913df566a144f1086beca602a9ac2b99a31aa974,8060b716537eece9a19a37df4fd8fa4da3244d00dbb620f55c5b921508098e46,18e7c1423d877ba72c362a7227d9fd5d128882f0e5c56052a25f20bb2283e2f6,0.3464078490001157,
formal,qqp,distilbert-base-uncased,64,64,3,dynamic_int8_cpu,PASS,fp32_cpu,cpu,int8_dynamic,dynamic_int8_linear,8,8,8,1,5,3,0.60546875,0.605173545894605,132.28924465179443,9.456766532031224,105.74438912210402,0.0,128,128,256,"{""0"":64,""1"":64}","{""0"":64,""1"":64}","{""0"":128,""1"":128}",ac1e419f76a56cf880e0324d913df566a144f1086beca602a9ac2b99a31aa974,8060b716537eece9a19a37df4fd8fa4da3244d00dbb620f55c5b921508098e46,18e7c1423d877ba72c362a7227d9fd5d128882f0e5c56052a25f20bb2283e2f6,0.3464078490001157,
formal,qqp,distilbert-base-uncased,64,64,3,fp32_gpu,PASS,fp32_gpu,cuda,fp32,none,8,8,8,1,5,3,0.6171875,0.6065985071818353,255.45206356048584,0.49496160468756045,2020.3587319287926,296.50244140625,128,128,256,"{""0"":64,""1"":64}","{""0"":64,""1"":64}","{""0"":128,""1"":128}",ac1e419f76a56cf880e0324d913df566a144f1086beca602a9ac2b99a31aa974,8060b716537eece9a19a37df4fd8fa4da3244d00dbb620f55c5b921508098e46,18e7c1423d877ba72c362a7227d9fd5d128882f0e5c56052a25f20bb2283e2f6,0.3464078490001157,
formal,qqp,distilbert-base-uncased,64,64,3,bf16_gpu,PASS,fp32_gpu,cuda,bf16,none,8,8,8,1,5,3,0.6171875,0.6065985071818353,255.45206356048584,0.6104760773435913,1638.0658261849871,377.59130859375,128,128,256,"{""0"":64,""1"":64}","{""0"":64,""1"":64}","{""0"":128,""1"":128}",ac1e419f76a56cf880e0324d913df566a144f1086beca602a9ac2b99a31aa974,8060b716537eece9a19a37df4fd8fa4da3244d00dbb620f55c5b921508098e46,18e7c1423d877ba72c362a7227d9fd5d128882f0e5c56052a25f20bb2283e2f6,0.3464078490001157,
formal,qqp,distilbert-base-uncased,64,64,4,fp32_cpu,PASS,fp32_cpu,cpu,fp32,none,8,8,8,1,5,3,0.55859375,0.4563938739077328,255.45206356048584,18.0712725898438,55.3364460100064,0.0,128,128,256,"{""0"":64,""1"":64}","{""0"":64,""1"":64}","{""0"":128,""1"":128}",a3c4e1e8dbd09af6f7880220d3cd925a3f763aa7923f02bb3cec0fbaaee6e501,0b8ecec200d67c42c1bcd107947e53b43d42a470d399c826b7a2e5bc8424d78b,8a123c29aa2594c3eded9fbbbb3064e12381c77e4ecb1598cd1a981c1596d652,0.37319920400022966,
formal,qqp,distilbert-base-uncased,64,64,4,dynamic_int8_cpu,PASS,fp32_cpu,cpu,int8_dynamic,dynamic_int8_linear,8,8,8,1,5,3,0.546875,0.4487674487674488,132.28924465179443,11.40232073359364,87.70144458871334,0.0,128,128,256,"{""0"":64,""1"":64}","{""0"":64,""1"":64}","{""0"":128,""1"":128}",a3c4e1e8dbd09af6f7880220d3cd925a3f763aa7923f02bb3cec0fbaaee6e501,0b8ecec200d67c42c1bcd107947e53b43d42a470d399c826b7a2e5bc8424d78b,8a123c29aa2594c3eded9fbbbb3064e12381c77e4ecb1598cd1a981c1596d652,0.37319920400022966,
formal,qqp,distilbert-base-uncased,64,64,4,fp32_gpu,PASS,fp32_gpu,cuda,fp32,none,8,8,8,1,5,3,0.55859375,0.4563938739077328,255.45206356048584,0.4947366242184614,2021.2774859344734,301.12548828125,128,128,256,"{""0"":64,""1"":64}","{""0"":64,""1"":64}","{""0"":128,""1"":128}",a3c4e1e8dbd09af6f7880220d3cd925a3f763aa7923f02bb3cec0fbaaee6e501,0b8ecec200d67c42c1bcd107947e53b43d42a470d399c826b7a2e5bc8424d78b,8a123c29aa2594c3eded9fbbbb3064e12381c77e4ecb1598cd1a981c1596d652,0.37319920400022966,
formal,qqp,distilbert-base-uncased,64,64,4,bf16_gpu,PASS,fp32_gpu,cuda,bf16,none,8,8,8,1,5,3,0.55859375,0.4563938739077328,255.45206356048584,0.5883422453127451,1699.690967233587,377.94580078125,128,128,256,"{""0"":64,""1"":64}","{""0"":64,""1"":64}","{""0"":128,""1"":128}",a3c4e1e8dbd09af6f7880220d3cd925a3f763aa7923f02bb3cec0fbaaee6e501,0b8ecec200d67c42c1bcd107947e53b43d42a470d399c826b7a2e5bc8424d78b,8a123c29aa2594c3eded9fbbbb3064e12381c77e4ecb1598cd1a981c1596d652,0.37319920400022966,
formal,qqp,distilbert-base-uncased,64,64,5,fp32_cpu,PASS,fp32_cpu,cpu,fp32,none,8,8,8,1,5,3,0.57421875,0.5342424596484785,255.45206356048584,17.237187526562536,58.01410458980029,0.0,128,128,256,"{""0"":64,""1"":64}","{""0"":64,""1"":64}","{""0"":128,""1"":128}",12ed4cb5cca9ea7a291edd32422f18fecb69dba01bf648e9223f385496766f25,3dfcadfbc5d87d79196fdcc4c38262eecf99a9caa6359f9c49c5021590f3375f,b4056601b3ca78730204d5ace3052387e1c2602b31b81d0ff2f349fe64ecb9ba,0.39017552700033775,
formal,qqp,distilbert-base-uncased,64,64,5,dynamic_int8_cpu,PASS,fp32_cpu,cpu,int8_dynamic,dynamic_int8_linear,8,8,8,1,5,3,0.54296875,0.45871509894280293,132.28924465179443,10.942305161718835,91.38842183806528,0.0,128,128,256,"{""0"":64,""1"":64}","{""0"":64,""1"":64}","{""0"":128,""1"":128}",12ed4cb5cca9ea7a291edd32422f18fecb69dba01bf648e9223f385496766f25,3dfcadfbc5d87d79196fdcc4c38262eecf99a9caa6359f9c49c5021590f3375f,b4056601b3ca78730204d5ace3052387e1c2602b31b81d0ff2f349fe64ecb9ba,0.39017552700033775,
formal,qqp,distilbert-base-uncased,64,64,5,fp32_gpu,PASS,fp32_gpu,cuda,fp32,none,8,8,8,1,5,3,0.57421875,0.5342424596484785,255.45206356048584,0.46791775234389377,2137.12772167929,300.08642578125,128,128,256,"{""0"":64,""1"":64}","{""0"":64,""1"":64}","{""0"":128,""1"":128}",12ed4cb5cca9ea7a291edd32422f18fecb69dba01bf648e9223f385496766f25,3dfcadfbc5d87d79196fdcc4c38262eecf99a9caa6359f9c49c5021590f3375f,b4056601b3ca78730204d5ace3052387e1c2602b31b81d0ff2f349fe64ecb9ba,0.39017552700033775,
formal,qqp,distilbert-base-uncased,64,64,5,bf16_gpu,PASS,fp32_gpu,cuda,bf16,none,8,8,8,1,5,3,0.57421875,0.5342424596484785,255.45206356048584,0.5600935445315258,1785.416043022637,377.54638671875,128,128,256,"{""0"":64,""1"":64}","{""0"":64,""1"":64}","{""0"":128,""1"":128}",12ed4cb5cca9ea7a291edd32422f18fecb69dba01bf648e9223f385496766f25,3dfcadfbc5d87d79196fdcc4c38262eecf99a9caa6359f9c49c5021590f3375f,b4056601b3ca78730204d5ace3052387e1c2602b31b81d0ff2f349fe64ecb9ba,0.39017552700033775,
formal,qqp,distilbert-base-uncased,128,128,1,fp32_cpu,PASS,fp32_cpu,cpu,fp32,none,8,8,8,1,5,3,0.66796875,0.6630274874177313,255.45206356048584,15.960790117187429,62.653539872261504,0.0,256,256,256,"{""0"":128,""1"":128}","{""0"":128,""1"":128}","{""0"":128,""1"":128}",ce0358051257fc0db974962a9edbc1fda6836ce89747f7c7f968d1dce9c5d77a,a0f51358cee6eaa29cd06e8ebee84593b376e956d0c80b00021a5cf076917ca6,de838721269c5bb5d599561076cb09d48d8f19b05b4228afb0490b8f8b7976c8,0.66635098200004,
formal,qqp,distilbert-base-uncased,128,128,1,dynamic_int8_cpu,PASS,fp32_cpu,cpu,int8_dynamic,dynamic_int8_linear,8,8,8,1,5,3,0.61328125,0.5810562856434416,132.28924465179443,10.366814832031324,96.4616438320289,0.0,256,256,256,"{""0"":128,""1"":128}","{""0"":128,""1"":128}","{""0"":128,""1"":128}",ce0358051257fc0db974962a9edbc1fda6836ce89747f7c7f968d1dce9c5d77a,a0f51358cee6eaa29cd06e8ebee84593b376e956d0c80b00021a5cf076917ca6,de838721269c5bb5d599561076cb09d48d8f19b05b4228afb0490b8f8b7976c8,0.66635098200004,
formal,qqp,distilbert-base-uncased,128,128,1,fp32_gpu,PASS,fp32_gpu,cuda,fp32,none,8,8,8,1,5,3,0.66796875,0.6630274874177313,255.45206356048584,0.4628287062498515,2160.626569822495,299.0498046875,256,256,256,"{""0"":128,""1"":128}","{""0"":128,""1"":128}","{""0"":128,""1"":128}",ce0358051257fc0db974962a9edbc1fda6836ce89747f7c7f968d1dce9c5d77a,a0f51358cee6eaa29cd06e8ebee84593b376e956d0c80b00021a5cf076917ca6,de838721269c5bb5d599561076cb09d48d8f19b05b4228afb0490b8f8b7976c8,0.66635098200004,
formal,qqp,distilbert-base-uncased,128,128,1,bf16_gpu,PASS,fp32_gpu,cuda,bf16,none,8,8,8,1,5,3,0.671875,0.6666666666666667,255.45206356048584,0.580579703906281,1722.416393945151,376.556640625,256,256,256,"{""0"":128,""1"":128}","{""0"":128,""1"":128}","{""0"":128,""1"":128}",ce0358051257fc0db974962a9edbc1fda6836ce89747f7c7f968d1dce9c5d77a,a0f51358cee6eaa29cd06e8ebee84593b376e956d0c80b00021a5cf076917ca6,de838721269c5bb5d599561076cb09d48d8f19b05b4228afb0490b8f8b7976c8,0.66635098200004,
formal,qqp,distilbert-base-uncased,128,128,2,fp32_cpu,PASS,fp32_cpu,cpu,fp32,none,8,8,8,1,5,3,0.7265625,0.7265458096807667,255.45206356048584,13.82927611250011,72.31036475554295,0.0,256,256,256,"{""0"":128,""1"":128}","{""0"":128,""1"":128}","{""0"":128,""1"":128}",a3a7352f3c61cf6fbc87a6f5d2cdae6394e00036fbef7dde0f7f448860179f18,85a2153bf73aaa63c38c03f2c75d863a58f0e07fa9a2e2968a38a276d4b74839,ddded1247213d270f904fee9bc94c2ac3cdba5834292d453f04972d45c5db815,0.7577110440001888,
formal,qqp,distilbert-base-uncased,128,128,2,dynamic_int8_cpu,PASS,fp32_cpu,cpu,int8_dynamic,dynamic_int8_linear,8,8,8,1,5,3,0.7109375,0.7104957515740571,132.28924465179443,8.812894558593598,113.47009695297938,0.0,256,256,256,"{""0"":128,""1"":128}","{""0"":128,""1"":128}","{""0"":128,""1"":128}",a3a7352f3c61cf6fbc87a6f5d2cdae6394e00036fbef7dde0f7f448860179f18,85a2153bf73aaa63c38c03f2c75d863a58f0e07fa9a2e2968a38a276d4b74839,ddded1247213d270f904fee9bc94c2ac3cdba5834292d453f04972d45c5db815,0.7577110440001888,
formal,qqp,distilbert-base-uncased,128,128,2,fp32_gpu,PASS,fp32_gpu,cuda,fp32,none,8,8,8,1,5,3,0.7265625,0.7265458096807667,255.45206356048584,0.45442867265634845,2200.5653695981187,295.93505859375,256,256,256,"{""0"":128,""1"":128}","{""0"":128,""1"":128}","{""0"":128,""1"":128}",a3a7352f3c61cf6fbc87a6f5d2cdae6394e00036fbef7dde0f7f448860179f18,85a2153bf73aaa63c38c03f2c75d863a58f0e07fa9a2e2968a38a276d4b74839,ddded1247213d270f904fee9bc94c2ac3cdba5834292d453f04972d45c5db815,0.7577110440001888,
formal,qqp,distilbert-base-uncased,128,128,2,bf16_gpu,PASS,fp32_gpu,cuda,bf16,none,8,8,8,1,5,3,0.7265625,0.7265458096807667,255.45206356048584,0.5855753773438721,1707.7220776186462,378.63623046875,256,256,256,"{""0"":128,""1"":128}","{""0"":128,""1"":128}","{""0"":128,""1"":128}",a3a7352f3c61cf6fbc87a6f5d2cdae6394e00036fbef7dde0f7f448860179f18,85a2153bf73aaa63c38c03f2c75d863a58f0e07fa9a2e2968a38a276d4b74839,ddded1247213d270f904fee9bc94c2ac3cdba5834292d453f04972d45c5db815,0.7577110440001888,
formal,qqp,distilbert-base-uncased,128,128,3,fp32_cpu,PASS,fp32_cpu,cpu,fp32,none,8,8,8,1,5,3,0.66015625,0.6600265604249668,255.45206356048584,14.349134664843888,69.69061364028111,0.0,256,256,256,"{""0"":128,""1"":128}","{""0"":128,""1"":128}","{""0"":128,""1"":128}",7ebedd024cb1be14ce2d413f60a217956b64bdc0815e75e3fd874ad3f4526dd3,9c034402122d17881c79528b8dc6d63165b33ac5f54c635de34d50c4fbb18dac,18e7c1423d877ba72c362a7227d9fd5d128882f0e5c56052a25f20bb2283e2f6,0.8379333249999945,
formal,qqp,distilbert-base-uncased,128,128,3,dynamic_int8_cpu,PASS,fp32_cpu,cpu,int8_dynamic,dynamic_int8_linear,8,8,8,1,5,3,0.61328125,0.5959634607106987,132.28924465179443,9.222483977343643,108.4306573431457,0.0,256,256,256,"{""0"":128,""1"":128}","{""0"":128,""1"":128}","{""0"":128,""1"":128}",7ebedd024cb1be14ce2d413f60a217956b64bdc0815e75e3fd874ad3f4526dd3,9c034402122d17881c79528b8dc6d63165b33ac5f54c635de34d50c4fbb18dac,18e7c1423d877ba72c362a7227d9fd5d128882f0e5c56052a25f20bb2283e2f6,0.8379333249999945,
formal,qqp,distilbert-base-uncased,128,128,3,fp32_gpu,PASS,fp32_gpu,cuda,fp32,none,8,8,8,1,5,3,0.66015625,0.6600265604249668,255.45206356048584,0.46177944453127395,2165.5359757622887,296.50244140625,256,256,256,"{""0"":128,""1"":128}","{""0"":128,""1"":128}","{""0"":128,""1"":128}",7ebedd024cb1be14ce2d413f60a217956b64bdc0815e75e3fd874ad3f4526dd3,9c034402122d17881c79528b8dc6d63165b33ac5f54c635de34d50c4fbb18dac,18e7c1423d877ba72c362a7227d9fd5d128882f0e5c56052a25f20bb2283e2f6,0.8379333249999945,
formal,qqp,distilbert-base-uncased,128,128,3,bf16_gpu,PASS,fp32_gpu,cuda,bf16,none,8,8,8,1,5,3,0.66015625,0.6600265604249668,255.45206356048584,0.5705369976560348,1752.734711523265,377.59130859375,256,256,256,"{""0"":128,""1"":128}","{""0"":128,""1"":128}","{""0"":128,""1"":128}",7ebedd024cb1be14ce2d413f60a217956b64bdc0815e75e3fd874ad3f4526dd3,9c034402122d17881c79528b8dc6d63165b33ac5f54c635de34d50c4fbb18dac,18e7c1423d877ba72c362a7227d9fd5d128882f0e5c56052a25f20bb2283e2f6,0.8379333249999945,
formal,qqp,distilbert-base-uncased,128,128,4,fp32_cpu,PASS,fp32_cpu,cpu,fp32,none,8,8,8,1,5,3,0.64453125,0.6377602587426723,255.45206356048584,17.74213486875027,56.363002953005875,0.0,256,256,256,"{""0"":128,""1"":128}","{""0"":128,""1"":128}","{""0"":128,""1"":128}",3d0693202c708e4f25979b6e53e6369a29f1ccaad9febe8349503673e6ef2f15,44855270c336c9f55b970b65441004f94bd30ef21a1a39576400e9e544727f24,8a123c29aa2594c3eded9fbbbb3064e12381c77e4ecb1598cd1a981c1596d652,0.6994308019998243,
formal,qqp,distilbert-base-uncased,128,128,4,dynamic_int8_cpu,PASS,fp32_cpu,cpu,int8_dynamic,dynamic_int8_linear,8,8,8,1,5,3,0.68359375,0.6834730045335897,132.28924465179443,11.468691949999865,87.19390182940712,0.0,256,256,256,"{""0"":128,""1"":128}","{""0"":128,""1"":128}","{""0"":128,""1"":128}",3d0693202c708e4f25979b6e53e6369a29f1ccaad9febe8349503673e6ef2f15,44855270c336c9f55b970b65441004f94bd30ef21a1a39576400e9e544727f24,8a123c29aa2594c3eded9fbbbb3064e12381c77e4ecb1598cd1a981c1596d652,0.6994308019998243,
formal,qqp,distilbert-base-uncased,128,128,4,fp32_gpu,PASS,fp32_gpu,cuda,fp32,none,8,8,8,1,5,3,0.64453125,0.6377602587426723,255.45206356048584,0.5040231304686671,1984.0359292045737,301.12548828125,256,256,256,"{""0"":128,""1"":128}","{""0"":128,""1"":128}","{""0"":128,""1"":128}",3d0693202c708e4f25979b6e53e6369a29f1ccaad9febe8349503673e6ef2f15,44855270c336c9f55b970b65441004f94bd30ef21a1a39576400e9e544727f24,8a123c29aa2594c3eded9fbbbb3064e12381c77e4ecb1598cd1a981c1596d652,0.6994308019998243,
formal,qqp,distilbert-base-uncased,128,128,4,bf16_gpu,PASS,fp32_gpu,cuda,bf16,none,8,8,8,1,5,3,0.64453125,0.6377602587426723,255.45206356048584,0.5852332117186165,1708.7205236752793,377.94580078125,256,256,256,"{""0"":128,""1"":128}","{""0"":128,""1"":128}","{""0"":128,""1"":128}",3d0693202c708e4f25979b6e53e6369a29f1ccaad9febe8349503673e6ef2f15,44855270c336c9f55b970b65441004f94bd30ef21a1a39576400e9e544727f24,8a123c29aa2594c3eded9fbbbb3064e12381c77e4ecb1598cd1a981c1596d652,0.6994308019998243,
formal,qqp,distilbert-base-uncased,128,128,5,fp32_cpu,PASS,fp32_cpu,cpu,fp32,none,8,8,8,1,5,3,0.61328125,0.6040927907521674,255.45206356048584,16.73061486953138,59.77066639798934,0.0,256,256,256,"{""0"":128,""1"":128}","{""0"":128,""1"":128}","{""0"":128,""1"":128}",19f8e005f90718dcf071733633801a85eaf613efee005244fece4c5ea6374ca5,8301e393d20b677eea9d1454e232e3bc282f32d60ea4f292181cda3de709d227,b4056601b3ca78730204d5ace3052387e1c2602b31b81d0ff2f349fe64ecb9ba,0.7644934159998229,
formal,qqp,distilbert-base-uncased,128,128,5,dynamic_int8_cpu,PASS,fp32_cpu,cpu,int8_dynamic,dynamic_int8_linear,8,8,8,1,5,3,0.60546875,0.5817196473347893,132.28924465179443,10.760256614843655,92.93458658044558,0.0,256,256,256,"{""0"":128,""1"":128}","{""0"":128,""1"":128}","{""0"":128,""1"":128}",19f8e005f90718dcf071733633801a85eaf613efee005244fece4c5ea6374ca5,8301e393d20b677eea9d1454e232e3bc282f32d60ea4f292181cda3de709d227,b4056601b3ca78730204d5ace3052387e1c2602b31b81d0ff2f349fe64ecb9ba,0.7644934159998229,
formal,qqp,distilbert-base-uncased,128,128,5,fp32_gpu,PASS,fp32_gpu,cuda,fp32,none,8,8,8,1,5,3,0.61328125,0.6040927907521674,255.45206356048584,0.4658397914059975,2146.6607585878405,300.08642578125,256,256,256,"{""0"":128,""1"":128}","{""0"":128,""1"":128}","{""0"":128,""1"":128}",19f8e005f90718dcf071733633801a85eaf613efee005244fece4c5ea6374ca5,8301e393d20b677eea9d1454e232e3bc282f32d60ea4f292181cda3de709d227,b4056601b3ca78730204d5ace3052387e1c2602b31b81d0ff2f349fe64ecb9ba,0.7644934159998229,
formal,qqp,distilbert-base-uncased,128,128,5,bf16_gpu,PASS,fp32_gpu,cuda,bf16,none,8,8,8,1,5,3,0.6171875,0.6076076076076076,255.45206356048584,0.5601381921877646,1785.2737305668113,377.54638671875,256,256,256,"{""0"":128,""1"":128}","{""0"":128,""1"":128}","{""0"":128,""1"":128}",19f8e005f90718dcf071733633801a85eaf613efee005244fece4c5ea6374ca5,8301e393d20b677eea9d1454e232e3bc282f32d60ea4f292181cda3de709d227,b4056601b3ca78730204d5ace3052387e1c2602b31b81d0ff2f349fe64ecb9ba,0.7644934159998229,
formal,qqp,distilbert-base-uncased,256,256,1,fp32_cpu,PASS,fp32_cpu,cpu,fp32,none,8,8,8,1,5,3,0.71484375,0.6988477963097253,255.45206356048584,16.235908953906275,61.59187039290493,0.0,512,512,256,"{""0"":256,""1"":256}","{""0"":256,""1"":256}","{""0"":128,""1"":128}",306133225a3f0069a5d42997f0bbc2d13c311f4c5e4e9f20ea677d74ac38b117,e040438d19e636543079375c36fe5f1702f909150357268215b6d48a7fae8a78,de838721269c5bb5d599561076cb09d48d8f19b05b4228afb0490b8f8b7976c8,1.3640935309999804,
formal,qqp,distilbert-base-uncased,256,256,1,dynamic_int8_cpu,PASS,fp32_cpu,cpu,int8_dynamic,dynamic_int8_linear,8,8,8,1,5,3,0.73828125,0.7379573752960049,132.28924465179443,10.737417418750184,93.13226458475508,0.0,512,512,256,"{""0"":256,""1"":256}","{""0"":256,""1"":256}","{""0"":128,""1"":128}",306133225a3f0069a5d42997f0bbc2d13c311f4c5e4e9f20ea677d74ac38b117,e040438d19e636543079375c36fe5f1702f909150357268215b6d48a7fae8a78,de838721269c5bb5d599561076cb09d48d8f19b05b4228afb0490b8f8b7976c8,1.3640935309999804,
formal,qqp,distilbert-base-uncased,256,256,1,fp32_gpu,PASS,fp32_gpu,cuda,fp32,none,8,8,8,1,5,3,0.71484375,0.6988477963097253,255.45206356048584,0.4565102882814642,2190.531135156901,299.0498046875,512,512,256,"{""0"":256,""1"":256}","{""0"":256,""1"":256}","{""0"":128,""1"":128}",306133225a3f0069a5d42997f0bbc2d13c311f4c5e4e9f20ea677d74ac38b117,e040438d19e636543079375c36fe5f1702f909150357268215b6d48a7fae8a78,de838721269c5bb5d599561076cb09d48d8f19b05b4228afb0490b8f8b7976c8,1.3640935309999804,
formal,qqp,distilbert-base-uncased,256,256,1,bf16_gpu,PASS,fp32_gpu,cuda,bf16,none,8,8,8,1,5,3,0.71875,0.7035321366531557,255.45206356048584,0.5811026828123289,1720.8662592303963,376.556640625,512,512,256,"{""0"":256,""1"":256}","{""0"":256,""1"":256}","{""0"":128,""1"":128}",306133225a3f0069a5d42997f0bbc2d13c311f4c5e4e9f20ea677d74ac38b117,e040438d19e636543079375c36fe5f1702f909150357268215b6d48a7fae8a78,de838721269c5bb5d599561076cb09d48d8f19b05b4228afb0490b8f8b7976c8,1.3640935309999804,
formal,qqp,distilbert-base-uncased,256,256,2,fp32_cpu,PASS,fp32_cpu,cpu,fp32,none,8,8,8,1,5,3,0.7578125,0.7529265255292652,255.45206356048584,13.660822498437497,73.2020345125177,0.0,512,512,256,"{""0"":256,""1"":256}","{""0"":256,""1"":256}","{""0"":128,""1"":128}",836103a0469dc840801b7ecc2a2bf75b4e70b1b21cd29fd7a6eb5bc00a33f524,7361b4ea7e1d6023164086315f4a9bef3d1c2babf6dcf5d9a3a5cbedcd84977f,ddded1247213d270f904fee9bc94c2ac3cdba5834292d453f04972d45c5db815,1.5013839749999534,
formal,qqp,distilbert-base-uncased,256,256,2,dynamic_int8_cpu,PASS,fp32_cpu,cpu,int8_dynamic,dynamic_int8_linear,8,8,8,1,5,3,0.734375,0.7311588831233011,132.28924465179443,8.557821784375008,116.85216462743055,0.0,512,512,256,"{""0"":256,""1"":256}","{""0"":256,""1"":256}","{""0"":128,""1"":128}",836103a0469dc840801b7ecc2a2bf75b4e70b1b21cd29fd7a6eb5bc00a33f524,7361b4ea7e1d6023164086315f4a9bef3d1c2babf6dcf5d9a3a5cbedcd84977f,ddded1247213d270f904fee9bc94c2ac3cdba5834292d453f04972d45c5db815,1.5013839749999534,
formal,qqp,distilbert-base-uncased,256,256,2,fp32_gpu,PASS,fp32_gpu,cuda,fp32,none,8,8,8,1,5,3,0.7578125,0.7529265255292652,255.45206356048584,0.4546600632810538,2199.4454335476516,295.93505859375,512,512,256,"{""0"":256,""1"":256}","{""0"":256,""1"":256}","{""0"":128,""1"":128}",836103a0469dc840801b7ecc2a2bf75b4e70b1b21cd29fd7a6eb5bc00a33f524,7361b4ea7e1d6023164086315f4a9bef3d1c2babf6dcf5d9a3a5cbedcd84977f,ddded1247213d270f904fee9bc94c2ac3cdba5834292d453f04972d45c5db815,1.5013839749999534,
formal,qqp,distilbert-base-uncased,256,256,2,bf16_gpu,PASS,fp32_gpu,cuda,bf16,none,8,8,8,1,5,3,0.75390625,0.7492186406680039,255.45206356048584,0.5865007226560692,1705.027737171965,378.63623046875,512,512,256,"{""0"":256,""1"":256}","{""0"":256,""1"":256}","{""0"":128,""1"":128}",836103a0469dc840801b7ecc2a2bf75b4e70b1b21cd29fd7a6eb5bc00a33f524,7361b4ea7e1d6023164086315f4a9bef3d1c2babf6dcf5d9a3a5cbedcd84977f,ddded1247213d270f904fee9bc94c2ac3cdba5834292d453f04972d45c5db815,1.5013839749999534,
formal,qqp,distilbert-base-uncased,256,256,3,fp32_cpu,PASS,fp32_cpu,cpu,fp32,none,8,8,8,1,5,3,0.7265625,0.7259603621238072,255.45206356048584,13.74124770312477,72.77359535354269,0.0,512,512,256,"{""0"":256,""1"":256}","{""0"":256,""1"":256}","{""0"":128,""1"":128}",dafc098887887be27512b3ed45286be24d1a3ec53a3d018263fdd454f11ab9e2,56f45d45e3762537c0e647d4b12793052f26a128f0c5dd6e6d0ebfed5cd60be2,18e7c1423d877ba72c362a7227d9fd5d128882f0e5c56052a25f20bb2283e2f6,1.6641143990000273,
formal,qqp,distilbert-base-uncased,256,256,3,dynamic_int8_cpu,PASS,fp32_cpu,cpu,int8_dynamic,dynamic_int8_linear,8,8,8,1,5,3,0.66015625,0.6483016722724904,132.28924465179443,8.943175734374975,111.81710274978606,0.0,512,512,256,"{""0"":256,""1"":256}","{""0"":256,""1"":256}","{""0"":128,""1"":128}",dafc098887887be27512b3ed45286be24d1a3ec53a3d018263fdd454f11ab9e2,56f45d45e3762537c0e647d4b12793052f26a128f0c5dd6e6d0ebfed5cd60be2,18e7c1423d877ba72c362a7227d9fd5d128882f0e5c56052a25f20bb2283e2f6,1.6641143990000273,
formal,qqp,distilbert-base-uncased,256,256,3,fp32_gpu,PASS,fp32_gpu,cuda,fp32,none,8,8,8,1,5,3,0.7265625,0.7259603621238072,255.45206356048584,0.4594535851559556,2176.4984153090522,296.50244140625,512,512,256,"{""0"":256,""1"":256}","{""0"":256,""1"":256}","{""0"":128,""1"":128}",dafc098887887be27512b3ed45286be24d1a3ec53a3d018263fdd454f11ab9e2,56f45d45e3762537c0e647d4b12793052f26a128f0c5dd6e6d0ebfed5cd60be2,18e7c1423d877ba72c362a7227d9fd5d128882f0e5c56052a25f20bb2283e2f6,1.6641143990000273,
formal,qqp,distilbert-base-uncased,256,256,3,bf16_gpu,PASS,fp32_gpu,cuda,bf16,none,8,8,8,1,5,3,0.7265625,0.7259603621238072,255.45206356048584,0.5813008375000095,1720.2796477993784,377.59130859375,512,512,256,"{""0"":256,""1"":256}","{""0"":256,""1"":256}","{""0"":128,""1"":128}",dafc098887887be27512b3ed45286be24d1a3ec53a3d018263fdd454f11ab9e2,56f45d45e3762537c0e647d4b12793052f26a128f0c5dd6e6d0ebfed5cd60be2,18e7c1423d877ba72c362a7227d9fd5d128882f0e5c56052a25f20bb2283e2f6,1.6641143990000273,
formal,qqp,distilbert-base-uncased,256,256,4,fp32_cpu,PASS,fp32_cpu,cpu,fp32,none,8,8,8,1,5,3,0.671875,0.6436903499469777,255.45206356048584,16.830908009374923,59.414500955206556,0.0,512,512,256,"{""0"":256,""1"":256}","{""0"":256,""1"":256}","{""0"":128,""1"":128}",aa86cb19e89b6cd83556653aca5c29b5bd2b7e82c67f8386ead24d912ae9fac8,9e98231fdc9e626510c1960edad4cba49cbad22d31aaaace5612c0d219a207eb,8a123c29aa2594c3eded9fbbbb3064e12381c77e4ecb1598cd1a981c1596d652,1.5225775030003206,
formal,qqp,distilbert-base-uncased,256,256,4,dynamic_int8_cpu,PASS,fp32_cpu,cpu,int8_dynamic,dynamic_int8_linear,8,8,8,1,5,3,0.6875,0.6796796796796797,132.28924465179443,10.920986357031026,91.56682073466663,0.0,512,512,256,"{""0"":256,""1"":256}","{""0"":256,""1"":256}","{""0"":128,""1"":128}",aa86cb19e89b6cd83556653aca5c29b5bd2b7e82c67f8386ead24d912ae9fac8,9e98231fdc9e626510c1960edad4cba49cbad22d31aaaace5612c0d219a207eb,8a123c29aa2594c3eded9fbbbb3064e12381c77e4ecb1598cd1a981c1596d652,1.5225775030003206,
formal,qqp,distilbert-base-uncased,256,256,4,fp32_gpu,PASS,fp32_gpu,cuda,fp32,none,8,8,8,1,5,3,0.671875,0.6436903499469777,255.45206356048584,0.4867393093746841,2054.4878556956987,301.12548828125,512,512,256,"{""0"":256,""1"":256}","{""0"":256,""1"":256}","{""0"":128,""1"":128}",aa86cb19e89b6cd83556653aca5c29b5bd2b7e82c67f8386ead24d912ae9fac8,9e98231fdc9e626510c1960edad4cba49cbad22d31aaaace5612c0d219a207eb,8a123c29aa2594c3eded9fbbbb3064e12381c77e4ecb1598cd1a981c1596d652,1.5225775030003206,
formal,qqp,distilbert-base-uncased,256,256,4,bf16_gpu,PASS,fp32_gpu,cuda,bf16,none,8,8,8,1,5,3,0.671875,0.6436903499469777,255.45206356048584,0.5840591984373589,1712.1552107654227,377.94580078125,512,512,256,"{""0"":256,""1"":256}","{""0"":256,""1"":256}","{""0"":128,""1"":128}",aa86cb19e89b6cd83556653aca5c29b5bd2b7e82c67f8386ead24d912ae9fac8,9e98231fdc9e626510c1960edad4cba49cbad22d31aaaace5612c0d219a207eb,8a123c29aa2594c3eded9fbbbb3064e12381c77e4ecb1598cd1a981c1596d652,1.5225775030003206,
formal,qqp,distilbert-base-uncased,256,256,5,fp32_cpu,PASS,fp32_cpu,cpu,fp32,none,8,8,8,1,5,3,0.68359375,0.6705172002860094,255.45206356048584,16.209269637500157,61.693094282699775,0.0,512,512,256,"{""0"":256,""1"":256}","{""0"":256,""1"":256}","{""0"":128,""1"":128}",1b35fc2ba4686462bf1f0f9212575ff117f32e56a298eb8baabd3844d48ebc23,63d20b7983f072ec9b8855b56c43371fe31d66d45ac9c68e0a1b4e501f2b8b47,b4056601b3ca78730204d5ace3052387e1c2602b31b81d0ff2f349fe64ecb9ba,1.5037773290000587,
formal,qqp,distilbert-base-uncased,256,256,5,dynamic_int8_cpu,PASS,fp32_cpu,cpu,int8_dynamic,dynamic_int8_linear,8,8,8,1,5,3,0.6484375,0.6200277063130814,132.28924465179443,10.560908992187379,94.68881899652462,0.0,512,512,256,"{""0"":256,""1"":256}","{""0"":256,""1"":256}","{""0"":128,""1"":128}",1b35fc2ba4686462bf1f0f9212575ff117f32e56a298eb8baabd3844d48ebc23,63d20b7983f072ec9b8855b56c43371fe31d66d45ac9c68e0a1b4e501f2b8b47,b4056601b3ca78730204d5ace3052387e1c2602b31b81d0ff2f349fe64ecb9ba,1.5037773290000587,
formal,qqp,distilbert-base-uncased,256,256,5,fp32_gpu,PASS,fp32_gpu,cuda,fp32,none,8,8,8,1,5,3,0.68359375,0.6705172002860094,255.45206356048584,0.4684486468750748,2134.705707169389,300.08642578125,512,512,256,"{""0"":256,""1"":256}","{""0"":256,""1"":256}","{""0"":128,""1"":128}",1b35fc2ba4686462bf1f0f9212575ff117f32e56a298eb8baabd3844d48ebc23,63d20b7983f072ec9b8855b56c43371fe31d66d45ac9c68e0a1b4e501f2b8b47,b4056601b3ca78730204d5ace3052387e1c2602b31b81d0ff2f349fe64ecb9ba,1.5037773290000587,
formal,qqp,distilbert-base-uncased,256,256,5,bf16_gpu,PASS,fp32_gpu,cuda,bf16,none,8,8,8,1,5,3,0.68359375,0.6705172002860094,255.45206356048584,0.5583150148435578,1791.1035408571345,377.54638671875,512,512,256,"{""0"":256,""1"":256}","{""0"":256,""1"":256}","{""0"":128,""1"":128}",1b35fc2ba4686462bf1f0f9212575ff117f32e56a298eb8baabd3844d48ebc23,63d20b7983f072ec9b8855b56c43371fe31d66d45ac9c68e0a1b4e501f2b8b47,b4056601b3ca78730204d5ace3052387e1c2602b31b81d0ff2f349fe64ecb9ba,1.5037773290000587,
formal,sst2,bert-base-uncased,64,64,1,fp32_cpu,PASS,fp32_cpu,cpu,fp32,none,8,8,8,1,5,3,0.53125,0.4153026265702322,417.7237939834595,20.142484742968847,49.646307928770845,0.0,128,128,256,"{""0"":64,""1"":64}","{""0"":64,""1"":64}","{""0"":128,""1"":128}",4416e89de581ca695d2d886bd826d68838dee081566e722aa64ed12a99e3a947,817d805f76817488f7e78cdf490b4923385e1c67b97f937add77d90f7e2e84f5,543846d9d68ffe5b4b0f8ddf95eca5a7f97627a986335996ba18fd1e7ce2392f,0.5568850110003041,
formal,sst2,bert-base-uncased,64,64,1,dynamic_int8_cpu,PASS,fp32_cpu,cpu,int8_dynamic,dynamic_int8_linear,8,8,8,1,5,3,0.49609375,0.33159268929503916,173.08754062652588,13.001575163281132,76.91375755948296,0.0,128,128,256,"{""0"":64,""1"":64}","{""0"":64,""1"":64}","{""0"":128,""1"":128}",4416e89de581ca695d2d886bd826d68838dee081566e722aa64ed12a99e3a947,817d805f76817488f7e78cdf490b4923385e1c67b97f937add77d90f7e2e84f5,543846d9d68ffe5b4b0f8ddf95eca5a7f97627a986335996ba18fd1e7ce2392f,0.5568850110003041,
formal,sst2,bert-base-uncased,64,64,1,fp32_gpu,PASS,fp32_gpu,cuda,fp32,none,8,8,8,1,5,3,0.53125,0.4153026265702322,417.7237939834595,0.7744568109373517,1291.2275880041207,454.6806640625,128,128,256,"{""0"":64,""1"":64}","{""0"":64,""1"":64}","{""0"":128,""1"":128}",4416e89de581ca695d2d886bd826d68838dee081566e722aa64ed12a99e3a947,817d805f76817488f7e78cdf490b4923385e1c67b97f937add77d90f7e2e84f5,543846d9d68ffe5b4b0f8ddf95eca5a7f97627a986335996ba18fd1e7ce2392f,0.5568850110003041,
formal,sst2,bert-base-uncased,64,64,1,bf16_gpu,PASS,fp32_gpu,cuda,bf16,none,8,8,8,1,5,3,0.53125,0.4153026265702322,417.7237939834595,0.995549412499841,1004.4704837793872,629.6943359375,128,128,256,"{""0"":64,""1"":64}","{""0"":64,""1"":64}","{""0"":128,""1"":128}",4416e89de581ca695d2d886bd826d68838dee081566e722aa64ed12a99e3a947,817d805f76817488f7e78cdf490b4923385e1c67b97f937add77d90f7e2e84f5,543846d9d68ffe5b4b0f8ddf95eca5a7f97627a986335996ba18fd1e7ce2392f,0.5568850110003041,
formal,sst2,bert-base-uncased,64,64,2,fp32_cpu,PASS,fp32_cpu,cpu,fp32,none,8,8,8,1,5,3,0.69921875,0.6896285682795107,417.7237939834595,20.045536271093667,49.886417927468145,0.0,128,128,256,"{""0"":64,""1"":64}","{""0"":64,""1"":64}","{""0"":128,""1"":128}",671a219773d4702bf1fe49fd391c15018becace9e7b8d0774d3c02e4affd5e13,976fd7189b7ec27cad55a45e3471dc1a698dfcd33949d703cc5ad9fc1037d8c3,add7b4024851243ce918d6b67fb9366d78bf1869d0c1a6ba53fc4da0bc23be4d,0.5634984769999392,
formal,sst2,bert-base-uncased,64,64,2,dynamic_int8_cpu,PASS,fp32_cpu,cpu,int8_dynamic,dynamic_int8_linear,8,8,8,1,5,3,0.5234375,0.40030721966205834,173.08754062652588,12.847614879687441,77.83545890537529,0.0,128,128,256,"{""0"":64,""1"":64}","{""0"":64,""1"":64}","{""0"":128,""1"":128}",671a219773d4702bf1fe49fd391c15018becace9e7b8d0774d3c02e4affd5e13,976fd7189b7ec27cad55a45e3471dc1a698dfcd33949d703cc5ad9fc1037d8c3,add7b4024851243ce918d6b67fb9366d78bf1869d0c1a6ba53fc4da0bc23be4d,0.5634984769999392,
formal,sst2,bert-base-uncased,64,64,2,fp32_gpu,PASS,fp32_gpu,cuda,fp32,none,8,8,8,1,5,3,0.69921875,0.6896285682795107,417.7237939834595,0.7416084867188033,1348.4203834080063,454.6806640625,128,128,256,"{""0"":64,""1"":64}","{""0"":64,""1"":64}","{""0"":128,""1"":128}",671a219773d4702bf1fe49fd391c15018becace9e7b8d0774d3c02e4affd5e13,976fd7189b7ec27cad55a45e3471dc1a698dfcd33949d703cc5ad9fc1037d8c3,add7b4024851243ce918d6b67fb9366d78bf1869d0c1a6ba53fc4da0bc23be4d,0.5634984769999392,
formal,sst2,bert-base-uncased,64,64,2,bf16_gpu,PASS,fp32_gpu,cuda,bf16,none,8,8,8,1,5,3,0.69921875,0.6896285682795107,417.7237939834595,0.9929835921877127,1007.0659856491977,629.6943359375,128,128,256,"{""0"":64,""1"":64}","{""0"":64,""1"":64}","{""0"":128,""1"":128}",671a219773d4702bf1fe49fd391c15018becace9e7b8d0774d3c02e4affd5e13,976fd7189b7ec27cad55a45e3471dc1a698dfcd33949d703cc5ad9fc1037d8c3,add7b4024851243ce918d6b67fb9366d78bf1869d0c1a6ba53fc4da0bc23be4d,0.5634984769999392,
formal,sst2,bert-base-uncased,64,64,3,fp32_cpu,PASS,fp32_cpu,cpu,fp32,none,8,8,8,1,5,3,0.7578125,0.750440251572327,417.7237939834595,20.232144179687594,49.42629862256354,0.0,128,128,256,"{""0"":64,""1"":64}","{""0"":64,""1"":64}","{""0"":128,""1"":128}",e0a995c71794fa53f4a27a2c91490f2acfeffc5e6b739491b8bd6a75d6f6127e,0fee96d6c07cf098690caf7b8b6c54a9855d491e131555896781d5bdb104ccd8,7b592b501cde847e3846274980bc8e34fba92e13ad4466277fca69c6d0b43a71,0.5671417650000876,
formal,sst2,bert-base-uncased,64,64,3,dynamic_int8_cpu,PASS,fp32_cpu,cpu,int8_dynamic,dynamic_int8_linear,8,8,8,1,5,3,0.6328125,0.5861025111799105,173.08754062652588,12.6341988820311,79.15024999505452,0.0,128,128,256,"{""0"":64,""1"":64}","{""0"":64,""1"":64}","{""0"":128,""1"":128}",e0a995c71794fa53f4a27a2c91490f2acfeffc5e6b739491b8bd6a75d6f6127e,0fee96d6c07cf098690caf7b8b6c54a9855d491e131555896781d5bdb104ccd8,7b592b501cde847e3846274980bc8e34fba92e13ad4466277fca69c6d0b43a71,0.5671417650000876,
formal,sst2,bert-base-uncased,64,64,3,fp32_gpu,PASS,fp32_gpu,cuda,fp32,none,8,8,8,1,5,3,0.7578125,0.750440251572327,417.7237939834595,0.7463621343749338,1339.8321725384471,454.6806640625,128,128,256,"{""0"":64,""1"":64}","{""0"":64,""1"":64}","{""0"":128,""1"":128}",e0a995c71794fa53f4a27a2c91490f2acfeffc5e6b739491b8bd6a75d6f6127e,0fee96d6c07cf098690caf7b8b6c54a9855d491e131555896781d5bdb104ccd8,7b592b501cde847e3846274980bc8e34fba92e13ad4466277fca69c6d0b43a71,0.5671417650000876,
formal,sst2,bert-base-uncased,64,64,3,bf16_gpu,PASS,fp32_gpu,cuda,bf16,none,8,8,8,1,5,3,0.7578125,0.750440251572327,417.7237939834595,1.004922400781183,995.1017105625702,629.6943359375,128,128,256,"{""0"":64,""1"":64}","{""0"":64,""1"":64}","{""0"":128,""1"":128}",e0a995c71794fa53f4a27a2c91490f2acfeffc5e6b739491b8bd6a75d6f6127e,0fee96d6c07cf098690caf7b8b6c54a9855d491e131555896781d5bdb104ccd8,7b592b501cde847e3846274980bc8e34fba92e13ad4466277fca69c6d0b43a71,0.5671417650000876,
formal,sst2,bert-base-uncased,64,64,4,fp32_cpu,PASS,fp32_cpu,cpu,fp32,none,8,8,8,1,5,3,0.81640625,0.8143410434058049,417.7237939834595,19.219838319531135,52.02957399406442,0.0,128,128,256,"{""0"":64,""1"":64}","{""0"":64,""1"":64}","{""0"":128,""1"":128}",19222c61578480c032ef1ead448387aa4686585a6211c70d0e9cc2f0ca4bce49,9a8a6a48536503c447624b9da6be093779e580980cf813755671714528757287,b2174e606a9e62fb609e59a9dd1d2034c4222c4e0b3518a2c69fbc542a7c45b2,0.5425623840001208,
formal,sst2,bert-base-uncased,64,64,4,dynamic_int8_cpu,PASS,fp32_cpu,cpu,int8_dynamic,dynamic_int8_linear,8,8,8,1,5,3,0.61328125,0.5452767560778685,173.08754062652588,12.426161885156262,80.47537198067211,0.0,128,128,256,"{""0"":64,""1"":64}","{""0"":64,""1"":64}","{""0"":128,""1"":128}",19222c61578480c032ef1ead448387aa4686585a6211c70d0e9cc2f0ca4bce49,9a8a6a48536503c447624b9da6be093779e580980cf813755671714528757287,b2174e606a9e62fb609e59a9dd1d2034c4222c4e0b3518a2c69fbc542a7c45b2,0.5425623840001208,
formal,sst2,bert-base-uncased,64,64,4,fp32_gpu,PASS,fp32_gpu,cuda,fp32,none,8,8,8,1,5,3,0.81640625,0.8143410434058049,417.7237939834595,0.7559227757813147,1322.886453535428,454.4912109375,128,128,256,"{""0"":64,""1"":64}","{""0"":64,""1"":64}","{""0"":128,""1"":128}",19222c61578480c032ef1ead448387aa4686585a6211c70d0e9cc2f0ca4bce49,9a8a6a48536503c447624b9da6be093779e580980cf813755671714528757287,b2174e606a9e62fb609e59a9dd1d2034c4222c4e0b3518a2c69fbc542a7c45b2,0.5425623840001208,
formal,sst2,bert-base-uncased,64,64,4,bf16_gpu,PASS,fp32_gpu,cuda,bf16,none,8,8,8,1,5,3,0.82421875,0.8219336888476698,417.7237939834595,1.0230490539061776,977.4702358423847,629.5283203125,128,128,256,"{""0"":64,""1"":64}","{""0"":64,""1"":64}","{""0"":128,""1"":128}",19222c61578480c032ef1ead448387aa4686585a6211c70d0e9cc2f0ca4bce49,9a8a6a48536503c447624b9da6be093779e580980cf813755671714528757287,b2174e606a9e62fb609e59a9dd1d2034c4222c4e0b3518a2c69fbc542a7c45b2,0.5425623840001208,
formal,sst2,bert-base-uncased,64,64,5,fp32_cpu,PASS,fp32_cpu,cpu,fp32,none,8,8,8,1,5,3,0.70703125,0.699318769086211,417.7237939834595,19.33909489531267,51.708728118520995,0.0,128,128,256,"{""0"":64,""1"":64}","{""0"":64,""1"":64}","{""0"":128,""1"":128}",49d10ce11ca63d0f05378404a3415685191112e440dd9f73f4f74b391a2c117c,2ec11359c71c9f7a4e63e771660be867ef91c03f8d5d7a9cef56fbf490aebd19,274602d2a9aecf5e33c656a6ec3c3df55ac18a84aa1a4e4a46e26235c323870f,0.5544748199999958,
formal,sst2,bert-base-uncased,64,64,5,dynamic_int8_cpu,PASS,fp32_cpu,cpu,int8_dynamic,dynamic_int8_linear,8,8,8,1,5,3,0.7421875,0.7385976855003404,173.08754062652588,12.407642804687313,80.59548584217977,0.0,128,128,256,"{""0"":64,""1"":64}","{""0"":64,""1"":64}","{""0"":128,""1"":128}",49d10ce11ca63d0f05378404a3415685191112e440dd9f73f4f74b391a2c117c,2ec11359c71c9f7a4e63e771660be867ef91c03f8d5d7a9cef56fbf490aebd19,274602d2a9aecf5e33c656a6ec3c3df55ac18a84aa1a4e4a46e26235c323870f,0.5544748199999958,
formal,sst2,bert-base-uncased,64,64,5,fp32_gpu,PASS,fp32_gpu,cuda,fp32,none,8,8,8,1,5,3,0.70703125,0.699318769086211,417.7237939834595,0.7570388249998672,1320.9362148634523,454.4912109375,128,128,256,"{""0"":64,""1"":64}","{""0"":64,""1"":64}","{""0"":128,""1"":128}",49d10ce11ca63d0f05378404a3415685191112e440dd9f73f4f74b391a2c117c,2ec11359c71c9f7a4e63e771660be867ef91c03f8d5d7a9cef56fbf490aebd19,274602d2a9aecf5e33c656a6ec3c3df55ac18a84aa1a4e4a46e26235c323870f,0.5544748199999958,
formal,sst2,bert-base-uncased,64,64,5,bf16_gpu,PASS,fp32_gpu,cuda,bf16,none,8,8,8,1,5,3,0.70703125,0.699318769086211,417.7237939834595,0.9913632226563607,1008.7120211303553,629.5283203125,128,128,256,"{""0"":64,""1"":64}","{""0"":64,""1"":64}","{""0"":128,""1"":128}",49d10ce11ca63d0f05378404a3415685191112e440dd9f73f4f74b391a2c117c,2ec11359c71c9f7a4e63e771660be867ef91c03f8d5d7a9cef56fbf490aebd19,274602d2a9aecf5e33c656a6ec3c3df55ac18a84aa1a4e4a46e26235c323870f,0.5544748199999958,
formal,sst2,bert-base-uncased,128,128,1,fp32_cpu,PASS,fp32_cpu,cpu,fp32,none,8,8,8,1,5,3,0.83203125,0.8295315524583817,417.7237939834595,20.07520917031229,49.81268147775139,0.0,256,256,256,"{""0"":128,""1"":128}","{""0"":128,""1"":128}","{""0"":128,""1"":128}",04c8d669c88145f62491eb13e78cb401de2f3d5fb8c3c126822432630d10adc6,e2d4b50ac79708d24bd6ca380de7347b4a9df72f860301d11922c9306af25036,543846d9d68ffe5b4b0f8ddf95eca5a7f97627a986335996ba18fd1e7ce2392f,1.176030979999723,
formal,sst2,bert-base-uncased,128,128,1,dynamic_int8_cpu,PASS,fp32_cpu,cpu,int8_dynamic,dynamic_int8_linear,8,8,8,1,5,3,0.56640625,0.47039418507128883,173.08754062652588,12.802380620312448,78.1104725486278,0.0,256,256,256,"{""0"":128,""1"":128}","{""0"":128,""1"":128}","{""0"":128,""1"":128}",04c8d669c88145f62491eb13e78cb401de2f3d5fb8c3c126822432630d10adc6,e2d4b50ac79708d24bd6ca380de7347b4a9df72f860301d11922c9306af25036,543846d9d68ffe5b4b0f8ddf95eca5a7f97627a986335996ba18fd1e7ce2392f,1.176030979999723,
formal,sst2,bert-base-uncased,128,128,1,fp32_gpu,PASS,fp32_gpu,cuda,fp32,none,8,8,8,1,5,3,0.83203125,0.8295315524583817,417.7237939834595,0.7456981109374539,1341.0252558409336,454.6806640625,256,256,256,"{""0"":128,""1"":128}","{""0"":128,""1"":128}","{""0"":128,""1"":128}",04c8d669c88145f62491eb13e78cb401de2f3d5fb8c3c126822432630d10adc6,e2d4b50ac79708d24bd6ca380de7347b4a9df72f860301d11922c9306af25036,543846d9d68ffe5b4b0f8ddf95eca5a7f97627a986335996ba18fd1e7ce2392f,1.176030979999723,
formal,sst2,bert-base-uncased,128,128,1,bf16_gpu,PASS,fp32_gpu,cuda,bf16,none,8,8,8,1,5,3,0.83203125,0.8295315524583817,417.7237939834595,1.019676635937472,980.7030628691598,629.6943359375,256,256,256,"{""0"":128,""1"":128}","{""0"":128,""1"":128}","{""0"":128,""1"":128}",04c8d669c88145f62491eb13e78cb401de2f3d5fb8c3c126822432630d10adc6,e2d4b50ac79708d24bd6ca380de7347b4a9df72f860301d11922c9306af25036,543846d9d68ffe5b4b0f8ddf95eca5a7f97627a986335996ba18fd1e7ce2392f,1.176030979999723,
formal,sst2,bert-base-uncased,128,128,2,fp32_cpu,PASS,fp32_cpu,cpu,fp32,none,8,8,8,1,5,3,0.77734375,0.7688762176288905,417.7237939834595,19.781911767187665,50.55123143652394,0.0,256,256,256,"{""0"":128,""1"":128}","{""0"":128,""1"":128}","{""0"":128,""1"":128}",d7a43e997c0847f21a6822a6915b38a6be0fd2a35a762f051f7c4d52f459d15f,7f2a38ef886b0215262ef5a16e236940f5837ff37f1da41bf20ca0d538b409fa,add7b4024851243ce918d6b67fb9366d78bf1869d0c1a6ba53fc4da0bc23be4d,1.0752168480003093,
formal,sst2,bert-base-uncased,128,128,2,dynamic_int8_cpu,PASS,fp32_cpu,cpu,int8_dynamic,dynamic_int8_linear,8,8,8,1,5,3,0.765625,0.7591419431725521,173.08754062652588,12.950275928125166,77.21843191218952,0.0,256,256,256,"{""0"":128,""1"":128}","{""0"":128,""1"":128}","{""0"":128,""1"":128}",d7a43e997c0847f21a6822a6915b38a6be0fd2a35a762f051f7c4d52f459d15f,7f2a38ef886b0215262ef5a16e236940f5837ff37f1da41bf20ca0d538b409fa,add7b4024851243ce918d6b67fb9366d78bf1869d0c1a6ba53fc4da0bc23be4d,1.0752168480003093,
formal,sst2,bert-base-uncased,128,128,2,fp32_gpu,PASS,fp32_gpu,cuda,fp32,none,8,8,8,1,5,3,0.77734375,0.7688762176288905,417.7237939834595,0.7556621320311763,1323.3427448746936,454.6806640625,256,256,256,"{""0"":128,""1"":128}","{""0"":128,""1"":128}","{""0"":128,""1"":128}",d7a43e997c0847f21a6822a6915b38a6be0fd2a35a762f051f7c4d52f459d15f,7f2a38ef886b0215262ef5a16e236940f5837ff37f1da41bf20ca0d538b409fa,add7b4024851243ce918d6b67fb9366d78bf1869d0c1a6ba53fc4da0bc23be4d,1.0752168480003093,
formal,sst2,bert-base-uncased,128,128,2,bf16_gpu,PASS,fp32_gpu,cuda,bf16,none,8,8,8,1,5,3,0.77734375,0.7688762176288905,417.7237939834595,1.0416660718750137,960.0005481603004,629.6943359375,256,256,256,"{""0"":128,""1"":128}","{""0"":128,""1"":128}","{""0"":128,""1"":128}",d7a43e997c0847f21a6822a6915b38a6be0fd2a35a762f051f7c4d52f459d15f,7f2a38ef886b0215262ef5a16e236940f5837ff37f1da41bf20ca0d538b409fa,add7b4024851243ce918d6b67fb9366d78bf1869d0c1a6ba53fc4da0bc23be4d,1.0752168480003093,
formal,sst2,bert-base-uncased,128,128,3,fp32_cpu,PASS,fp32_cpu,cpu,fp32,none,8,8,8,1,5,3,0.84765625,0.8475981132939506,417.7237939834595,20.068250601562454,49.82995378392091,0.0,256,256,256,"{""0"":128,""1"":128}","{""0"":128,""1"":128}","{""0"":128,""1"":128}",d382c7e29349a5ee060d8da3c937996800b46d57b16e32dcadba699e3dd02a14,f3e196e7f78d0e4ffbe0fc761cb7a9b1d500161fc71ece911c56396e98fa4fae,7b592b501cde847e3846274980bc8e34fba92e13ad4466277fca69c6d0b43a71,1.1104682089999187,
formal,sst2,bert-base-uncased,128,128,3,dynamic_int8_cpu,PASS,fp32_cpu,cpu,int8_dynamic,dynamic_int8_linear,8,8,8,1,5,3,0.80078125,0.7974149300975996,173.08754062652588,13.259543417187558,75.41737815072572,0.0,256,256,256,"{""0"":128,""1"":128}","{""0"":128,""1"":128}","{""0"":128,""1"":128}",d382c7e29349a5ee060d8da3c937996800b46d57b16e32dcadba699e3dd02a14,f3e196e7f78d0e4ffbe0fc761cb7a9b1d500161fc71ece911c56396e98fa4fae,7b592b501cde847e3846274980bc8e34fba92e13ad4466277fca69c6d0b43a71,1.1104682089999187,
formal,sst2,bert-base-uncased,128,128,3,fp32_gpu,PASS,fp32_gpu,cuda,fp32,none,8,8,8,1,5,3,0.84765625,0.8475981132939506,417.7237939834595,0.7913846070312758,1263.60810042958,454.6806640625,256,256,256,"{""0"":128,""1"":128}","{""0"":128,""1"":128}","{""0"":128,""1"":128}",d382c7e29349a5ee060d8da3c937996800b46d57b16e32dcadba699e3dd02a14,f3e196e7f78d0e4ffbe0fc761cb7a9b1d500161fc71ece911c56396e98fa4fae,7b592b501cde847e3846274980bc8e34fba92e13ad4466277fca69c6d0b43a71,1.1104682089999187,
formal,sst2,bert-base-uncased,128,128,3,bf16_gpu,PASS,fp32_gpu,cuda,bf16,none,8,8,8,1,5,3,0.84765625,0.8475981132939506,417.7237939834595,1.0421663679686333,959.5396960939903,629.6943359375,256,256,256,"{""0"":128,""1"":128}","{""0"":128,""1"":128}","{""0"":128,""1"":128}",d382c7e29349a5ee060d8da3c937996800b46d57b16e32dcadba699e3dd02a14,f3e196e7f78d0e4ffbe0fc761cb7a9b1d500161fc71ece911c56396e98fa4fae,7b592b501cde847e3846274980bc8e34fba92e13ad4466277fca69c6d0b43a71,1.1104682089999187,
formal,sst2,bert-base-uncased,128,128,4,fp32_cpu,PASS,fp32_cpu,cpu,fp32,none,8,8,8,1,5,3,0.8515625,0.851335656213705,417.7237939834595,18.575043547656023,53.835674593946756,0.0,256,256,256,"{""0"":128,""1"":128}","{""0"":128,""1"":128}","{""0"":128,""1"":128}",31de48c56430d993965c0578f8272592db119eded7039ff181daf97b5dd58269,596e053195585881475b0c6d2c59650452777680809e603cc3cddaa8e2212f36,b2174e606a9e62fb609e59a9dd1d2034c4222c4e0b3518a2c69fbc542a7c45b2,1.1059286650001923,
formal,sst2,bert-base-uncased,128,128,4,dynamic_int8_cpu,PASS,fp32_cpu,cpu,int8_dynamic,dynamic_int8_linear,8,8,8,1,5,3,0.8515625,0.8514173998044966,173.08754062652588,12.30199950078159,81.28759881159695,0.0,256,256,256,"{""0"":128,""1"":128}","{""0"":128,""1"":128}","{""0"":128,""1"":128}",31de48c56430d993965c0578f8272592db119eded7039ff181daf97b5dd58269,596e053195585881475b0c6d2c59650452777680809e603cc3cddaa8e2212f36,b2174e606a9e62fb609e59a9dd1d2034c4222c4e0b3518a2c69fbc542a7c45b2,1.1059286650001923,
formal,sst2,bert-base-uncased,128,128,4,fp32_gpu,PASS,fp32_gpu,cuda,fp32,none,8,8,8,1,5,3,0.8515625,0.851335656213705,417.7237939834595,0.7587507609375876,1317.9558446363874,454.4912109375,256,256,256,"{""0"":128,""1"":128}","{""0"":128,""1"":128}","{""0"":128,""1"":128}",31de48c56430d993965c0578f8272592db119eded7039ff181daf97b5dd58269,596e053195585881475b0c6d2c59650452777680809e603cc3cddaa8e2212f36,b2174e606a9e62fb609e59a9dd1d2034c4222c4e0b3518a2c69fbc542a7c45b2,1.1059286650001923,
formal,sst2,bert-base-uncased,128,128,4,bf16_gpu,PASS,fp32_gpu,cuda,bf16,none,8,8,8,1,5,3,0.8515625,0.851335656213705,417.7237939834595,1.0320685968750354,968.9278435831351,629.5283203125,256,256,256,"{""0"":128,""1"":128}","{""0"":128,""1"":128}","{""0"":128,""1"":128}",31de48c56430d993965c0578f8272592db119eded7039ff181daf97b5dd58269,596e053195585881475b0c6d2c59650452777680809e603cc3cddaa8e2212f36,b2174e606a9e62fb609e59a9dd1d2034c4222c4e0b3518a2c69fbc542a7c45b2,1.1059286650001923,
formal,sst2,bert-base-uncased,128,128,5,fp32_cpu,PASS,fp32_cpu,cpu,fp32,none,8,8,8,1,5,3,0.74609375,0.7347234843050041,417.7237939834595,18.975058635937714,52.700759411939586,0.0,256,256,256,"{""0"":128,""1"":128}","{""0"":128,""1"":128}","{""0"":128,""1"":128}",625a6477fca04e91445bb6afd4387b82ca610d1ec4789456b20daad6e99c475a,db8e5afb91a9b54d09ead342a612660a393b96f28550605d88762156e5beefc9,274602d2a9aecf5e33c656a6ec3c3df55ac18a84aa1a4e4a46e26235c323870f,1.1062016410000979,
formal,sst2,bert-base-uncased,128,128,5,dynamic_int8_cpu,PASS,fp32_cpu,cpu,int8_dynamic,dynamic_int8_linear,8,8,8,1,5,3,0.7890625,0.7865085248332098,173.08754062652588,12.47460317109379,80.1628706167748,0.0,256,256,256,"{""0"":128,""1"":128}","{""0"":128,""1"":128}","{""0"":128,""1"":128}",625a6477fca04e91445bb6afd4387b82ca610d1ec4789456b20daad6e99c475a,db8e5afb91a9b54d09ead342a612660a393b96f28550605d88762156e5beefc9,274602d2a9aecf5e33c656a6ec3c3df55ac18a84aa1a4e4a46e26235c323870f,1.1062016410000979,
formal,sst2,bert-base-uncased,128,128,5,fp32_gpu,PASS,fp32_gpu,cuda,fp32,none,8,8,8,1,5,3,0.74609375,0.7347234843050041,417.7237939834595,0.7504673367186854,1332.503029875173,454.4912109375,256,256,256,"{""0"":128,""1"":128}","{""0"":128,""1"":128}","{""0"":128,""1"":128}",625a6477fca04e91445bb6afd4387b82ca610d1ec4789456b20daad6e99c475a,db8e5afb91a9b54d09ead342a612660a393b96f28550605d88762156e5beefc9,274602d2a9aecf5e33c656a6ec3c3df55ac18a84aa1a4e4a46e26235c323870f,1.1062016410000979,
formal,sst2,bert-base-uncased,128,128,5,bf16_gpu,PASS,fp32_gpu,cuda,bf16,none,8,8,8,1,5,3,0.75,0.739241151005857,417.7237939834595,1.0238755570313174,976.6811924873531,629.5283203125,256,256,256,"{""0"":128,""1"":128}","{""0"":128,""1"":128}","{""0"":128,""1"":128}",625a6477fca04e91445bb6afd4387b82ca610d1ec4789456b20daad6e99c475a,db8e5afb91a9b54d09ead342a612660a393b96f28550605d88762156e5beefc9,274602d2a9aecf5e33c656a6ec3c3df55ac18a84aa1a4e4a46e26235c323870f,1.1062016410000979,
formal,sst2,bert-base-uncased,256,256,1,fp32_cpu,PASS,fp32_cpu,cpu,fp32,none,8,8,8,1,5,3,0.84375,0.8421214924452667,417.7237939834595,20.08019711171869,49.80030795695754,0.0,512,512,256,"{""0"":256,""1"":256}","{""0"":256,""1"":256}","{""0"":128,""1"":128}",15537efa8b0d72b9b1d91b6600e63ad381482e40971be18f872fd79eca27f9e0,1181dd9456e4ab8c5e4b538d8d59bc1762403a30a403444af3769c999727d871,543846d9d68ffe5b4b0f8ddf95eca5a7f97627a986335996ba18fd1e7ce2392f,2.1500626150000244,
formal,sst2,bert-base-uncased,256,256,1,dynamic_int8_cpu,PASS,fp32_cpu,cpu,int8_dynamic,dynamic_int8_linear,8,8,8,1,5,3,0.81640625,0.8120440521752714,173.08754062652588,12.924651653124997,77.3715243426475,0.0,512,512,256,"{""0"":256,""1"":256}","{""0"":256,""1"":256}","{""0"":128,""1"":128}",15537efa8b0d72b9b1d91b6600e63ad381482e40971be18f872fd79eca27f9e0,1181dd9456e4ab8c5e4b538d8d59bc1762403a30a403444af3769c999727d871,543846d9d68ffe5b4b0f8ddf95eca5a7f97627a986335996ba18fd1e7ce2392f,2.1500626150000244,
formal,sst2,bert-base-uncased,256,256,1,fp32_gpu,PASS,fp32_gpu,cuda,fp32,none,8,8,8,1,5,3,0.84375,0.8421214924452667,417.7237939834595,0.9259997601560599,1079.913886620736,454.6806640625,512,512,256,"{""0"":256,""1"":256}","{""0"":256,""1"":256}","{""0"":128,""1"":128}",15537efa8b0d72b9b1d91b6600e63ad381482e40971be18f872fd79eca27f9e0,1181dd9456e4ab8c5e4b538d8d59bc1762403a30a403444af3769c999727d871,543846d9d68ffe5b4b0f8ddf95eca5a7f97627a986335996ba18fd1e7ce2392f,2.1500626150000244,
formal,sst2,bert-base-uncased,256,256,1,bf16_gpu,PASS,fp32_gpu,cuda,bf16,none,8,8,8,1,5,3,0.84375,0.8421214924452667,417.7237939834595,1.482139289843687,674.7004190850811,629.6943359375,512,512,256,"{""0"":256,""1"":256}","{""0"":256,""1"":256}","{""0"":128,""1"":128}",15537efa8b0d72b9b1d91b6600e63ad381482e40971be18f872fd79eca27f9e0,1181dd9456e4ab8c5e4b538d8d59bc1762403a30a403444af3769c999727d871,543846d9d68ffe5b4b0f8ddf95eca5a7f97627a986335996ba18fd1e7ce2392f,2.1500626150000244,
formal,sst2,bert-base-uncased,256,256,2,fp32_cpu,PASS,fp32_cpu,cpu,fp32,none,8,8,8,1,5,3,0.84765625,0.8476353258961955,417.7237939834595,19.902757564843654,50.24429387445315,0.0,512,512,256,"{""0"":256,""1"":256}","{""0"":256,""1"":256}","{""0"":128,""1"":128}",93e3e56a9cf85bb42374df8473320bf1f542ab9ee7ebbe883230cc445a336a7e,f77595eed88626b3ac6831d68a801e146132ea50d40fe2bdd1ffec75576c93bd,add7b4024851243ce918d6b67fb9366d78bf1869d0c1a6ba53fc4da0bc23be4d,2.3101792969996495,
formal,sst2,bert-base-uncased,256,256,2,dynamic_int8_cpu,PASS,fp32_cpu,cpu,int8_dynamic,dynamic_int8_linear,8,8,8,1,5,3,0.83203125,0.8301418056691408,173.08754062652588,12.749077278906285,78.43704906036838,0.0,512,512,256,"{""0"":256,""1"":256}","{""0"":256,""1"":256}","{""0"":128,""1"":128}",93e3e56a9cf85bb42374df8473320bf1f542ab9ee7ebbe883230cc445a336a7e,f77595eed88626b3ac6831d68a801e146132ea50d40fe2bdd1ffec75576c93bd,add7b4024851243ce918d6b67fb9366d78bf1869d0c1a6ba53fc4da0bc23be4d,2.3101792969996495,
formal,sst2,bert-base-uncased,256,256,2,fp32_gpu,PASS,fp32_gpu,cuda,fp32,none,8,8,8,1,5,3,0.84765625,0.8476353258961955,417.7237939834595,0.7494534343749137,1334.3057141823042,454.6806640625,512,512,256,"{""0"":256,""1"":256}","{""0"":256,""1"":256}","{""0"":128,""1"":128}",93e3e56a9cf85bb42374df8473320bf1f542ab9ee7ebbe883230cc445a336a7e,f77595eed88626b3ac6831d68a801e146132ea50d40fe2bdd1ffec75576c93bd,add7b4024851243ce918d6b67fb9366d78bf1869d0c1a6ba53fc4da0bc23be4d,2.3101792969996495,
formal,sst2,bert-base-uncased,256,256,2,bf16_gpu,PASS,fp32_gpu,cuda,bf16,none,8,8,8,1,5,3,0.84765625,0.8476353258961955,417.7237939834595,1.00231330078131,997.6920382284593,629.6943359375,512,512,256,"{""0"":256,""1"":256}","{""0"":256,""1"":256}","{""0"":128,""1"":128}",93e3e56a9cf85bb42374df8473320bf1f542ab9ee7ebbe883230cc445a336a7e,f77595eed88626b3ac6831d68a801e146132ea50d40fe2bdd1ffec75576c93bd,add7b4024851243ce918d6b67fb9366d78bf1869d0c1a6ba53fc4da0bc23be4d,2.3101792969996495,
formal,sst2,bert-base-uncased,256,256,3,fp32_cpu,PASS,fp32_cpu,cpu,fp32,none,8,8,8,1,5,3,0.90234375,0.9022706796768825,417.7237939834595,19.967747417187454,50.080761695695294,0.0,512,512,256,"{""0"":256,""1"":256}","{""0"":256,""1"":256}","{""0"":128,""1"":128}",b02dc203b71deb40c7c7f595628354058ada7b72c47a6c61226bd2e1e57a9b60,c9c08a0444eef153fbd19a1e4b8b6540e64d92afd8566103b3aa0e53ccad0a87,7b592b501cde847e3846274980bc8e34fba92e13ad4466277fca69c6d0b43a71,2.221157811000012,
formal,sst2,bert-base-uncased,256,256,3,dynamic_int8_cpu,PASS,fp32_cpu,cpu,int8_dynamic,dynamic_int8_linear,8,8,8,1,5,3,0.86328125,0.8626756785752602,173.08754062652588,12.73490829843773,78.52431886947126,0.0,512,512,256,"{""0"":256,""1"":256}","{""0"":256,""1"":256}","{""0"":128,""1"":128}",b02dc203b71deb40c7c7f595628354058ada7b72c47a6c61226bd2e1e57a9b60,c9c08a0444eef153fbd19a1e4b8b6540e64d92afd8566103b3aa0e53ccad0a87,7b592b501cde847e3846274980bc8e34fba92e13ad4466277fca69c6d0b43a71,2.221157811000012,
formal,sst2,bert-base-uncased,256,256,3,fp32_gpu,PASS,fp32_gpu,cuda,fp32,none,8,8,8,1,5,3,0.90234375,0.9022706796768825,417.7237939834595,0.7430582320314016,1345.789545008015,454.6806640625,512,512,256,"{""0"":256,""1"":256}","{""0"":256,""1"":256}","{""0"":128,""1"":128}",b02dc203b71deb40c7c7f595628354058ada7b72c47a6c61226bd2e1e57a9b60,c9c08a0444eef153fbd19a1e4b8b6540e64d92afd8566103b3aa0e53ccad0a87,7b592b501cde847e3846274980bc8e34fba92e13ad4466277fca69c6d0b43a71,2.221157811000012,
formal,sst2,bert-base-uncased,256,256,3,bf16_gpu,PASS,fp32_gpu,cuda,bf16,none,8,8,8,1,5,3,0.90625,0.906158357771261,417.7237939834595,0.9999390781249673,1000.0609255867337,629.6943359375,512,512,256,"{""0"":256,""1"":256}","{""0"":256,""1"":256}","{""0"":128,""1"":128}",b02dc203b71deb40c7c7f595628354058ada7b72c47a6c61226bd2e1e57a9b60,c9c08a0444eef153fbd19a1e4b8b6540e64d92afd8566103b3aa0e53ccad0a87,7b592b501cde847e3846274980bc8e34fba92e13ad4466277fca69c6d0b43a71,2.221157811000012,
formal,sst2,bert-base-uncased,256,256,4,fp32_cpu,PASS,fp32_cpu,cpu,fp32,none,8,8,8,1,5,3,0.859375,0.8591600953603521,417.7237939834595,19.31127388749978,51.78322288967698,0.0,512,512,256,"{""0"":256,""1"":256}","{""0"":256,""1"":256}","{""0"":128,""1"":128}",683ea78bbec0f46618b10df7d6b57f93ece19a56efffeee9280a611edc00cb02,7147ed6da8da6778b5f3d75ccf55c92d9162b3410a76873acd703bbefe7fc4fd,b2174e606a9e62fb609e59a9dd1d2034c4222c4e0b3518a2c69fbc542a7c45b2,2.100171437999961,
formal,sst2,bert-base-uncased,256,256,4,dynamic_int8_cpu,PASS,fp32_cpu,cpu,int8_dynamic,dynamic_int8_linear,8,8,8,1,5,3,0.82421875,0.821602787456446,173.08754062652588,12.358345524999947,80.91698018776702,0.0,512,512,256,"{""0"":256,""1"":256}","{""0"":256,""1"":256}","{""0"":128,""1"":128}",683ea78bbec0f46618b10df7d6b57f93ece19a56efffeee9280a611edc00cb02,7147ed6da8da6778b5f3d75ccf55c92d9162b3410a76873acd703bbefe7fc4fd,b2174e606a9e62fb609e59a9dd1d2034c4222c4e0b3518a2c69fbc542a7c45b2,2.100171437999961,
formal,sst2,bert-base-uncased,256,256,4,fp32_gpu,PASS,fp32_gpu,cuda,fp32,none,8,8,8,1,5,3,0.859375,0.8591600953603521,417.7237939834595,0.751316725781237,1330.9965899670026,454.4912109375,512,512,256,"{""0"":256,""1"":256}","{""0"":256,""1"":256}","{""0"":128,""1"":128}",683ea78bbec0f46618b10df7d6b57f93ece19a56efffeee9280a611edc00cb02,7147ed6da8da6778b5f3d75ccf55c92d9162b3410a76873acd703bbefe7fc4fd,b2174e606a9e62fb609e59a9dd1d2034c4222c4e0b3518a2c69fbc542a7c45b2,2.100171437999961,
formal,sst2,bert-base-uncased,256,256,4,bf16_gpu,PASS,fp32_gpu,cuda,bf16,none,8,8,8,1,5,3,0.859375,0.8591600953603521,417.7237939834595,1.0370085507812377,964.3122028710785,629.5283203125,512,512,256,"{""0"":256,""1"":256}","{""0"":256,""1"":256}","{""0"":128,""1"":128}",683ea78bbec0f46618b10df7d6b57f93ece19a56efffeee9280a611edc00cb02,7147ed6da8da6778b5f3d75ccf55c92d9162b3410a76873acd703bbefe7fc4fd,b2174e606a9e62fb609e59a9dd1d2034c4222c4e0b3518a2c69fbc542a7c45b2,2.100171437999961,
formal,sst2,bert-base-uncased,256,256,5,fp32_cpu,PASS,fp32_cpu,cpu,fp32,none,8,8,8,1,5,3,0.85546875,0.8544895921345725,417.7237939834595,18.893072355468732,52.92945377994824,0.0,512,512,256,"{""0"":256,""1"":256}","{""0"":256,""1"":256}","{""0"":128,""1"":128}",3df34acb24650d4191a625de425b1b66352144c9950c356d0804b0b9a6b3bbdd,d588191f93e3a60f46fc416b1ac3e9817a940bb9bbb70cff3ff687b997d7feb8,274602d2a9aecf5e33c656a6ec3c3df55ac18a84aa1a4e4a46e26235c323870f,2.144117185000141,
formal,sst2,bert-base-uncased,256,256,5,dynamic_int8_cpu,PASS,fp32_cpu,cpu,int8_dynamic,dynamic_int8_linear,8,8,8,1,5,3,0.8515625,0.8514173998044966,173.08754062652588,12.325461628906353,81.13286383162678,0.0,512,512,256,"{""0"":256,""1"":256}","{""0"":256,""1"":256}","{""0"":128,""1"":128}",3df34acb24650d4191a625de425b1b66352144c9950c356d0804b0b9a6b3bbdd,d588191f93e3a60f46fc416b1ac3e9817a940bb9bbb70cff3ff687b997d7feb8,274602d2a9aecf5e33c656a6ec3c3df55ac18a84aa1a4e4a46e26235c323870f,2.144117185000141,
formal,sst2,bert-base-uncased,256,256,5,fp32_gpu,PASS,fp32_gpu,cuda,fp32,none,8,8,8,1,5,3,0.85546875,0.8544895921345725,417.7237939834595,0.7512333062500431,1331.1443884080886,454.4912109375,512,512,256,"{""0"":256,""1"":256}","{""0"":256,""1"":256}","{""0"":128,""1"":128}",3df34acb24650d4191a625de425b1b66352144c9950c356d0804b0b9a6b3bbdd,d588191f93e3a60f46fc416b1ac3e9817a940bb9bbb70cff3ff687b997d7feb8,274602d2a9aecf5e33c656a6ec3c3df55ac18a84aa1a4e4a46e26235c323870f,2.144117185000141,
formal,sst2,bert-base-uncased,256,256,5,bf16_gpu,PASS,fp32_gpu,cuda,bf16,none,8,8,8,1,5,3,0.85546875,0.8544895921345725,417.7237939834595,1.0105434187501317,989.5665851120261,629.5283203125,512,512,256,"{""0"":256,""1"":256}","{""0"":256,""1"":256}","{""0"":128,""1"":128}",3df34acb24650d4191a625de425b1b66352144c9950c356d0804b0b9a6b3bbdd,d588191f93e3a60f46fc416b1ac3e9817a940bb9bbb70cff3ff687b997d7feb8,274602d2a9aecf5e33c656a6ec3c3df55ac18a84aa1a4e4a46e26235c323870f,2.144117185000141,
formal,mrpc,bert-base-uncased,64,64,1,fp32_cpu,PASS,fp32_cpu,cpu,fp32,none,8,8,8,1,5,3,0.6796875,0.6796092796092796,417.7237939834595,30.44538784531241,32.845697518482005,0.0,128,128,256,"{""0"":64,""1"":64}","{""0"":64,""1"":64}","{""0"":128,""1"":128}",2cf8ce630f3272edfee91be8eb4f082c9f8b251d230f54167324feaa9c97243d,190fa8ef71ff31c41c26ad131737a30ae206ae5e5942c1e7ffee6b48f4331b13,57179e44fa2e21f0548fb8d1917f7ae658a561f6066f20e5cfe31bb7719f3f25,0.6532401079998635,
formal,mrpc,bert-base-uncased,64,64,1,dynamic_int8_cpu,PASS,fp32_cpu,cpu,int8_dynamic,dynamic_int8_linear,8,8,8,1,5,3,0.5,0.3333333333333333,173.08754062652588,19.810648399218778,50.47790359246568,0.0,128,128,256,"{""0"":64,""1"":64}","{""0"":64,""1"":64}","{""0"":128,""1"":128}",2cf8ce630f3272edfee91be8eb4f082c9f8b251d230f54167324feaa9c97243d,190fa8ef71ff31c41c26ad131737a30ae206ae5e5942c1e7ffee6b48f4331b13,57179e44fa2e21f0548fb8d1917f7ae658a561f6066f20e5cfe31bb7719f3f25,0.6532401079998635,
formal,mrpc,bert-base-uncased,64,64,1,fp32_gpu,PASS,fp32_gpu,cuda,fp32,none,8,8,8,1,5,3,0.6796875,0.6796092796092796,417.7237939834595,1.0071153789063203,992.934892014014,459.7314453125,128,128,256,"{""0"":64,""1"":64}","{""0"":64,""1"":64}","{""0"":128,""1"":128}",2cf8ce630f3272edfee91be8eb4f082c9f8b251d230f54167324feaa9c97243d,190fa8ef71ff31c41c26ad131737a30ae206ae5e5942c1e7ffee6b48f4331b13,57179e44fa2e21f0548fb8d1917f7ae658a561f6066f20e5cfe31bb7719f3f25,0.6532401079998635,
formal,mrpc,bert-base-uncased,64,64,1,bf16_gpu,PASS,fp32_gpu,cuda,bf16,none,8,8,8,1,5,3,0.6796875,0.6796092796092796,417.7237939834595,1.023372559374991,977.1612408786245,648.2470703125,128,128,256,"{""0"":64,""1"":64}","{""0"":64,""1"":64}","{""0"":128,""1"":128}",2cf8ce630f3272edfee91be8eb4f082c9f8b251d230f54167324feaa9c97243d,190fa8ef71ff31c41c26ad131737a30ae206ae5e5942c1e7ffee6b48f4331b13,57179e44fa2e21f0548fb8d1917f7ae658a561f6066f20e5cfe31bb7719f3f25,0.6532401079998635,
formal,mrpc,bert-base-uncased,64,64,2,fp32_cpu,PASS,fp32_cpu,cpu,fp32,none,8,8,8,1,5,3,0.63671875,0.6360467782618666,417.7237939834595,30.13966939218733,33.17886427311693,0.0,128,128,256,"{""0"":64,""1"":64}","{""0"":64,""1"":64}","{""0"":128,""1"":128}",93b99d96ca6efdfc83be4a378ace5d72ba8af169376b8bc87e6b8dcfd35e34b0,78a8e37a628453baad9fe07eeac51d85499355aaa1e11bfe08cc6b43d3d48624,e61b43b6c9239b73536a9aff0a8a75bc2a9900014ded4eda5e76fefc0b887f3d,0.7706442680000691,
formal,mrpc,bert-base-uncased,64,64,2,dynamic_int8_cpu,PASS,fp32_cpu,cpu,int8_dynamic,dynamic_int8_linear,8,8,8,1,5,3,0.5,0.3333333333333333,173.08754062652588,18.8881643093751,52.943207376889035,0.0,128,128,256,"{""0"":64,""1"":64}","{""0"":64,""1"":64}","{""0"":128,""1"":128}",93b99d96ca6efdfc83be4a378ace5d72ba8af169376b8bc87e6b8dcfd35e34b0,78a8e37a628453baad9fe07eeac51d85499355aaa1e11bfe08cc6b43d3d48624,e61b43b6c9239b73536a9aff0a8a75bc2a9900014ded4eda5e76fefc0b887f3d,0.7706442680000691,
formal,mrpc,bert-base-uncased,64,64,2,fp32_gpu,PASS,fp32_gpu,cuda,fp32,none,8,8,8,1,5,3,0.63671875,0.6360467782618666,417.7237939834595,0.7918040421877492,1262.9387407988052,459.30712890625,128,128,256,"{""0"":64,""1"":64}","{""0"":64,""1"":64}","{""0"":128,""1"":128}",93b99d96ca6efdfc83be4a378ace5d72ba8af169376b8bc87e6b8dcfd35e34b0,78a8e37a628453baad9fe07eeac51d85499355aaa1e11bfe08cc6b43d3d48624,e61b43b6c9239b73536a9aff0a8a75bc2a9900014ded4eda5e76fefc0b887f3d,0.7706442680000691,
formal,mrpc,bert-base-uncased,64,64,2,bf16_gpu,PASS,fp32_gpu,cuda,bf16,none,8,8,8,1,5,3,0.63671875,0.6360467782618666,417.7237939834595,1.0285358874998707,972.2558173743118,640.01806640625,128,128,256,"{""0"":64,""1"":64}","{""0"":64,""1"":64}","{""0"":128,""1"":128}",93b99d96ca6efdfc83be4a378ace5d72ba8af169376b8bc87e6b8dcfd35e34b0,78a8e37a628453baad9fe07eeac51d85499355aaa1e11bfe08cc6b43d3d48624,e61b43b6c9239b73536a9aff0a8a75bc2a9900014ded4eda5e76fefc0b887f3d,0.7706442680000691,
formal,mrpc,bert-base-uncased,64,64,3,fp32_cpu,PASS,fp32_cpu,cpu,fp32,none,8,8,8,1,5,3,0.62890625,0.6287646349468028,417.7237939834595,29.99597083437493,33.33781078537439,0.0,128,128,256,"{""0"":64,""1"":64}","{""0"":64,""1"":64}","{""0"":128,""1"":128}",5f1a507da66d01e66f68b76d10bbdf88a53ebea86bda49eb1ccddef6f5791561,d0019f6e4d2b021e1ff090058ece313e54c60ee6e03e94e5932c98f5c008dbc2,708c271e2adbebe07176651673ca9075d2167a9bb44f9464c4e890f0c48b5071,0.668004755000311,
formal,mrpc,bert-base-uncased,64,64,3,dynamic_int8_cpu,PASS,fp32_cpu,cpu,int8_dynamic,dynamic_int8_linear,8,8,8,1,5,3,0.5,0.3333333333333333,173.08754062652588,18.818550108593612,53.13905663451423,0.0,128,128,256,"{""0"":64,""1"":64}","{""0"":64,""1"":64}","{""0"":128,""1"":128}",5f1a507da66d01e66f68b76d10bbdf88a53ebea86bda49eb1ccddef6f5791561,d0019f6e4d2b021e1ff090058ece313e54c60ee6e03e94e5932c98f5c008dbc2,708c271e2adbebe07176651673ca9075d2167a9bb44f9464c4e890f0c48b5071,0.668004755000311,
formal,mrpc,bert-base-uncased,64,64,3,fp32_gpu,PASS,fp32_gpu,cuda,fp32,none,8,8,8,1,5,3,0.62890625,0.6287646349468028,417.7237939834595,0.7852005171876897,1273.5600373540838,459.30712890625,128,128,256,"{""0"":64,""1"":64}","{""0"":64,""1"":64}","{""0"":128,""1"":128}",5f1a507da66d01e66f68b76d10bbdf88a53ebea86bda49eb1ccddef6f5791561,d0019f6e4d2b021e1ff090058ece313e54c60ee6e03e94e5932c98f5c008dbc2,708c271e2adbebe07176651673ca9075d2167a9bb44f9464c4e890f0c48b5071,0.668004755000311,
formal,mrpc,bert-base-uncased,64,64,3,bf16_gpu,PASS,fp32_gpu,cuda,bf16,none,8,8,8,1,5,3,0.63671875,0.6364469283980027,417.7237939834595,1.0294138742185766,971.426580741488,640.01806640625,128,128,256,"{""0"":64,""1"":64}","{""0"":64,""1"":64}","{""0"":128,""1"":128}",5f1a507da66d01e66f68b76d10bbdf88a53ebea86bda49eb1ccddef6f5791561,d0019f6e4d2b021e1ff090058ece313e54c60ee6e03e94e5932c98f5c008dbc2,708c271e2adbebe07176651673ca9075d2167a9bb44f9464c4e890f0c48b5071,0.668004755000311,
formal,mrpc,bert-base-uncased,64,64,4,fp32_cpu,PASS,fp32_cpu,cpu,fp32,none,8,8,8,1,5,3,0.640625,0.6402737047898338,417.7237939834595,29.600863150000123,33.78279866139633,0.0,128,128,256,"{""0"":64,""1"":64}","{""0"":64,""1"":64}","{""0"":128,""1"":128}",826356c54b30af3948b4a9fb14957fe50d20feb3f820e4c4ef74848442c6d640,4c29f4f0f5c88cacb8ada6026870817d54465238c7497b2ef7452d74da84823c,72264ff5ae0d46057bfd8be33e8813237d475d4cf2fa5bc89effcee37763d08b,0.6408062799996515,
formal,mrpc,bert-base-uncased,64,64,4,dynamic_int8_cpu,PASS,fp32_cpu,cpu,int8_dynamic,dynamic_int8_linear,8,8,8,1,5,3,0.5,0.3333333333333333,173.08754062652588,19.475938929687686,51.34540643253269,0.0,128,128,256,"{""0"":64,""1"":64}","{""0"":64,""1"":64}","{""0"":128,""1"":128}",826356c54b30af3948b4a9fb14957fe50d20feb3f820e4c4ef74848442c6d640,4c29f4f0f5c88cacb8ada6026870817d54465238c7497b2ef7452d74da84823c,72264ff5ae0d46057bfd8be33e8813237d475d4cf2fa5bc89effcee37763d08b,0.6408062799996515,
formal,mrpc,bert-base-uncased,64,64,4,fp32_gpu,PASS,fp32_gpu,cuda,fp32,none,8,8,8,1,5,3,0.640625,0.6402737047898338,417.7237939834595,0.7669209382815012,1303.9153713038231,459.7314453125,128,128,256,"{""0"":64,""1"":64}","{""0"":64,""1"":64}","{""0"":128,""1"":128}",826356c54b30af3948b4a9fb14957fe50d20feb3f820e4c4ef74848442c6d640,4c29f4f0f5c88cacb8ada6026870817d54465238c7497b2ef7452d74da84823c,72264ff5ae0d46057bfd8be33e8813237d475d4cf2fa5bc89effcee37763d08b,0.6408062799996515,
formal,mrpc,bert-base-uncased,64,64,4,bf16_gpu,PASS,fp32_gpu,cuda,bf16,none,8,8,8,1,5,3,0.640625,0.6402737047898338,417.7237939834595,1.0148166515623558,985.3996763459243,648.2470703125,128,128,256,"{""0"":64,""1"":64}","{""0"":64,""1"":64}","{""0"":128,""1"":128}",826356c54b30af3948b4a9fb14957fe50d20feb3f820e4c4ef74848442c6d640,4c29f4f0f5c88cacb8ada6026870817d54465238c7497b2ef7452d74da84823c,72264ff5ae0d46057bfd8be33e8813237d475d4cf2fa5bc89effcee37763d08b,0.6408062799996515,
formal,mrpc,bert-base-uncased,64,64,5,fp32_cpu,PASS,fp32_cpu,cpu,fp32,none,8,8,8,1,5,3,0.66015625,0.6600265604249668,417.7237939834595,30.986031877343834,32.27260605547797,0.0,128,128,256,"{""0"":64,""1"":64}","{""0"":64,""1"":64}","{""0"":128,""1"":128}",ba27f97269e37c177f8d23b52007b77367d9051a4edcd380ca064afbf58720f5,31cccefa33bd4ec3e40159298aba739fc84e1071e4062b565756e3c21e13ba51,c59cdf20d8d0bbfd136657596c77e43b7986ca6c806cc618399adacb5012b5ad,0.6207326439998724,
formal,mrpc,bert-base-uncased,64,64,5,dynamic_int8_cpu,PASS,fp32_cpu,cpu,int8_dynamic,dynamic_int8_linear,8,8,8,1,5,3,0.5,0.3333333333333333,173.08754062652588,19.985967134375215,50.03510679650986,0.0,128,128,256,"{""0"":64,""1"":64}","{""0"":64,""1"":64}","{""0"":128,""1"":128}",ba27f97269e37c177f8d23b52007b77367d9051a4edcd380ca064afbf58720f5,31cccefa33bd4ec3e40159298aba739fc84e1071e4062b565756e3c21e13ba51,c59cdf20d8d0bbfd136657596c77e43b7986ca6c806cc618399adacb5012b5ad,0.6207326439998724,
formal,mrpc,bert-base-uncased,64,64,5,fp32_gpu,PASS,fp32_gpu,cuda,fp32,none,8,8,8,1,5,3,0.66015625,0.6600265604249668,417.7237939834595,0.9016200335935309,1109.1146633181631,459.7314453125,128,128,256,"{""0"":64,""1"":64}","{""0"":64,""1"":64}","{""0"":128,""1"":128}",ba27f97269e37c177f8d23b52007b77367d9051a4edcd380ca064afbf58720f5,31cccefa33bd4ec3e40159298aba739fc84e1071e4062b565756e3c21e13ba51,c59cdf20d8d0bbfd136657596c77e43b7986ca6c806cc618399adacb5012b5ad,0.6207326439998724,
formal,mrpc,bert-base-uncased,64,64,5,bf16_gpu,PASS,fp32_gpu,cuda,bf16,none,8,8,8,1,5,3,0.66015625,0.6600265604249668,417.7237939834595,1.0028453023437578,997.1627704321813,648.2470703125,128,128,256,"{""0"":64,""1"":64}","{""0"":64,""1"":64}","{""0"":128,""1"":128}",ba27f97269e37c177f8d23b52007b77367d9051a4edcd380ca064afbf58720f5,31cccefa33bd4ec3e40159298aba739fc84e1071e4062b565756e3c21e13ba51,c59cdf20d8d0bbfd136657596c77e43b7986ca6c806cc618399adacb5012b5ad,0.6207326439998724,
formal,mrpc,bert-base-uncased,128,128,1,fp32_cpu,PASS,fp32_cpu,cpu,fp32,none,8,8,8,1,5,3,0.6328125,0.6324535679374389,417.7237939834595,30.687848040625454,32.58618847030822,0.0,256,256,256,"{""0"":128,""1"":128}","{""0"":128,""1"":128}","{""0"":128,""1"":128}",5c2afbef28b4a526a1649d6ab5d2b9113d0c7b0fb6c1e829507a72dced290ae0,c37fee962764389777c156dc13bf46409f4fb91529697adcebeb88f260895654,57179e44fa2e21f0548fb8d1917f7ae658a561f6066f20e5cfe31bb7719f3f25,1.4253906329995516,
formal,mrpc,bert-base-uncased,128,128,1,dynamic_int8_cpu,PASS,fp32_cpu,cpu,int8_dynamic,dynamic_int8_linear,8,8,8,1,5,3,0.5,0.3333333333333333,173.08754062652588,19.697611437500484,50.767576727409256,0.0,256,256,256,"{""0"":128,""1"":128}","{""0"":128,""1"":128}","{""0"":128,""1"":128}",5c2afbef28b4a526a1649d6ab5d2b9113d0c7b0fb6c1e829507a72dced290ae0,c37fee962764389777c156dc13bf46409f4fb91529697adcebeb88f260895654,57179e44fa2e21f0548fb8d1917f7ae658a561f6066f20e5cfe31bb7719f3f25,1.4253906329995516,
formal,mrpc,bert-base-uncased,128,128,1,fp32_gpu,PASS,fp32_gpu,cuda,fp32,none,8,8,8,1,5,3,0.6328125,0.6324535679374389,417.7237939834595,0.7793801460934446,1283.0709186170416,459.7314453125,256,256,256,"{""0"":128,""1"":128}","{""0"":128,""1"":128}","{""0"":128,""1"":128}",5c2afbef28b4a526a1649d6ab5d2b9113d0c7b0fb6c1e829507a72dced290ae0,c37fee962764389777c156dc13bf46409f4fb91529697adcebeb88f260895654,57179e44fa2e21f0548fb8d1917f7ae658a561f6066f20e5cfe31bb7719f3f25,1.4253906329995516,
formal,mrpc,bert-base-uncased,128,128,1,bf16_gpu,PASS,fp32_gpu,cuda,bf16,none,8,8,8,1,5,3,0.62890625,0.6284470246734397,417.7237939834595,1.0140628179691191,986.1322023449366,648.2470703125,256,256,256,"{""0"":128,""1"":128}","{""0"":128,""1"":128}","{""0"":128,""1"":128}",5c2afbef28b4a526a1649d6ab5d2b9113d0c7b0fb6c1e829507a72dced290ae0,c37fee962764389777c156dc13bf46409f4fb91529697adcebeb88f260895654,57179e44fa2e21f0548fb8d1917f7ae658a561f6066f20e5cfe31bb7719f3f25,1.4253906329995516,
formal,mrpc,bert-base-uncased,128,128,2,fp32_cpu,PASS,fp32_cpu,cpu,fp32,none,8,8,8,1,5,3,0.62109375,0.620624856771828,417.7237939834595,30.145419558594,33.17253548441376,0.0,256,256,256,"{""0"":128,""1"":128}","{""0"":128,""1"":128}","{""0"":128,""1"":128}",7efabec35bae5c9719b12dbd9782c62f87c571ab6f6e04cf11e327a4684513ff,77564ba92eaa2b93e7048277daee6148cecfe98aa9583b655fdc8c532b44591a,e61b43b6c9239b73536a9aff0a8a75bc2a9900014ded4eda5e76fefc0b887f3d,1.2498150339997665,
formal,mrpc,bert-base-uncased,128,128,2,dynamic_int8_cpu,PASS,fp32_cpu,cpu,int8_dynamic,dynamic_int8_linear,8,8,8,1,5,3,0.50390625,0.34195559333697656,173.08754062652588,19.146321617186857,52.22935350163248,0.0,256,256,256,"{""0"":128,""1"":128}","{""0"":128,""1"":128}","{""0"":128,""1"":128}",7efabec35bae5c9719b12dbd9782c62f87c571ab6f6e04cf11e327a4684513ff,77564ba92eaa2b93e7048277daee6148cecfe98aa9583b655fdc8c532b44591a,e61b43b6c9239b73536a9aff0a8a75bc2a9900014ded4eda5e76fefc0b887f3d,1.2498150339997665,
formal,mrpc,bert-base-uncased,128,128,2,fp32_gpu,PASS,fp32_gpu,cuda,fp32,none,8,8,8,1,5,3,0.62109375,0.620624856771828,417.7237939834595,0.7615422843748831,1313.124721394632,459.30712890625,256,256,256,"{""0"":128,""1"":128}","{""0"":128,""1"":128}","{""0"":128,""1"":128}",7efabec35bae5c9719b12dbd9782c62f87c571ab6f6e04cf11e327a4684513ff,77564ba92eaa2b93e7048277daee6148cecfe98aa9583b655fdc8c532b44591a,e61b43b6c9239b73536a9aff0a8a75bc2a9900014ded4eda5e76fefc0b887f3d,1.2498150339997665,
formal,mrpc,bert-base-uncased,128,128,2,bf16_gpu,PASS,fp32_gpu,cuda,bf16,none,8,8,8,1,5,3,0.6171875,0.6166024818142919,417.7237939834595,1.005690874218601,994.3413285687585,640.01806640625,256,256,256,"{""0"":128,""1"":128}","{""0"":128,""1"":128}","{""0"":128,""1"":128}",7efabec35bae5c9719b12dbd9782c62f87c571ab6f6e04cf11e327a4684513ff,77564ba92eaa2b93e7048277daee6148cecfe98aa9583b655fdc8c532b44591a,e61b43b6c9239b73536a9aff0a8a75bc2a9900014ded4eda5e76fefc0b887f3d,1.2498150339997665,
formal,mrpc,bert-base-uncased,128,128,3,fp32_cpu,PASS,fp32_cpu,cpu,fp32,none,8,8,8,1,5,3,0.65234375,0.6484330396407796,417.7237939834595,29.76772850234326,33.59342651627859,0.0,256,256,256,"{""0"":128,""1"":128}","{""0"":128,""1"":128}","{""0"":128,""1"":128}",800c271cbd7f8a31518ac08f8c42e785bfed4d69bef4162ea7e0d4eb9993eef7,06139b2fa2c7bc42f327b3fd19b0fb43e1b4cc73a07fc42dc48cf8dc93fc97b2,708c271e2adbebe07176651673ca9075d2167a9bb44f9464c4e890f0c48b5071,1.2532054250004876,
formal,mrpc,bert-base-uncased,128,128,3,dynamic_int8_cpu,PASS,fp32_cpu,cpu,int8_dynamic,dynamic_int8_linear,8,8,8,1,5,3,0.53125,0.40478958381771685,173.08754062652588,18.91192287421859,52.87669618001858,0.0,256,256,256,"{""0"":128,""1"":128}","{""0"":128,""1"":128}","{""0"":128,""1"":128}",800c271cbd7f8a31518ac08f8c42e785bfed4d69bef4162ea7e0d4eb9993eef7,06139b2fa2c7bc42f327b3fd19b0fb43e1b4cc73a07fc42dc48cf8dc93fc97b2,708c271e2adbebe07176651673ca9075d2167a9bb44f9464c4e890f0c48b5071,1.2532054250004876,
formal,mrpc,bert-base-uncased,128,128,3,fp32_gpu,PASS,fp32_gpu,cuda,fp32,none,8,8,8,1,5,3,0.65234375,0.6484330396407796,417.7237939834595,0.7855219390620505,1273.0389188035235,459.30712890625,256,256,256,"{""0"":128,""1"":128}","{""0"":128,""1"":128}","{""0"":128,""1"":128}",800c271cbd7f8a31518ac08f8c42e785bfed4d69bef4162ea7e0d4eb9993eef7,06139b2fa2c7bc42f327b3fd19b0fb43e1b4cc73a07fc42dc48cf8dc93fc97b2,708c271e2adbebe07176651673ca9075d2167a9bb44f9464c4e890f0c48b5071,1.2532054250004876,
formal,mrpc,bert-base-uncased,128,128,3,bf16_gpu,PASS,fp32_gpu,cuda,bf16,none,8,8,8,1,5,3,0.65234375,0.6484330396407796,417.7237939834595,1.0373263601564986,964.0167631034969,640.01806640625,256,256,256,"{""0"":128,""1"":128}","{""0"":128,""1"":128}","{""0"":128,""1"":128}",800c271cbd7f8a31518ac08f8c42e785bfed4d69bef4162ea7e0d4eb9993eef7,06139b2fa2c7bc42f327b3fd19b0fb43e1b4cc73a07fc42dc48cf8dc93fc97b2,708c271e2adbebe07176651673ca9075d2167a9bb44f9464c4e890f0c48b5071,1.2532054250004876,
formal,mrpc,bert-base-uncased,128,128,4,fp32_cpu,PASS,fp32_cpu,cpu,fp32,none,8,8,8,1,5,3,0.63671875,0.6313124274099884,417.7237939834595,30.337045914063054,32.962998534291685,0.0,256,256,256,"{""0"":128,""1"":128}","{""0"":128,""1"":128}","{""0"":128,""1"":128}",30e1cc969bb022b5ec11e84b93c956cb82ea3314acb9d449d5cc9c9d62911eb4,693c68c45340a1b197a670dca70ce8dfb1e6139dac48e1bfa55dbf4275b3c6d2,72264ff5ae0d46057bfd8be33e8813237d475d4cf2fa5bc89effcee37763d08b,1.287888025999564,
formal,mrpc,bert-base-uncased,128,128,4,dynamic_int8_cpu,PASS,fp32_cpu,cpu,int8_dynamic,dynamic_int8_linear,8,8,8,1,5,3,0.515625,0.3671451355661882,173.08754062652588,19.572588257031498,51.09186311323683,0.0,256,256,256,"{""0"":128,""1"":128}","{""0"":128,""1"":128}","{""0"":128,""1"":128}",30e1cc969bb022b5ec11e84b93c956cb82ea3314acb9d449d5cc9c9d62911eb4,693c68c45340a1b197a670dca70ce8dfb1e6139dac48e1bfa55dbf4275b3c6d2,72264ff5ae0d46057bfd8be33e8813237d475d4cf2fa5bc89effcee37763d08b,1.287888025999564,
formal,mrpc,bert-base-uncased,128,128,4,fp32_gpu,PASS,fp32_gpu,cuda,fp32,none,8,8,8,1,5,3,0.63671875,0.6313124274099884,417.7237939834595,0.9323565648436727,1072.551036488566,459.7314453125,256,256,256,"{""0"":128,""1"":128}","{""0"":128,""1"":128}","{""0"":128,""1"":128}",30e1cc969bb022b5ec11e84b93c956cb82ea3314acb9d449d5cc9c9d62911eb4,693c68c45340a1b197a670dca70ce8dfb1e6139dac48e1bfa55dbf4275b3c6d2,72264ff5ae0d46057bfd8be33e8813237d475d4cf2fa5bc89effcee37763d08b,1.287888025999564,
formal,mrpc,bert-base-uncased,128,128,4,bf16_gpu,PASS,fp32_gpu,cuda,bf16,none,8,8,8,1,5,3,0.63671875,0.6313124274099884,417.7237939834595,1.0207747062501937,979.6480985245908,648.2470703125,256,256,256,"{""0"":128,""1"":128}","{""0"":128,""1"":128}","{""0"":128,""1"":128}",30e1cc969bb022b5ec11e84b93c956cb82ea3314acb9d449d5cc9c9d62911eb4,693c68c45340a1b197a670dca70ce8dfb1e6139dac48e1bfa55dbf4275b3c6d2,72264ff5ae0d46057bfd8be33e8813237d475d4cf2fa5bc89effcee37763d08b,1.287888025999564,
formal,mrpc,bert-base-uncased,128,128,5,fp32_cpu,PASS,fp32_cpu,cpu,fp32,none,8,8,8,1,5,3,0.62890625,0.6080895979373137,417.7237939834595,30.645984117968794,32.630702807604266,0.0,256,256,256,"{""0"":128,""1"":128}","{""0"":128,""1"":128}","{""0"":128,""1"":128}",2bb32ea1b83d6f5d05f49bfb089bc3343317a573bb64446ad5a0f866238a2692,6e41efcce428b83e6b90c4197f0110072a3c1762133121a06f85707d3c56bd05,c59cdf20d8d0bbfd136657596c77e43b7986ca6c806cc618399adacb5012b5ad,1.5217658479996317,
formal,mrpc,bert-base-uncased,128,128,5,dynamic_int8_cpu,PASS,fp32_cpu,cpu,int8_dynamic,dynamic_int8_linear,8,8,8,1,5,3,0.51171875,0.35885876860812244,173.08754062652588,19.67196950078076,50.83375103648422,0.0,256,256,256,"{""0"":128,""1"":128}","{""0"":128,""1"":128}","{""0"":128,""1"":128}",2bb32ea1b83d6f5d05f49bfb089bc3343317a573bb64446ad5a0f866238a2692,6e41efcce428b83e6b90c4197f0110072a3c1762133121a06f85707d3c56bd05,c59cdf20d8d0bbfd136657596c77e43b7986ca6c806cc618399adacb5012b5ad,1.5217658479996317,
formal,mrpc,bert-base-uncased,128,128,5,fp32_gpu,PASS,fp32_gpu,cuda,fp32,none,8,8,8,1,5,3,0.62890625,0.6080895979373137,417.7237939834595,0.8041728304682749,1243.5137847391507,459.7314453125,256,256,256,"{""0"":128,""1"":128}","{""0"":128,""1"":128}","{""0"":128,""1"":128}",2bb32ea1b83d6f5d05f49bfb089bc3343317a573bb64446ad5a0f866238a2692,6e41efcce428b83e6b90c4197f0110072a3c1762133121a06f85707d3c56bd05,c59cdf20d8d0bbfd136657596c77e43b7986ca6c806cc618399adacb5012b5ad,1.5217658479996317,
formal,mrpc,bert-base-uncased,128,128,5,bf16_gpu,PASS,fp32_gpu,cuda,bf16,none,8,8,8,1,5,3,0.62890625,0.6080895979373137,417.7237939834595,1.0342847460940163,966.8517337962365,648.2470703125,256,256,256,"{""0"":128,""1"":128}","{""0"":128,""1"":128}","{""0"":128,""1"":128}",2bb32ea1b83d6f5d05f49bfb089bc3343317a573bb64446ad5a0f866238a2692,6e41efcce428b83e6b90c4197f0110072a3c1762133121a06f85707d3c56bd05,c59cdf20d8d0bbfd136657596c77e43b7986ca6c806cc618399adacb5012b5ad,1.5217658479996317,
formal,mrpc,bert-base-uncased,256,256,1,fp32_cpu,PASS,fp32_cpu,cpu,fp32,none,8,8,8,1,5,3,0.6796875,0.6768472906403942,417.7237939834595,30.521893501562403,32.763367054826084,0.0,512,512,256,"{""0"":256,""1"":256}","{""0"":256,""1"":256}","{""0"":128,""1"":128}",968f8f1baa5f7b8a35121efbc642fecccbae1640d1a8ecc14d96015d6f2d1494,d5549fa9950e03ebde5f2a22985e98cccc439c0ae557db435a658620ea949abe,57179e44fa2e21f0548fb8d1917f7ae658a561f6066f20e5cfe31bb7719f3f25,2.5312448829999994,
formal,mrpc,bert-base-uncased,256,256,1,dynamic_int8_cpu,PASS,fp32_cpu,cpu,int8_dynamic,dynamic_int8_linear,8,8,8,1,5,3,0.546875,0.4298003072196621,173.08754062652588,19.829467067187778,50.42999877968079,0.0,512,512,256,"{""0"":256,""1"":256}","{""0"":256,""1"":256}","{""0"":128,""1"":128}",968f8f1baa5f7b8a35121efbc642fecccbae1640d1a8ecc14d96015d6f2d1494,d5549fa9950e03ebde5f2a22985e98cccc439c0ae557db435a658620ea949abe,57179e44fa2e21f0548fb8d1917f7ae658a561f6066f20e5cfe31bb7719f3f25,2.5312448829999994,
formal,mrpc,bert-base-uncased,256,256,1,fp32_gpu,PASS,fp32_gpu,cuda,fp32,none,8,8,8,1,5,3,0.6796875,0.6768472906403942,417.7237939834595,0.791444918749562,1263.5118077199145,459.7314453125,512,512,256,"{""0"":256,""1"":256}","{""0"":256,""1"":256}","{""0"":128,""1"":128}",968f8f1baa5f7b8a35121efbc642fecccbae1640d1a8ecc14d96015d6f2d1494,d5549fa9950e03ebde5f2a22985e98cccc439c0ae557db435a658620ea949abe,57179e44fa2e21f0548fb8d1917f7ae658a561f6066f20e5cfe31bb7719f3f25,2.5312448829999994,
formal,mrpc,bert-base-uncased,256,256,1,bf16_gpu,PASS,fp32_gpu,cuda,bf16,none,8,8,8,1,5,3,0.6796875,0.6768472906403942,417.7237939834595,1.0162431671872696,984.0164561871279,648.2470703125,512,512,256,"{""0"":256,""1"":256}","{""0"":256,""1"":256}","{""0"":128,""1"":128}",968f8f1baa5f7b8a35121efbc642fecccbae1640d1a8ecc14d96015d6f2d1494,d5549fa9950e03ebde5f2a22985e98cccc439c0ae557db435a658620ea949abe,57179e44fa2e21f0548fb8d1917f7ae658a561f6066f20e5cfe31bb7719f3f25,2.5312448829999994,
formal,mrpc,bert-base-uncased,256,256,2,fp32_cpu,PASS,fp32_cpu,cpu,fp32,none,8,8,8,1,5,3,0.6796875,0.6659027247262541,417.7237939834595,30.161209164062797,33.15516942840289,0.0,512,512,256,"{""0"":256,""1"":256}","{""0"":256,""1"":256}","{""0"":128,""1"":128}",baf9d514d4e22a57962e00a78d66ff574d0d729f1630c788b32d1bd524a6ea87,153fd3cecb0ac320420ff026d10936d13b44d476b54f0d0a388f2d2ffbb2f813,e61b43b6c9239b73536a9aff0a8a75bc2a9900014ded4eda5e76fefc0b887f3d,2.592822907000482,
formal,mrpc,bert-base-uncased,256,256,2,dynamic_int8_cpu,PASS,fp32_cpu,cpu,int8_dynamic,dynamic_int8_linear,8,8,8,1,5,3,0.60546875,0.5940144770518316,173.08754062652588,19.17329049453116,52.155888436845636,0.0,512,512,256,"{""0"":256,""1"":256}","{""0"":256,""1"":256}","{""0"":128,""1"":128}",baf9d514d4e22a57962e00a78d66ff574d0d729f1630c788b32d1bd524a6ea87,153fd3cecb0ac320420ff026d10936d13b44d476b54f0d0a388f2d2ffbb2f813,e61b43b6c9239b73536a9aff0a8a75bc2a9900014ded4eda5e76fefc0b887f3d,2.592822907000482,
formal,mrpc,bert-base-uncased,256,256,2,fp32_gpu,PASS,fp32_gpu,cuda,fp32,none,8,8,8,1,5,3,0.6796875,0.6659027247262541,417.7237939834595,0.7876067867186975,1269.6690999402992,459.30712890625,512,512,256,"{""0"":256,""1"":256}","{""0"":256,""1"":256}","{""0"":128,""1"":128}",baf9d514d4e22a57962e00a78d66ff574d0d729f1630c788b32d1bd524a6ea87,153fd3cecb0ac320420ff026d10936d13b44d476b54f0d0a388f2d2ffbb2f813,e61b43b6c9239b73536a9aff0a8a75bc2a9900014ded4eda5e76fefc0b887f3d,2.592822907000482,
formal,mrpc,bert-base-uncased,256,256,2,bf16_gpu,PASS,fp32_gpu,cuda,bf16,none,8,8,8,1,5,3,0.6796875,0.6659027247262541,417.7237939834595,1.0317744601557877,969.2040640829682,640.01806640625,512,512,256,"{""0"":256,""1"":256}","{""0"":256,""1"":256}","{""0"":128,""1"":128}",baf9d514d4e22a57962e00a78d66ff574d0d729f1630c788b32d1bd524a6ea87,153fd3cecb0ac320420ff026d10936d13b44d476b54f0d0a388f2d2ffbb2f813,e61b43b6c9239b73536a9aff0a8a75bc2a9900014ded4eda5e76fefc0b887f3d,2.592822907000482,
formal,mrpc,bert-base-uncased,256,256,3,fp32_cpu,PASS,fp32_cpu,cpu,fp32,none,8,8,8,1,5,3,0.68359375,0.6814501881864966,417.7237939834595,29.66066502109399,33.714685739137096,0.0,512,512,256,"{""0"":256,""1"":256}","{""0"":256,""1"":256}","{""0"":128,""1"":128}",a516d7d0c71158651f8ea88eecc918553d9760a1756b1eedc2d7251f95c43574,a54739704e8d4a464e821021cbd4020e6f042b3c975f33cff160fb35b348edea,708c271e2adbebe07176651673ca9075d2167a9bb44f9464c4e890f0c48b5071,2.5614331619999575,
formal,mrpc,bert-base-uncased,256,256,3,dynamic_int8_cpu,PASS,fp32_cpu,cpu,int8_dynamic,dynamic_int8_linear,8,8,8,1,5,3,0.55078125,0.44207553963651525,173.08754062652588,18.963216726562848,52.733669314618105,0.0,512,512,256,"{""0"":256,""1"":256}","{""0"":256,""1"":256}","{""0"":128,""1"":128}",a516d7d0c71158651f8ea88eecc918553d9760a1756b1eedc2d7251f95c43574,a54739704e8d4a464e821021cbd4020e6f042b3c975f33cff160fb35b348edea,708c271e2adbebe07176651673ca9075d2167a9bb44f9464c4e890f0c48b5071,2.5614331619999575,
formal,mrpc,bert-base-uncased,256,256,3,fp32_gpu,PASS,fp32_gpu,cuda,fp32,none,8,8,8,1,5,3,0.68359375,0.6814501881864966,417.7237939834595,0.7856701460937643,1272.798775633581,459.30712890625,512,512,256,"{""0"":256,""1"":256}","{""0"":256,""1"":256}","{""0"":128,""1"":128}",a516d7d0c71158651f8ea88eecc918553d9760a1756b1eedc2d7251f95c43574,a54739704e8d4a464e821021cbd4020e6f042b3c975f33cff160fb35b348edea,708c271e2adbebe07176651673ca9075d2167a9bb44f9464c4e890f0c48b5071,2.5614331619999575,
formal,mrpc,bert-base-uncased,256,256,3,bf16_gpu,PASS,fp32_gpu,cuda,bf16,none,8,8,8,1,5,3,0.68359375,0.6814501881864966,417.7237939834595,1.0216933304690201,978.7672779863782,640.01806640625,512,512,256,"{""0"":256,""1"":256}","{""0"":256,""1"":256}","{""0"":128,""1"":128}",a516d7d0c71158651f8ea88eecc918553d9760a1756b1eedc2d7251f95c43574,a54739704e8d4a464e821021cbd4020e6f042b3c975f33cff160fb35b348edea,708c271e2adbebe07176651673ca9075d2167a9bb44f9464c4e890f0c48b5071,2.5614331619999575,
formal,mrpc,bert-base-uncased,256,256,4,fp32_cpu,PASS,fp32_cpu,cpu,fp32,none,8,8,8,1,5,3,0.625,0.5965327029156816,417.7237939834595,30.23428493906266,33.07503392309441,0.0,512,512,256,"{""0"":256,""1"":256}","{""0"":256,""1"":256}","{""0"":128,""1"":128}",cf3095c6a248742a38500bec7f48e412ce262c9406196ebfe8ac2c5de7f54a36,aac7bfaa96408eb8b1a4336146a963d032e8336ec6d53a79eaf3c67f2d0f7927,72264ff5ae0d46057bfd8be33e8813237d475d4cf2fa5bc89effcee37763d08b,2.712936056000217,
formal,mrpc,bert-base-uncased,256,256,4,dynamic_int8_cpu,PASS,fp32_cpu,cpu,int8_dynamic,dynamic_int8_linear,8,8,8,1,5,3,0.5703125,0.48139963167587474,173.08754062652588,20.563598757812684,48.629620319744475,0.0,512,512,256,"{""0"":256,""1"":256}","{""0"":256,""1"":256}","{""0"":128,""1"":128}",cf3095c6a248742a38500bec7f48e412ce262c9406196ebfe8ac2c5de7f54a36,aac7bfaa96408eb8b1a4336146a963d032e8336ec6d53a79eaf3c67f2d0f7927,72264ff5ae0d46057bfd8be33e8813237d475d4cf2fa5bc89effcee37763d08b,2.712936056000217,
formal,mrpc,bert-base-uncased,256,256,4,fp32_gpu,PASS,fp32_gpu,cuda,fp32,none,8,8,8,1,5,3,0.625,0.5965327029156816,417.7237939834595,0.8077649406253329,1237.9839105493338,459.7314453125,512,512,256,"{""0"":256,""1"":256}","{""0"":256,""1"":256}","{""0"":128,""1"":128}",cf3095c6a248742a38500bec7f48e412ce262c9406196ebfe8ac2c5de7f54a36,aac7bfaa96408eb8b1a4336146a963d032e8336ec6d53a79eaf3c67f2d0f7927,72264ff5ae0d46057bfd8be33e8813237d475d4cf2fa5bc89effcee37763d08b,2.712936056000217,
formal,mrpc,bert-base-uncased,256,256,4,bf16_gpu,PASS,fp32_gpu,cuda,bf16,none,8,8,8,1,5,3,0.62890625,0.6016184251478369,417.7237939834595,1.0490593445311447,953.2349196574091,648.2470703125,512,512,256,"{""0"":256,""1"":256}","{""0"":256,""1"":256}","{""0"":128,""1"":128}",cf3095c6a248742a38500bec7f48e412ce262c9406196ebfe8ac2c5de7f54a36,aac7bfaa96408eb8b1a4336146a963d032e8336ec6d53a79eaf3c67f2d0f7927,72264ff5ae0d46057bfd8be33e8813237d475d4cf2fa5bc89effcee37763d08b,2.712936056000217,
formal,mrpc,bert-base-uncased,256,256,5,fp32_cpu,PASS,fp32_cpu,cpu,fp32,none,8,8,8,1,5,3,0.6796875,0.6752274274398169,417.7237939834595,30.046953432812273,33.2812443776069,0.0,512,512,256,"{""0"":256,""1"":256}","{""0"":256,""1"":256}","{""0"":128,""1"":128}",cd6827bac00b4e68f493c24b35812bcb6047f45ea347543127681d42059f61f7,3d22bd07b67fc50a25094044dc213b1e634cb342f0a3f9873ea12c404811743b,c59cdf20d8d0bbfd136657596c77e43b7986ca6c806cc618399adacb5012b5ad,2.6247853140002917,
formal,mrpc,bert-base-uncased,256,256,5,dynamic_int8_cpu,PASS,fp32_cpu,cpu,int8_dynamic,dynamic_int8_linear,8,8,8,1,5,3,0.57421875,0.4881033185962466,173.08754062652588,19.31313462578146,51.778233796655755,0.0,512,512,256,"{""0"":256,""1"":256}","{""0"":256,""1"":256}","{""0"":128,""1"":128}",cd6827bac00b4e68f493c24b35812bcb6047f45ea347543127681d42059f61f7,3d22bd07b67fc50a25094044dc213b1e634cb342f0a3f9873ea12c404811743b,c59cdf20d8d0bbfd136657596c77e43b7986ca6c806cc618399adacb5012b5ad,2.6247853140002917,
formal,mrpc,bert-base-uncased,256,256,5,fp32_gpu,PASS,fp32_gpu,cuda,fp32,none,8,8,8,1,5,3,0.6796875,0.6752274274398169,417.7237939834595,0.8075955695311166,1238.2435438329508,459.7314453125,512,512,256,"{""0"":256,""1"":256}","{""0"":256,""1"":256}","{""0"":128,""1"":128}",cd6827bac00b4e68f493c24b35812bcb6047f45ea347543127681d42059f61f7,3d22bd07b67fc50a25094044dc213b1e634cb342f0a3f9873ea12c404811743b,c59cdf20d8d0bbfd136657596c77e43b7986ca6c806cc618399adacb5012b5ad,2.6247853140002917,
formal,mrpc,bert-base-uncased,256,256,5,bf16_gpu,PASS,fp32_gpu,cuda,bf16,none,8,8,8,1,5,3,0.6796875,0.6752274274398169,417.7237939834595,1.0329278187505508,968.1218589016404,648.2470703125,512,512,256,"{""0"":256,""1"":256}","{""0"":256,""1"":256}","{""0"":128,""1"":128}",cd6827bac00b4e68f493c24b35812bcb6047f45ea347543127681d42059f61f7,3d22bd07b67fc50a25094044dc213b1e634cb342f0a3f9873ea12c404811743b,c59cdf20d8d0bbfd136657596c77e43b7986ca6c806cc618399adacb5012b5ad,2.6247853140002917,
formal,rte,bert-base-uncased,64,64,1,fp32_cpu,PASS,fp32_cpu,cpu,fp32,none,8,8,8,1,5,3,0.5,0.3333333333333333,417.7237939834595,45.32244813046873,22.064121450838712,0.0,128,128,256,"{""0"":64,""1"":64}","{""0"":64,""1"":64}","{""0"":128,""1"":128}",89965f7765fad97c3084a3131a8224c31970179447a256b8fcc25d0d95fbeb81,9fbb5965c9237b06a045ba9e04a6ccbc17b6e52b931361137970b5609ad6b5d0,3b414f97ff96c2b4313dfba37e9c4a4698c4651a6b50057909da1992d450905b,0.7869863919995623,
formal,rte,bert-base-uncased,64,64,1,dynamic_int8_cpu,PASS,fp32_cpu,cpu,int8_dynamic,dynamic_int8_linear,8,8,8,1,5,3,0.46875,0.4687175730940609,173.08754062652588,29.19706145156269,34.250022100990506,0.0,128,128,256,"{""0"":64,""1"":64}","{""0"":64,""1"":64}","{""0"":128,""1"":128}",89965f7765fad97c3084a3131a8224c31970179447a256b8fcc25d0d95fbeb81,9fbb5965c9237b06a045ba9e04a6ccbc17b6e52b931361137970b5609ad6b5d0,3b414f97ff96c2b4313dfba37e9c4a4698c4651a6b50057909da1992d450905b,0.7869863919995623,
formal,rte,bert-base-uncased,64,64,1,fp32_gpu,PASS,fp32_gpu,cuda,fp32,none,8,8,8,1,5,3,0.5,0.3333333333333333,417.7237939834595,0.9743945281250888,1026.2783412014646,470.63525390625,128,128,256,"{""0"":64,""1"":64}","{""0"":64,""1"":64}","{""0"":128,""1"":128}",89965f7765fad97c3084a3131a8224c31970179447a256b8fcc25d0d95fbeb81,9fbb5965c9237b06a045ba9e04a6ccbc17b6e52b931361137970b5609ad6b5d0,3b414f97ff96c2b4313dfba37e9c4a4698c4651a6b50057909da1992d450905b,0.7869863919995623,
formal,rte,bert-base-uncased,64,64,1,bf16_gpu,PASS,fp32_gpu,cuda,bf16,none,8,8,8,1,5,3,0.5,0.3333333333333333,417.7237939834595,0.9680462273436774,1033.0085193803234,652.80126953125,128,128,256,"{""0"":64,""1"":64}","{""0"":64,""1"":64}","{""0"":128,""1"":128}",89965f7765fad97c3084a3131a8224c31970179447a256b8fcc25d0d95fbeb81,9fbb5965c9237b06a045ba9e04a6ccbc17b6e52b931361137970b5609ad6b5d0,3b414f97ff96c2b4313dfba37e9c4a4698c4651a6b50057909da1992d450905b,0.7869863919995623,
formal,rte,bert-base-uncased,64,64,2,fp32_cpu,PASS,fp32_cpu,cpu,fp32,none,8,8,8,1,5,3,0.4765625,0.4711069996916435,417.7237939834595,46.278275904687405,21.60841086775907,0.0,128,128,256,"{""0"":64,""1"":64}","{""0"":64,""1"":64}","{""0"":128,""1"":128}",29a6173e66afa275653de64e73ae0ab77db0f0da2d0a2dbe2053fc603e10070b,9978e98798636a03368317351d762dc94c27af2395e267b3806b5e8a4d0ed0b7,d553ccc02ee5510663c131f1e0d85fececd81507280777f3181c0bb2b4701d0b,0.8038690089997544,
formal,rte,bert-base-uncased,64,64,2,dynamic_int8_cpu,PASS,fp32_cpu,cpu,int8_dynamic,dynamic_int8_linear,8,8,8,1,5,3,0.5,0.3333333333333333,173.08754062652588,29.313228233593946,34.11429106446783,0.0,128,128,256,"{""0"":64,""1"":64}","{""0"":64,""1"":64}","{""0"":128,""1"":128}",29a6173e66afa275653de64e73ae0ab77db0f0da2d0a2dbe2053fc603e10070b,9978e98798636a03368317351d762dc94c27af2395e267b3806b5e8a4d0ed0b7,d553ccc02ee5510663c131f1e0d85fececd81507280777f3181c0bb2b4701d0b,0.8038690089997544,
formal,rte,bert-base-uncased,64,64,2,fp32_gpu,PASS,fp32_gpu,cuda,fp32,none,8,8,8,1,5,3,0.4765625,0.4711069996916435,417.7237939834595,0.9111150484379493,1097.5562325684757,470.63525390625,128,128,256,"{""0"":64,""1"":64}","{""0"":64,""1"":64}","{""0"":128,""1"":128}",29a6173e66afa275653de64e73ae0ab77db0f0da2d0a2dbe2053fc603e10070b,9978e98798636a03368317351d762dc94c27af2395e267b3806b5e8a4d0ed0b7,d553ccc02ee5510663c131f1e0d85fececd81507280777f3181c0bb2b4701d0b,0.8038690089997544,
formal,rte,bert-base-uncased,64,64,2,bf16_gpu,PASS,fp32_gpu,cuda,bf16,none,8,8,8,1,5,3,0.48046875,0.47546640785074945,417.7237939834595,0.9717735085935431,1029.0463684766519,652.80126953125,128,128,256,"{""0"":64,""1"":64}","{""0"":64,""1"":64}","{""0"":128,""1"":128}",29a6173e66afa275653de64e73ae0ab77db0f0da2d0a2dbe2053fc603e10070b,9978e98798636a03368317351d762dc94c27af2395e267b3806b5e8a4d0ed0b7,d553ccc02ee5510663c131f1e0d85fececd81507280777f3181c0bb2b4701d0b,0.8038690089997544,
formal,rte,bert-base-uncased,64,64,3,fp32_cpu,PASS,fp32_cpu,cpu,fp32,none,8,8,8,1,5,3,0.49609375,0.48649531184400807,417.7237939834595,46.19221455234381,21.648669796223476,0.0,128,128,256,"{""0"":64,""1"":64}","{""0"":64,""1"":64}","{""0"":128,""1"":128}",b15b5a071dad6e125947442300da6fdb643032f1454b8c5cb6953043170c694c,486eea8a3da17bde0788da12ae77a70287245bac7d59674258fe9dc67838a549,3771cdb7f17da7fa4cadde788a2aa984aca31850931f0868df566395bb9571a0,0.7873790570001802,
formal,rte,bert-base-uncased,64,64,3,dynamic_int8_cpu,PASS,fp32_cpu,cpu,int8_dynamic,dynamic_int8_linear,8,8,8,1,5,3,0.5078125,0.36318407960199,173.08754062652588,28.804481846874808,34.71681960175572,0.0,128,128,256,"{""0"":64,""1"":64}","{""0"":64,""1"":64}","{""0"":128,""1"":128}",b15b5a071dad6e125947442300da6fdb643032f1454b8c5cb6953043170c694c,486eea8a3da17bde0788da12ae77a70287245bac7d59674258fe9dc67838a549,3771cdb7f17da7fa4cadde788a2aa984aca31850931f0868df566395bb9571a0,0.7873790570001802,
formal,rte,bert-base-uncased,64,64,3,fp32_gpu,PASS,fp32_gpu,cuda,fp32,none,8,8,8,1,5,3,0.49609375,0.48649531184400807,417.7237939834595,0.9153089203124409,1092.5273181634127,470.63525390625,128,128,256,"{""0"":64,""1"":64}","{""0"":64,""1"":64}","{""0"":128,""1"":128}",b15b5a071dad6e125947442300da6fdb643032f1454b8c5cb6953043170c694c,486eea8a3da17bde0788da12ae77a70287245bac7d59674258fe9dc67838a549,3771cdb7f17da7fa4cadde788a2aa984aca31850931f0868df566395bb9571a0,0.7873790570001802,
formal,rte,bert-base-uncased,64,64,3,bf16_gpu,PASS,fp32_gpu,cuda,bf16,none,8,8,8,1,5,3,0.5,0.4910220565392979,417.7237939834595,0.9819838351560861,1018.3467020524326,652.80126953125,128,128,256,"{""0"":64,""1"":64}","{""0"":64,""1"":64}","{""0"":128,""1"":128}",b15b5a071dad6e125947442300da6fdb643032f1454b8c5cb6953043170c694c,486eea8a3da17bde0788da12ae77a70287245bac7d59674258fe9dc67838a549,3771cdb7f17da7fa4cadde788a2aa984aca31850931f0868df566395bb9571a0,0.7873790570001802,
formal,rte,bert-base-uncased,64,64,4,fp32_cpu,PASS,fp32_cpu,cpu,fp32,none,8,8,8,1,5,3,0.5,0.3651088894055646,417.7237939834595,45.72385410234361,21.870422334952387,0.0,128,128,256,"{""0"":64,""1"":64}","{""0"":64,""1"":64}","{""0"":128,""1"":128}",3c875e97356cdadd1a3d0e905c7ff5262b45261002dab7525f1f5b98c45246ec,8fdf04a6779420d2138962e9e7e5d3f5701287bf2d388c35db44f86bd1975374,f9379a1972ce4c0cd0630f64593550cd9738c2237e7c1770627c631eb5736a9a,0.7990551920001963,
formal,rte,bert-base-uncased,64,64,4,dynamic_int8_cpu,PASS,fp32_cpu,cpu,int8_dynamic,dynamic_int8_linear,8,8,8,1,5,3,0.5,0.3333333333333333,173.08754062652588,29.322758964062245,34.103202949817664,0.0,128,128,256,"{""0"":64,""1"":64}","{""0"":64,""1"":64}","{""0"":128,""1"":128}",3c875e97356cdadd1a3d0e905c7ff5262b45261002dab7525f1f5b98c45246ec,8fdf04a6779420d2138962e9e7e5d3f5701287bf2d388c35db44f86bd1975374,f9379a1972ce4c0cd0630f64593550cd9738c2237e7c1770627c631eb5736a9a,0.7990551920001963,
formal,rte,bert-base-uncased,64,64,4,fp32_gpu,PASS,fp32_gpu,cuda,fp32,none,8,8,8,1,5,3,0.5,0.3651088894055646,417.7237939834595,0.8951169929680702,1117.1724007653502,470.63525390625,128,128,256,"{""0"":64,""1"":64}","{""0"":64,""1"":64}","{""0"":128,""1"":128}",3c875e97356cdadd1a3d0e905c7ff5262b45261002dab7525f1f5b98c45246ec,8fdf04a6779420d2138962e9e7e5d3f5701287bf2d388c35db44f86bd1975374,f9379a1972ce4c0cd0630f64593550cd9738c2237e7c1770627c631eb5736a9a,0.7990551920001963,
formal,rte,bert-base-uncased,64,64,4,bf16_gpu,PASS,fp32_gpu,cuda,bf16,none,8,8,8,1,5,3,0.5,0.3651088894055646,417.7237939834595,0.964416460156059,1036.8964460002921,652.80126953125,128,128,256,"{""0"":64,""1"":64}","{""0"":64,""1"":64}","{""0"":128,""1"":128}",3c875e97356cdadd1a3d0e905c7ff5262b45261002dab7525f1f5b98c45246ec,8fdf04a6779420d2138962e9e7e5d3f5701287bf2d388c35db44f86bd1975374,f9379a1972ce4c0cd0630f64593550cd9738c2237e7c1770627c631eb5736a9a,0.7990551920001963,
formal,rte,bert-base-uncased,64,64,5,fp32_cpu,PASS,fp32_cpu,cpu,fp32,none,8,8,8,1,5,3,0.49609375,0.34485289741504155,417.7237939834595,46.048518460937515,21.716225264625827,0.0,128,128,256,"{""0"":64,""1"":64}","{""0"":64,""1"":64}","{""0"":128,""1"":128}",af0ddaf84189b584f30343dc65f57718ef72074d089bcaa79396f5be65996e3a,2a4e84bfcea8278f50407af960270ca4a7550d8540dffdb7da597c084403f6ce,67828c93b9c81369eafccbe11a62edacef310753a7278a3b41c81ab41105204c,0.7615453500002332,
formal,rte,bert-base-uncased,64,64,5,dynamic_int8_cpu,PASS,fp32_cpu,cpu,int8_dynamic,dynamic_int8_linear,8,8,8,1,5,3,0.5,0.3333333333333333,173.08754062652588,29.96620682656257,33.37092364701903,0.0,128,128,256,"{""0"":64,""1"":64}","{""0"":64,""1"":64}","{""0"":128,""1"":128}",af0ddaf84189b584f30343dc65f57718ef72074d089bcaa79396f5be65996e3a,2a4e84bfcea8278f50407af960270ca4a7550d8540dffdb7da597c084403f6ce,67828c93b9c81369eafccbe11a62edacef310753a7278a3b41c81ab41105204c,0.7615453500002332,
formal,rte,bert-base-uncased,64,64,5,fp32_gpu,PASS,fp32_gpu,cuda,fp32,none,8,8,8,1,5,3,0.49609375,0.34485289741504155,417.7237939834595,0.8872566281247884,1127.0696304782687,470.63525390625,128,128,256,"{""0"":64,""1"":64}","{""0"":64,""1"":64}","{""0"":128,""1"":128}",af0ddaf84189b584f30343dc65f57718ef72074d089bcaa79396f5be65996e3a,2a4e84bfcea8278f50407af960270ca4a7550d8540dffdb7da597c084403f6ce,67828c93b9c81369eafccbe11a62edacef310753a7278a3b41c81ab41105204c,0.7615453500002332,
formal,rte,bert-base-uncased,64,64,5,bf16_gpu,PASS,fp32_gpu,cuda,bf16,none,8,8,8,1,5,3,0.49609375,0.34485289741504155,417.7237939834595,0.9599767226561084,1041.6919248137115,652.80126953125,128,128,256,"{""0"":64,""1"":64}","{""0"":64,""1"":64}","{""0"":128,""1"":128}",af0ddaf84189b584f30343dc65f57718ef72074d089bcaa79396f5be65996e3a,2a4e84bfcea8278f50407af960270ca4a7550d8540dffdb7da597c084403f6ce,67828c93b9c81369eafccbe11a62edacef310753a7278a3b41c81ab41105204c,0.7615453500002332,
formal,rte,bert-base-uncased,128,128,1,fp32_cpu,PASS,fp32_cpu,cpu,fp32,none,8,8,8,1,5,3,0.51171875,0.48985285443270044,417.7237939834595,45.72430021249971,21.870208955688483,0.0,256,256,256,"{""0"":128,""1"":128}","{""0"":128,""1"":128}","{""0"":128,""1"":128}",7ba8c2d0da2e094c5bb89005365a8aa72b7cbca7ca7afe78fae3bada64486225,8c0da1d429c7bbe5ebea3770b1b3f1767be21b2cb9ea3959bb5e77489f82cdbf,3b414f97ff96c2b4313dfba37e9c4a4698c4651a6b50057909da1992d450905b,1.5092490930001077,
formal,rte,bert-base-uncased,128,128,1,dynamic_int8_cpu,PASS,fp32_cpu,cpu,int8_dynamic,dynamic_int8_linear,8,8,8,1,5,3,0.50390625,0.3550102168349634,173.08754062652588,29.80330080781286,33.55333043304561,0.0,256,256,256,"{""0"":128,""1"":128}","{""0"":128,""1"":128}","{""0"":128,""1"":128}",7ba8c2d0da2e094c5bb89005365a8aa72b7cbca7ca7afe78fae3bada64486225,8c0da1d429c7bbe5ebea3770b1b3f1767be21b2cb9ea3959bb5e77489f82cdbf,3b414f97ff96c2b4313dfba37e9c4a4698c4651a6b50057909da1992d450905b,1.5092490930001077,
formal,rte,bert-base-uncased,128,128,1,fp32_gpu,PASS,fp32_gpu,cuda,fp32,none,8,8,8,1,5,3,0.51171875,0.48985285443270044,417.7237939834595,0.894298128906712,1118.1953396486579,470.63525390625,256,256,256,"{""0"":128,""1"":128}","{""0"":128,""1"":128}","{""0"":128,""1"":128}",7ba8c2d0da2e094c5bb89005365a8aa72b7cbca7ca7afe78fae3bada64486225,8c0da1d429c7bbe5ebea3770b1b3f1767be21b2cb9ea3959bb5e77489f82cdbf,3b414f97ff96c2b4313dfba37e9c4a4698c4651a6b50057909da1992d450905b,1.5092490930001077,
formal,rte,bert-base-uncased,128,128,1,bf16_gpu,PASS,fp32_gpu,cuda,bf16,none,8,8,8,1,5,3,0.51171875,0.48985285443270044,417.7237939834595,0.9575676640629638,1044.312624088616,652.80126953125,256,256,256,"{""0"":128,""1"":128}","{""0"":128,""1"":128}","{""0"":128,""1"":128}",7ba8c2d0da2e094c5bb89005365a8aa72b7cbca7ca7afe78fae3bada64486225,8c0da1d429c7bbe5ebea3770b1b3f1767be21b2cb9ea3959bb5e77489f82cdbf,3b414f97ff96c2b4313dfba37e9c4a4698c4651a6b50057909da1992d450905b,1.5092490930001077,
formal,rte,bert-base-uncased,128,128,2,fp32_cpu,PASS,fp32_cpu,cpu,fp32,none,8,8,8,1,5,3,0.515625,0.4947797300738477,417.7237939834595,46.196356088281476,21.646728977692415,0.0,256,256,256,"{""0"":128,""1"":128}","{""0"":128,""1"":128}","{""0"":128,""1"":128}",af733f7c04a8cb74a5c7a6b342bd4db6ab090320a9cf1930800d13c431256459,cc071aa34b416e1874b72f74e01ba7ae0167ae0d23b0abb987af8418a929c92d,d553ccc02ee5510663c131f1e0d85fececd81507280777f3181c0bb2b4701d0b,1.5072668140001042,
formal,rte,bert-base-uncased,128,128,2,dynamic_int8_cpu,PASS,fp32_cpu,cpu,int8_dynamic,dynamic_int8_linear,8,8,8,1,5,3,0.49609375,0.33159268929503916,173.08754062652588,29.926365503125396,33.4153507513488,0.0,256,256,256,"{""0"":128,""1"":128}","{""0"":128,""1"":128}","{""0"":128,""1"":128}",af733f7c04a8cb74a5c7a6b342bd4db6ab090320a9cf1930800d13c431256459,cc071aa34b416e1874b72f74e01ba7ae0167ae0d23b0abb987af8418a929c92d,d553ccc02ee5510663c131f1e0d85fececd81507280777f3181c0bb2b4701d0b,1.5072668140001042,
formal,rte,bert-base-uncased,128,128,2,fp32_gpu,PASS,fp32_gpu,cuda,fp32,none,8,8,8,1,5,3,0.515625,0.4947797300738477,417.7237939834595,0.8882980203118507,1125.7483154684219,470.63525390625,256,256,256,"{""0"":128,""1"":128}","{""0"":128,""1"":128}","{""0"":128,""1"":128}",af733f7c04a8cb74a5c7a6b342bd4db6ab090320a9cf1930800d13c431256459,cc071aa34b416e1874b72f74e01ba7ae0167ae0d23b0abb987af8418a929c92d,d553ccc02ee5510663c131f1e0d85fececd81507280777f3181c0bb2b4701d0b,1.5072668140001042,
formal,rte,bert-base-uncased,128,128,2,bf16_gpu,PASS,fp32_gpu,cuda,bf16,none,8,8,8,1,5,3,0.515625,0.4947797300738477,417.7237939834595,0.9576661734378433,1044.2052019130906,652.80126953125,256,256,256,"{""0"":128,""1"":128}","{""0"":128,""1"":128}","{""0"":128,""1"":128}",af733f7c04a8cb74a5c7a6b342bd4db6ab090320a9cf1930800d13c431256459,cc071aa34b416e1874b72f74e01ba7ae0167ae0d23b0abb987af8418a929c92d,d553ccc02ee5510663c131f1e0d85fececd81507280777f3181c0bb2b4701d0b,1.5072668140001042,
formal,rte,bert-base-uncased,128,128,3,fp32_cpu,PASS,fp32_cpu,cpu,fp32,none,8,8,8,1,5,3,0.5703125,0.5700763358778627,417.7237939834595,47.362861034375214,21.113589385451522,0.0,256,256,256,"{""0"":128,""1"":128}","{""0"":128,""1"":128}","{""0"":128,""1"":128}",1fabe3ae715950fa85e7a48767df923b763f3df7b3e681a62fcd168c0ae6e4ec,22c1c2436cc8c29b60b3ed4613d932a95f90eb084160b5485548e577f9f3501c,3771cdb7f17da7fa4cadde788a2aa984aca31850931f0868df566395bb9571a0,1.5091938650002703,
formal,rte,bert-base-uncased,128,128,3,dynamic_int8_cpu,PASS,fp32_cpu,cpu,int8_dynamic,dynamic_int8_linear,8,8,8,1,5,3,0.50390625,0.3550102168349634,173.08754062652588,28.86790421640626,34.64054724941474,0.0,256,256,256,"{""0"":128,""1"":128}","{""0"":128,""1"":128}","{""0"":128,""1"":128}",1fabe3ae715950fa85e7a48767df923b763f3df7b3e681a62fcd168c0ae6e4ec,22c1c2436cc8c29b60b3ed4613d932a95f90eb084160b5485548e577f9f3501c,3771cdb7f17da7fa4cadde788a2aa984aca31850931f0868df566395bb9571a0,1.5091938650002703,
formal,rte,bert-base-uncased,128,128,3,fp32_gpu,PASS,fp32_gpu,cuda,fp32,none,8,8,8,1,5,3,0.5703125,0.5700763358778627,417.7237939834595,0.8863295632806967,1128.2484996873611,470.63525390625,256,256,256,"{""0"":128,""1"":128}","{""0"":128,""1"":128}","{""0"":128,""1"":128}",1fabe3ae715950fa85e7a48767df923b763f3df7b3e681a62fcd168c0ae6e4ec,22c1c2436cc8c29b60b3ed4613d932a95f90eb084160b5485548e577f9f3501c,3771cdb7f17da7fa4cadde788a2aa984aca31850931f0868df566395bb9571a0,1.5091938650002703,
formal,rte,bert-base-uncased,128,128,3,bf16_gpu,PASS,fp32_gpu,cuda,bf16,none,8,8,8,1,5,3,0.5703125,0.5700763358778627,417.7237939834595,0.9600163218749458,1041.6489565999927,652.80126953125,256,256,256,"{""0"":128,""1"":128}","{""0"":128,""1"":128}","{""0"":128,""1"":128}",1fabe3ae715950fa85e7a48767df923b763f3df7b3e681a62fcd168c0ae6e4ec,22c1c2436cc8c29b60b3ed4613d932a95f90eb084160b5485548e577f9f3501c,3771cdb7f17da7fa4cadde788a2aa984aca31850931f0868df566395bb9571a0,1.5091938650002703,
formal,rte,bert-base-uncased,128,128,4,fp32_cpu,PASS,fp32_cpu,cpu,fp32,none,8,8,8,1,5,3,0.57421875,0.570119086133321,417.7237939834595,46.81961963750041,21.358567364332984,0.0,256,256,256,"{""0"":128,""1"":128}","{""0"":128,""1"":128}","{""0"":128,""1"":128}",dcf10b637ab83c76a00cdcdabfe636a392c9baaff72fd437d1c1e035f90c7939,34a07746e241f65fba41fecd4311c7633f8b496f90275c008bbb9e8e6c0b33a8,f9379a1972ce4c0cd0630f64593550cd9738c2237e7c1770627c631eb5736a9a,1.502180397000302,
formal,rte,bert-base-uncased,128,128,4,dynamic_int8_cpu,PASS,fp32_cpu,cpu,int8_dynamic,dynamic_int8_linear,8,8,8,1,5,3,0.5390625,0.5141221128482275,173.08754062652588,29.726131449999826,33.64043524069143,0.0,256,256,256,"{""0"":128,""1"":128}","{""0"":128,""1"":128}","{""0"":128,""1"":128}",dcf10b637ab83c76a00cdcdabfe636a392c9baaff72fd437d1c1e035f90c7939,34a07746e241f65fba41fecd4311c7633f8b496f90275c008bbb9e8e6c0b33a8,f9379a1972ce4c0cd0630f64593550cd9738c2237e7c1770627c631eb5736a9a,1.502180397000302,
formal,rte,bert-base-uncased,128,128,4,fp32_gpu,PASS,fp32_gpu,cuda,fp32,none,8,8,8,1,5,3,0.57421875,0.570119086133321,417.7237939834595,0.9881418625006688,1012.0004403713067,470.63525390625,256,256,256,"{""0"":128,""1"":128}","{""0"":128,""1"":128}","{""0"":128,""1"":128}",dcf10b637ab83c76a00cdcdabfe636a392c9baaff72fd437d1c1e035f90c7939,34a07746e241f65fba41fecd4311c7633f8b496f90275c008bbb9e8e6c0b33a8,f9379a1972ce4c0cd0630f64593550cd9738c2237e7c1770627c631eb5736a9a,1.502180397000302,
formal,rte,bert-base-uncased,128,128,4,bf16_gpu,PASS,fp32_gpu,cuda,bf16,none,8,8,8,1,5,3,0.57421875,0.570119086133321,417.7237939834595,0.9530225828122241,1049.293078710845,652.80126953125,256,256,256,"{""0"":128,""1"":128}","{""0"":128,""1"":128}","{""0"":128,""1"":128}",dcf10b637ab83c76a00cdcdabfe636a392c9baaff72fd437d1c1e035f90c7939,34a07746e241f65fba41fecd4311c7633f8b496f90275c008bbb9e8e6c0b33a8,f9379a1972ce4c0cd0630f64593550cd9738c2237e7c1770627c631eb5736a9a,1.502180397000302,
formal,rte,bert-base-uncased,128,128,5,fp32_cpu,PASS,fp32_cpu,cpu,fp32,none,8,8,8,1,5,3,0.5,0.3917433917433918,417.7237939834595,46.803301768749606,21.36601398210962,0.0,256,256,256,"{""0"":128,""1"":128}","{""0"":128,""1"":128}","{""0"":128,""1"":128}",de905e36c0436921c77c71076c7f2fa98d8292406b685ab906375c324b58ee9e,70d31efbe4d8c1eb98ca0fe72d15e81bbe2482afc947eaa23d770bd4eaec23dc,67828c93b9c81369eafccbe11a62edacef310753a7278a3b41c81ab41105204c,1.546207246999984,
formal,rte,bert-base-uncased,128,128,5,dynamic_int8_cpu,PASS,fp32_cpu,cpu,int8_dynamic,dynamic_int8_linear,8,8,8,1,5,3,0.5,0.3333333333333333,173.08754062652588,29.90309057343765,33.44135943220133,0.0,256,256,256,"{""0"":128,""1"":128}","{""0"":128,""1"":128}","{""0"":128,""1"":128}",de905e36c0436921c77c71076c7f2fa98d8292406b685ab906375c324b58ee9e,70d31efbe4d8c1eb98ca0fe72d15e81bbe2482afc947eaa23d770bd4eaec23dc,67828c93b9c81369eafccbe11a62edacef310753a7278a3b41c81ab41105204c,1.546207246999984,
formal,rte,bert-base-uncased,128,128,5,fp32_gpu,PASS,fp32_gpu,cuda,fp32,none,8,8,8,1,5,3,0.5,0.3917433917433918,417.7237939834595,0.8848542124994196,1130.1296709379183,470.63525390625,256,256,256,"{""0"":128,""1"":128}","{""0"":128,""1"":128}","{""0"":128,""1"":128}",de905e36c0436921c77c71076c7f2fa98d8292406b685ab906375c324b58ee9e,70d31efbe4d8c1eb98ca0fe72d15e81bbe2482afc947eaa23d770bd4eaec23dc,67828c93b9c81369eafccbe11a62edacef310753a7278a3b41c81ab41105204c,1.546207246999984,
formal,rte,bert-base-uncased,128,128,5,bf16_gpu,PASS,fp32_gpu,cuda,bf16,none,8,8,8,1,5,3,0.49609375,0.3845121610287951,417.7237939834595,0.9516792671881547,1050.7741783159934,652.80126953125,256,256,256,"{""0"":128,""1"":128}","{""0"":128,""1"":128}","{""0"":128,""1"":128}",de905e36c0436921c77c71076c7f2fa98d8292406b685ab906375c324b58ee9e,70d31efbe4d8c1eb98ca0fe72d15e81bbe2482afc947eaa23d770bd4eaec23dc,67828c93b9c81369eafccbe11a62edacef310753a7278a3b41c81ab41105204c,1.546207246999984,
formal,rte,bert-base-uncased,256,256,1,fp32_cpu,PASS,fp32_cpu,cpu,fp32,none,8,8,8,1,5,3,0.54296875,0.5332180092570948,417.7237939834595,46.35533100625011,21.572491842743386,0.0,512,512,256,"{""0"":256,""1"":256}","{""0"":256,""1"":256}","{""0"":128,""1"":128}",3b40ce332ba5a7192ab5e879f3b9049914e809249007713e8f9f52f8e0c23fdf,359f9684ace46fd8c8ae7d5e090d6ec9b70e08ecfae121dbda5ab51c85fe3971,3b414f97ff96c2b4313dfba37e9c4a4698c4651a6b50057909da1992d450905b,2.9904969119997986,
formal,rte,bert-base-uncased,256,256,1,dynamic_int8_cpu,PASS,fp32_cpu,cpu,int8_dynamic,dynamic_int8_linear,8,8,8,1,5,3,0.546875,0.546875,173.08754062652588,29.90446820156265,33.4398188678622,0.0,512,512,256,"{""0"":256,""1"":256}","{""0"":256,""1"":256}","{""0"":128,""1"":128}",3b40ce332ba5a7192ab5e879f3b9049914e809249007713e8f9f52f8e0c23fdf,359f9684ace46fd8c8ae7d5e090d6ec9b70e08ecfae121dbda5ab51c85fe3971,3b414f97ff96c2b4313dfba37e9c4a4698c4651a6b50057909da1992d450905b,2.9904969119997986,
formal,rte,bert-base-uncased,256,256,1,fp32_gpu,PASS,fp32_gpu,cuda,fp32,none,8,8,8,1,5,3,0.54296875,0.5332180092570948,417.7237939834595,0.887680814844316,1126.5310495365193,470.63525390625,512,512,256,"{""0"":256,""1"":256}","{""0"":256,""1"":256}","{""0"":128,""1"":128}",3b40ce332ba5a7192ab5e879f3b9049914e809249007713e8f9f52f8e0c23fdf,359f9684ace46fd8c8ae7d5e090d6ec9b70e08ecfae121dbda5ab51c85fe3971,3b414f97ff96c2b4313dfba37e9c4a4698c4651a6b50057909da1992d450905b,2.9904969119997986,
formal,rte,bert-base-uncased,256,256,1,bf16_gpu,PASS,fp32_gpu,cuda,bf16,none,8,8,8,1,5,3,0.54296875,0.5332180092570948,417.7237939834595,0.971777270312657,1029.0423850706682,652.80126953125,512,512,256,"{""0"":256,""1"":256}","{""0"":256,""1"":256}","{""0"":128,""1"":128}",3b40ce332ba5a7192ab5e879f3b9049914e809249007713e8f9f52f8e0c23fdf,359f9684ace46fd8c8ae7d5e090d6ec9b70e08ecfae121dbda5ab51c85fe3971,3b414f97ff96c2b4313dfba37e9c4a4698c4651a6b50057909da1992d450905b,2.9904969119997986,
formal,rte,bert-base-uncased,256,256,2,fp32_cpu,PASS,fp32_cpu,cpu,fp32,none,8,8,8,1,5,3,0.5625,0.5598133136821419,417.7237939834595,47.0198332234375,21.267621159947886,0.0,512,512,256,"{""0"":256,""1"":256}","{""0"":256,""1"":256}","{""0"":128,""1"":128}",fe706371e90e51e67f00169a8095c8518982393e2125222fff5cffdaa49030c3,6ca1734daf9b2f23cb1ebde27c0b0a11841a514bdda8c82f2389498e4c3c915c,d553ccc02ee5510663c131f1e0d85fececd81507280777f3181c0bb2b4701d0b,2.987182985999425,
formal,rte,bert-base-uncased,256,256,2,dynamic_int8_cpu,PASS,fp32_cpu,cpu,int8_dynamic,dynamic_int8_linear,8,8,8,1,5,3,0.50390625,0.4834035115595456,173.08754062652588,30.06879727734386,33.25706681169708,0.0,512,512,256,"{""0"":256,""1"":256}","{""0"":256,""1"":256}","{""0"":128,""1"":128}",fe706371e90e51e67f00169a8095c8518982393e2125222fff5cffdaa49030c3,6ca1734daf9b2f23cb1ebde27c0b0a11841a514bdda8c82f2389498e4c3c915c,d553ccc02ee5510663c131f1e0d85fececd81507280777f3181c0bb2b4701d0b,2.987182985999425,
formal,rte,bert-base-uncased,256,256,2,fp32_gpu,PASS,fp32_gpu,cuda,fp32,none,8,8,8,1,5,3,0.5625,0.5598133136821419,417.7237939834595,0.8926080617186471,1120.312534568171,470.63525390625,512,512,256,"{""0"":256,""1"":256}","{""0"":256,""1"":256}","{""0"":128,""1"":128}",fe706371e90e51e67f00169a8095c8518982393e2125222fff5cffdaa49030c3,6ca1734daf9b2f23cb1ebde27c0b0a11841a514bdda8c82f2389498e4c3c915c,d553ccc02ee5510663c131f1e0d85fececd81507280777f3181c0bb2b4701d0b,2.987182985999425,
formal,rte,bert-base-uncased,256,256,2,bf16_gpu,PASS,fp32_gpu,cuda,bf16,none,8,8,8,1,5,3,0.5625,0.5598133136821419,417.7237939834595,0.9573332421879854,1044.5683445761265,652.80126953125,512,512,256,"{""0"":256,""1"":256}","{""0"":256,""1"":256}","{""0"":128,""1"":128}",fe706371e90e51e67f00169a8095c8518982393e2125222fff5cffdaa49030c3,6ca1734daf9b2f23cb1ebde27c0b0a11841a514bdda8c82f2389498e4c3c915c,d553ccc02ee5510663c131f1e0d85fececd81507280777f3181c0bb2b4701d0b,2.987182985999425,
formal,rte,bert-base-uncased,256,256,3,fp32_cpu,PASS,fp32_cpu,cpu,fp32,none,8,8,8,1,5,3,0.5625,0.5388277681271312,417.7237939834595,46.63004352578071,21.445401384777227,0.0,512,512,256,"{""0"":256,""1"":256}","{""0"":256,""1"":256}","{""0"":128,""1"":128}",c4853441fae6deba6afd540ff0d8fdd45a0455df76f19814a56367132c15c833,33ec27d269136c521882fa7e78bc8f1c43d15a51d01d67f99baa5bda041522a5,3771cdb7f17da7fa4cadde788a2aa984aca31850931f0868df566395bb9571a0,3.0017084629998863,
formal,rte,bert-base-uncased,256,256,3,dynamic_int8_cpu,PASS,fp32_cpu,cpu,int8_dynamic,dynamic_int8_linear,8,8,8,1,5,3,0.52734375,0.4718229406448753,173.08754062652588,29.62855547578158,33.75122357272535,0.0,512,512,256,"{""0"":256,""1"":256}","{""0"":256,""1"":256}","{""0"":128,""1"":128}",c4853441fae6deba6afd540ff0d8fdd45a0455df76f19814a56367132c15c833,33ec27d269136c521882fa7e78bc8f1c43d15a51d01d67f99baa5bda041522a5,3771cdb7f17da7fa4cadde788a2aa984aca31850931f0868df566395bb9571a0,3.0017084629998863,
formal,rte,bert-base-uncased,256,256,3,fp32_gpu,PASS,fp32_gpu,cuda,fp32,none,8,8,8,1,5,3,0.5625,0.5388277681271312,417.7237939834595,0.8951006945309814,1117.1927427941325,470.63525390625,512,512,256,"{""0"":256,""1"":256}","{""0"":256,""1"":256}","{""0"":128,""1"":128}",c4853441fae6deba6afd540ff0d8fdd45a0455df76f19814a56367132c15c833,33ec27d269136c521882fa7e78bc8f1c43d15a51d01d67f99baa5bda041522a5,3771cdb7f17da7fa4cadde788a2aa984aca31850931f0868df566395bb9571a0,3.0017084629998863,
formal,rte,bert-base-uncased,256,256,3,bf16_gpu,PASS,fp32_gpu,cuda,bf16,none,8,8,8,1,5,3,0.5625,0.5388277681271312,417.7237939834595,0.9696573984378176,1031.2920848240485,652.80126953125,512,512,256,"{""0"":256,""1"":256}","{""0"":256,""1"":256}","{""0"":128,""1"":128}",c4853441fae6deba6afd540ff0d8fdd45a0455df76f19814a56367132c15c833,33ec27d269136c521882fa7e78bc8f1c43d15a51d01d67f99baa5bda041522a5,3771cdb7f17da7fa4cadde788a2aa984aca31850931f0868df566395bb9571a0,3.0017084629998863,
formal,rte,bert-base-uncased,256,256,4,fp32_cpu,PASS,fp32_cpu,cpu,fp32,none,8,8,8,1,5,3,0.5703125,0.5397188623733247,417.7237939834595,47.55264303828142,21.029325314156935,0.0,512,512,256,"{""0"":256,""1"":256}","{""0"":256,""1"":256}","{""0"":128,""1"":128}",972f85b7d03c5349c95c25bde4ff79aeacfe207ad7ac0881b7aa436717f70c9b,dd3a7c83b54ce3356081902da9fc6cd58e9e5444174317ec9061eef7c9b8da18,f9379a1972ce4c0cd0630f64593550cd9738c2237e7c1770627c631eb5736a9a,3.0017452609999964,
formal,rte,bert-base-uncased,256,256,4,dynamic_int8_cpu,PASS,fp32_cpu,cpu,int8_dynamic,dynamic_int8_linear,8,8,8,1,5,3,0.5625,0.5068455452356382,173.08754062652588,30.355755367187243,32.94268213404237,0.0,512,512,256,"{""0"":256,""1"":256}","{""0"":256,""1"":256}","{""0"":128,""1"":128}",972f85b7d03c5349c95c25bde4ff79aeacfe207ad7ac0881b7aa436717f70c9b,dd3a7c83b54ce3356081902da9fc6cd58e9e5444174317ec9061eef7c9b8da18,f9379a1972ce4c0cd0630f64593550cd9738c2237e7c1770627c631eb5736a9a,3.0017452609999964,
formal,rte,bert-base-uncased,256,256,4,fp32_gpu,PASS,fp32_gpu,cuda,fp32,none,8,8,8,1,5,3,0.5703125,0.5397188623733247,417.7237939834595,0.8987400109376154,1112.6688339564905,470.63525390625,512,512,256,"{""0"":256,""1"":256}","{""0"":256,""1"":256}","{""0"":128,""1"":128}",972f85b7d03c5349c95c25bde4ff79aeacfe207ad7ac0881b7aa436717f70c9b,dd3a7c83b54ce3356081902da9fc6cd58e9e5444174317ec9061eef7c9b8da18,f9379a1972ce4c0cd0630f64593550cd9738c2237e7c1770627c631eb5736a9a,3.0017452609999964,
formal,rte,bert-base-uncased,256,256,4,bf16_gpu,PASS,fp32_gpu,cuda,bf16,none,8,8,8,1,5,3,0.56640625,0.5365268875079512,417.7237939834595,0.9562883937498157,1045.7096484030112,652.80126953125,512,512,256,"{""0"":256,""1"":256}","{""0"":256,""1"":256}","{""0"":128,""1"":128}",972f85b7d03c5349c95c25bde4ff79aeacfe207ad7ac0881b7aa436717f70c9b,dd3a7c83b54ce3356081902da9fc6cd58e9e5444174317ec9061eef7c9b8da18,f9379a1972ce4c0cd0630f64593550cd9738c2237e7c1770627c631eb5736a9a,3.0017452609999964,
formal,rte,bert-base-uncased,256,256,5,fp32_cpu,PASS,fp32_cpu,cpu,fp32,none,8,8,8,1,5,3,0.59765625,0.5750866167109823,417.7237939834595,47.59833998124989,21.00913604117126,0.0,512,512,256,"{""0"":256,""1"":256}","{""0"":256,""1"":256}","{""0"":128,""1"":128}",974d34d4181522f5aed7c00e80e30690f3cbd6b02b190a313736211e6cda85aa,2fa744f91dadb8cba8e9265850938ffc4b4d8b5a3f61eeb50b40002d1fa1ba06,67828c93b9c81369eafccbe11a62edacef310753a7278a3b41c81ab41105204c,3.096748140999807,
formal,rte,bert-base-uncased,256,256,5,dynamic_int8_cpu,PASS,fp32_cpu,cpu,int8_dynamic,dynamic_int8_linear,8,8,8,1,5,3,0.5390625,0.4250475827940617,173.08754062652588,30.300793032031237,33.002436568009664,0.0,512,512,256,"{""0"":256,""1"":256}","{""0"":256,""1"":256}","{""0"":128,""1"":128}",974d34d4181522f5aed7c00e80e30690f3cbd6b02b190a313736211e6cda85aa,2fa744f91dadb8cba8e9265850938ffc4b4d8b5a3f61eeb50b40002d1fa1ba06,67828c93b9c81369eafccbe11a62edacef310753a7278a3b41c81ab41105204c,3.096748140999807,
formal,rte,bert-base-uncased,256,256,5,fp32_gpu,PASS,fp32_gpu,cuda,fp32,none,8,8,8,1,5,3,0.59765625,0.5750866167109823,417.7237939834595,0.889653710156324,1124.0328552378955,470.63525390625,512,512,256,"{""0"":256,""1"":256}","{""0"":256,""1"":256}","{""0"":128,""1"":128}",974d34d4181522f5aed7c00e80e30690f3cbd6b02b190a313736211e6cda85aa,2fa744f91dadb8cba8e9265850938ffc4b4d8b5a3f61eeb50b40002d1fa1ba06,67828c93b9c81369eafccbe11a62edacef310753a7278a3b41c81ab41105204c,3.096748140999807,
formal,rte,bert-base-uncased,256,256,5,bf16_gpu,PASS,fp32_gpu,cuda,bf16,none,8,8,8,1,5,3,0.59375,0.5717686418323361,417.7237939834595,0.9682037453124792,1032.8404582624898,652.80126953125,512,512,256,"{""0"":256,""1"":256}","{""0"":256,""1"":256}","{""0"":128,""1"":128}",974d34d4181522f5aed7c00e80e30690f3cbd6b02b190a313736211e6cda85aa,2fa744f91dadb8cba8e9265850938ffc4b4d8b5a3f61eeb50b40002d1fa1ba06,67828c93b9c81369eafccbe11a62edacef310753a7278a3b41c81ab41105204c,3.096748140999807,
formal,cola,bert-base-uncased,64,64,1,fp32_cpu,PASS,fp32_cpu,cpu,fp32,none,8,8,8,1,5,3,0.55859375,0.5582634721395086,417.7237939834595,11.230451942187614,89.04361152586056,0.0,128,128,256,"{""0"":64,""1"":64}","{""0"":64,""1"":64}","{""0"":128,""1"":128}",12b352b8b06621426077b631d59d86efcd6b1257419484dc7713b3accebcd73c,f58713bc7a06aa7dbd353ccff087ac9289faa604916605172533aeb9525cebfa,7cb6540edb387dd3481d4b27ee1d7fb77ed826955e50e0f31def6ce0488f18e5,0.5376343890002317,
formal,cola,bert-base-uncased,64,64,1,dynamic_int8_cpu,PASS,fp32_cpu,cpu,int8_dynamic,dynamic_int8_linear,8,8,8,1,5,3,0.4921875,0.3871086556169429,173.08754062652588,7.1897473648441235,139.0869455149041,0.0,128,128,256,"{""0"":64,""1"":64}","{""0"":64,""1"":64}","{""0"":128,""1"":128}",12b352b8b06621426077b631d59d86efcd6b1257419484dc7713b3accebcd73c,f58713bc7a06aa7dbd353ccff087ac9289faa604916605172533aeb9525cebfa,7cb6540edb387dd3481d4b27ee1d7fb77ed826955e50e0f31def6ce0488f18e5,0.5376343890002317,
formal,cola,bert-base-uncased,64,64,1,fp32_gpu,PASS,fp32_gpu,cuda,fp32,none,8,8,8,1,5,3,0.55859375,0.5582634721395086,417.7237939834595,0.7062083914064488,1416.0126276727622,444.97607421875,128,128,256,"{""0"":64,""1"":64}","{""0"":64,""1"":64}","{""0"":128,""1"":128}",12b352b8b06621426077b631d59d86efcd6b1257419484dc7713b3accebcd73c,f58713bc7a06aa7dbd353ccff087ac9289faa604916605172533aeb9525cebfa,7cb6540edb387dd3481d4b27ee1d7fb77ed826955e50e0f31def6ce0488f18e5,0.5376343890002317,
formal,cola,bert-base-uncased,64,64,1,bf16_gpu,PASS,fp32_gpu,cuda,bf16,none,8,8,8,1,5,3,0.5625,0.5622595419847328,417.7237939834595,0.990408791406594,1009.684090727612,625.75732421875,128,128,256,"{""0"":64,""1"":64}","{""0"":64,""1"":64}","{""0"":128,""1"":128}",12b352b8b06621426077b631d59d86efcd6b1257419484dc7713b3accebcd73c,f58713bc7a06aa7dbd353ccff087ac9289faa604916605172533aeb9525cebfa,7cb6540edb387dd3481d4b27ee1d7fb77ed826955e50e0f31def6ce0488f18e5,0.5376343890002317,
formal,cola,bert-base-uncased,64,64,2,fp32_cpu,PASS,fp32_cpu,cpu,fp32,none,8,8,8,1,5,3,0.63671875,0.6365801163163438,417.7237939834595,12.800326335937484,78.12300825428612,0.0,128,128,256,"{""0"":64,""1"":64}","{""0"":64,""1"":64}","{""0"":128,""1"":128}",8af18db1705bb70e4da78112087a7b514160002ccfcc0dca809b154f2a70b793,90963ef289ff7412e8a707e00a6ddd76ad471c27501bbdf56783c3af13b47bae,02ac1f565d927124661a2001a47ea17e248cea231a907751729abe0e7ca03956,0.5455728520000775,
formal,cola,bert-base-uncased,64,64,2,dynamic_int8_cpu,PASS,fp32_cpu,cpu,int8_dynamic,dynamic_int8_linear,8,8,8,1,5,3,0.53125,0.40478958381771685,173.08754062652588,8.003792612500149,124.94076850994637,0.0,128,128,256,"{""0"":64,""1"":64}","{""0"":64,""1"":64}","{""0"":128,""1"":128}",8af18db1705bb70e4da78112087a7b514160002ccfcc0dca809b154f2a70b793,90963ef289ff7412e8a707e00a6ddd76ad471c27501bbdf56783c3af13b47bae,02ac1f565d927124661a2001a47ea17e248cea231a907751729abe0e7ca03956,0.5455728520000775,
formal,cola,bert-base-uncased,64,64,2,fp32_gpu,PASS,fp32_gpu,cuda,fp32,none,8,8,8,1,5,3,0.63671875,0.6365801163163438,417.7237939834595,0.7739077125002325,1292.1437321891267,446.0107421875,128,128,256,"{""0"":64,""1"":64}","{""0"":64,""1"":64}","{""0"":128,""1"":128}",8af18db1705bb70e4da78112087a7b514160002ccfcc0dca809b154f2a70b793,90963ef289ff7412e8a707e00a6ddd76ad471c27501bbdf56783c3af13b47bae,02ac1f565d927124661a2001a47ea17e248cea231a907751729abe0e7ca03956,0.5455728520000775,
formal,cola,bert-base-uncased,64,64,2,bf16_gpu,PASS,fp32_gpu,cuda,bf16,none,8,8,8,1,5,3,0.63671875,0.6365801163163438,417.7237939834595,1.0077609390627629,992.2988292541079,626.46484375,128,128,256,"{""0"":64,""1"":64}","{""0"":64,""1"":64}","{""0"":128,""1"":128}",8af18db1705bb70e4da78112087a7b514160002ccfcc0dca809b154f2a70b793,90963ef289ff7412e8a707e00a6ddd76ad471c27501bbdf56783c3af13b47bae,02ac1f565d927124661a2001a47ea17e248cea231a907751729abe0e7ca03956,0.5455728520000775,
formal,cola,bert-base-uncased,64,64,3,fp32_cpu,PASS,fp32_cpu,cpu,fp32,none,8,8,8,1,5,3,0.6484375,0.6441808747220164,417.7237939834595,12.397159367968413,80.66363997737936,0.0,128,128,256,"{""0"":64,""1"":64}","{""0"":64,""1"":64}","{""0"":128,""1"":128}",b61dbb092fab7a1993db634e2a2ec5a7b2ab4a38e34ae8532bcd098106a5fbe1,9669cc29945d46b903df1930338df9feaa0010d656d1226130fc552925fe988f,60f117e2ced29d6b4a92b43d6fb9768f1bd4c13e658b4a19663fd8337ca633d5,0.5334996399997181,
formal,cola,bert-base-uncased,64,64,3,dynamic_int8_cpu,PASS,fp32_cpu,cpu,int8_dynamic,dynamic_int8_linear,8,8,8,1,5,3,0.5625,0.48737752985768434,173.08754062652588,8.042087584374968,124.3458230849049,0.0,128,128,256,"{""0"":64,""1"":64}","{""0"":64,""1"":64}","{""0"":128,""1"":128}",b61dbb092fab7a1993db634e2a2ec5a7b2ab4a38e34ae8532bcd098106a5fbe1,9669cc29945d46b903df1930338df9feaa0010d656d1226130fc552925fe988f,60f117e2ced29d6b4a92b43d6fb9768f1bd4c13e658b4a19663fd8337ca633d5,0.5334996399997181,
formal,cola,bert-base-uncased,64,64,3,fp32_gpu,PASS,fp32_gpu,cuda,fp32,none,8,8,8,1,5,3,0.6484375,0.6441808747220164,417.7237939834595,0.7843631960938069,1274.9195844222193,446.0107421875,128,128,256,"{""0"":64,""1"":64}","{""0"":64,""1"":64}","{""0"":128,""1"":128}",b61dbb092fab7a1993db634e2a2ec5a7b2ab4a38e34ae8532bcd098106a5fbe1,9669cc29945d46b903df1930338df9feaa0010d656d1226130fc552925fe988f,60f117e2ced29d6b4a92b43d6fb9768f1bd4c13e658b4a19663fd8337ca633d5,0.5334996399997181,
formal,cola,bert-base-uncased,64,64,3,bf16_gpu,PASS,fp32_gpu,cuda,bf16,none,8,8,8,1,5,3,0.6484375,0.6441808747220164,417.7237939834595,1.0023141210936615,997.6912216989057,626.46484375,128,128,256,"{""0"":64,""1"":64}","{""0"":64,""1"":64}","{""0"":128,""1"":128}",b61dbb092fab7a1993db634e2a2ec5a7b2ab4a38e34ae8532bcd098106a5fbe1,9669cc29945d46b903df1930338df9feaa0010d656d1226130fc552925fe988f,60f117e2ced29d6b4a92b43d6fb9768f1bd4c13e658b4a19663fd8337ca633d5,0.5334996399997181,
formal,cola,bert-base-uncased,64,64,4,fp32_cpu,PASS,fp32_cpu,cpu,fp32,none,8,8,8,1,5,3,0.62890625,0.6284470246734397,417.7237939834595,13.026261437499898,76.7679970802066,0.0,128,128,256,"{""0"":64,""1"":64}","{""0"":64,""1"":64}","{""0"":128,""1"":128}",a920fac5d9ae5406c86338b03bc23c2ddd37f06923d2d26e53fda13983ea5c43,06c239fd2a65b1547ac8752ea38fff643501c76816702e8e216b64af7afb11b3,587fc2aeae74fa789489abced261c22aab81d7498388b9831b9efa02ea7523b8,0.5562707569997656,
formal,cola,bert-base-uncased,64,64,4,dynamic_int8_cpu,PASS,fp32_cpu,cpu,int8_dynamic,dynamic_int8_linear,8,8,8,1,5,3,0.49609375,0.33159268929503916,173.08754062652588,8.631981470312411,115.84825609731153,0.0,128,128,256,"{""0"":64,""1"":64}","{""0"":64,""1"":64}","{""0"":128,""1"":128}",a920fac5d9ae5406c86338b03bc23c2ddd37f06923d2d26e53fda13983ea5c43,06c239fd2a65b1547ac8752ea38fff643501c76816702e8e216b64af7afb11b3,587fc2aeae74fa789489abced261c22aab81d7498388b9831b9efa02ea7523b8,0.5562707569997656,
formal,cola,bert-base-uncased,64,64,4,fp32_gpu,PASS,fp32_gpu,cuda,fp32,none,8,8,8,1,5,3,0.62890625,0.6284470246734397,417.7237939834595,0.7657086882808528,1305.9796960710623,446.52734375,128,128,256,"{""0"":64,""1"":64}","{""0"":64,""1"":64}","{""0"":128,""1"":128}",a920fac5d9ae5406c86338b03bc23c2ddd37f06923d2d26e53fda13983ea5c43,06c239fd2a65b1547ac8752ea38fff643501c76816702e8e216b64af7afb11b3,587fc2aeae74fa789489abced261c22aab81d7498388b9831b9efa02ea7523b8,0.5562707569997656,
formal,cola,bert-base-uncased,64,64,4,bf16_gpu,PASS,fp32_gpu,cuda,bf16,none,8,8,8,1,5,3,0.62109375,0.6203928762516242,417.7237939834595,0.9953871906247969,1004.6341859917925,627.1923828125,128,128,256,"{""0"":64,""1"":64}","{""0"":64,""1"":64}","{""0"":128,""1"":128}",a920fac5d9ae5406c86338b03bc23c2ddd37f06923d2d26e53fda13983ea5c43,06c239fd2a65b1547ac8752ea38fff643501c76816702e8e216b64af7afb11b3,587fc2aeae74fa789489abced261c22aab81d7498388b9831b9efa02ea7523b8,0.5562707569997656,
formal,cola,bert-base-uncased,64,64,5,fp32_cpu,PASS,fp32_cpu,cpu,fp32,none,8,8,8,1,5,3,0.53515625,0.5273015035610658,417.7237939834595,12.515830794531269,79.89881106709633,0.0,128,128,256,"{""0"":64,""1"":64}","{""0"":64,""1"":64}","{""0"":128,""1"":128}",00f311283d0669920925449e963d3ca54b2c99299e6885bd5c7ca5b9335f5269,ff88fe79e678a2784f0b7209fa8096d02f0b9454578221b4bfe754aad8e9d110,3c3493c9897b59ae64d17280d6d1e83a069d4c86cfaa894225c6cbd65e18d009,0.5481488699997499,
formal,cola,bert-base-uncased,64,64,5,dynamic_int8_cpu,PASS,fp32_cpu,cpu,int8_dynamic,dynamic_int8_linear,8,8,8,1,5,3,0.53515625,0.4775599801066694,173.08754062652588,8.063078213281472,124.02211333542614,0.0,128,128,256,"{""0"":64,""1"":64}","{""0"":64,""1"":64}","{""0"":128,""1"":128}",00f311283d0669920925449e963d3ca54b2c99299e6885bd5c7ca5b9335f5269,ff88fe79e678a2784f0b7209fa8096d02f0b9454578221b4bfe754aad8e9d110,3c3493c9897b59ae64d17280d6d1e83a069d4c86cfaa894225c6cbd65e18d009,0.5481488699997499,
formal,cola,bert-base-uncased,64,64,5,fp32_gpu,PASS,fp32_gpu,cuda,fp32,none,8,8,8,1,5,3,0.53515625,0.5273015035610658,417.7237939834595,0.7609443968746632,1314.156466763119,446.0107421875,128,128,256,"{""0"":64,""1"":64}","{""0"":64,""1"":64}","{""0"":128,""1"":128}",00f311283d0669920925449e963d3ca54b2c99299e6885bd5c7ca5b9335f5269,ff88fe79e678a2784f0b7209fa8096d02f0b9454578221b4bfe754aad8e9d110,3c3493c9897b59ae64d17280d6d1e83a069d4c86cfaa894225c6cbd65e18d009,0.5481488699997499,
formal,cola,bert-base-uncased,64,64,5,bf16_gpu,PASS,fp32_gpu,cuda,bf16,none,8,8,8,1,5,3,0.5390625,0.5307859583721652,417.7237939834595,0.9938740070310815,1006.1637520707662,626.46484375,128,128,256,"{""0"":64,""1"":64}","{""0"":64,""1"":64}","{""0"":128,""1"":128}",00f311283d0669920925449e963d3ca54b2c99299e6885bd5c7ca5b9335f5269,ff88fe79e678a2784f0b7209fa8096d02f0b9454578221b4bfe754aad8e9d110,3c3493c9897b59ae64d17280d6d1e83a069d4c86cfaa894225c6cbd65e18d009,0.5481488699997499,
formal,cola,bert-base-uncased,128,128,1,fp32_cpu,PASS,fp32_cpu,cpu,fp32,none,8,8,8,1,5,3,0.67578125,0.6743451806213312,417.7237939834595,11.252021951562341,88.87291584612935,0.0,256,256,256,"{""0"":128,""1"":128}","{""0"":128,""1"":128}","{""0"":128,""1"":128}",b09a3011a8138920899a656c521104660db65e6a51e52fe744716a107f0cbfdc,332cbd51e3620696496a8c8840eff2b7fb998b280410237b3289f5c1deba43b3,7cb6540edb387dd3481d4b27ee1d7fb77ed826955e50e0f31def6ce0488f18e5,1.0380224539994742,
formal,cola,bert-base-uncased,128,128,1,dynamic_int8_cpu,PASS,fp32_cpu,cpu,int8_dynamic,dynamic_int8_linear,8,8,8,1,5,3,0.57421875,0.5242041366139786,173.08754062652588,7.076986637500227,141.3030787286078,0.0,256,256,256,"{""0"":128,""1"":128}","{""0"":128,""1"":128}","{""0"":128,""1"":128}",b09a3011a8138920899a656c521104660db65e6a51e52fe744716a107f0cbfdc,332cbd51e3620696496a8c8840eff2b7fb998b280410237b3289f5c1deba43b3,7cb6540edb387dd3481d4b27ee1d7fb77ed826955e50e0f31def6ce0488f18e5,1.0380224539994742,
formal,cola,bert-base-uncased,128,128,1,fp32_gpu,PASS,fp32_gpu,cuda,fp32,none,8,8,8,1,5,3,0.67578125,0.6743451806213312,417.7237939834595,0.7074995937500717,1413.428373434877,444.97607421875,256,256,256,"{""0"":128,""1"":128}","{""0"":128,""1"":128}","{""0"":128,""1"":128}",b09a3011a8138920899a656c521104660db65e6a51e52fe744716a107f0cbfdc,332cbd51e3620696496a8c8840eff2b7fb998b280410237b3289f5c1deba43b3,7cb6540edb387dd3481d4b27ee1d7fb77ed826955e50e0f31def6ce0488f18e5,1.0380224539994742,
formal,cola,bert-base-uncased,128,128,1,bf16_gpu,PASS,fp32_gpu,cuda,bf16,none,8,8,8,1,5,3,0.67578125,0.6743451806213312,417.7237939834595,0.9983302265624161,1001.6725662442711,625.75732421875,256,256,256,"{""0"":128,""1"":128}","{""0"":128,""1"":128}","{""0"":128,""1"":128}",b09a3011a8138920899a656c521104660db65e6a51e52fe744716a107f0cbfdc,332cbd51e3620696496a8c8840eff2b7fb998b280410237b3289f5c1deba43b3,7cb6540edb387dd3481d4b27ee1d7fb77ed826955e50e0f31def6ce0488f18e5,1.0380224539994742,
formal,cola,bert-base-uncased,128,128,2,fp32_cpu,PASS,fp32_cpu,cpu,fp32,none,8,8,8,1,5,3,0.67578125,0.6503825586178527,417.7237939834595,12.602572651562127,79.34887801468432,0.0,256,256,256,"{""0"":128,""1"":128}","{""0"":128,""1"":128}","{""0"":128,""1"":128}",0db76cca0bf9257be46c6144ee7d62c1dd10d75f2c1de947bca7f18a3006044a,930ca6b81ea183d36b92bbcb7d7139c00f5eea0eb684817a61f10ac187823d88,02ac1f565d927124661a2001a47ea17e248cea231a907751729abe0e7ca03956,1.0868455069994525,
formal,cola,bert-base-uncased,128,128,2,dynamic_int8_cpu,PASS,fp32_cpu,cpu,int8_dynamic,dynamic_int8_linear,8,8,8,1,5,3,0.7109375,0.7091623679685581,173.08754062652588,8.076724119531065,123.81257366236004,0.0,256,256,256,"{""0"":128,""1"":128}","{""0"":128,""1"":128}","{""0"":128,""1"":128}",0db76cca0bf9257be46c6144ee7d62c1dd10d75f2c1de947bca7f18a3006044a,930ca6b81ea183d36b92bbcb7d7139c00f5eea0eb684817a61f10ac187823d88,02ac1f565d927124661a2001a47ea17e248cea231a907751729abe0e7ca03956,1.0868455069994525,
formal,cola,bert-base-uncased,128,128,2,fp32_gpu,PASS,fp32_gpu,cuda,fp32,none,8,8,8,1,5,3,0.67578125,0.6503825586178527,417.7237939834595,0.7465166187493821,1339.554907264183,446.0107421875,256,256,256,"{""0"":128,""1"":128}","{""0"":128,""1"":128}","{""0"":128,""1"":128}",0db76cca0bf9257be46c6144ee7d62c1dd10d75f2c1de947bca7f18a3006044a,930ca6b81ea183d36b92bbcb7d7139c00f5eea0eb684817a61f10ac187823d88,02ac1f565d927124661a2001a47ea17e248cea231a907751729abe0e7ca03956,1.0868455069994525,
formal,cola,bert-base-uncased,128,128,2,bf16_gpu,PASS,fp32_gpu,cuda,bf16,none,8,8,8,1,5,3,0.6796875,0.655371683740478,417.7237939834595,0.9799365843754515,1020.474197967959,626.46484375,256,256,256,"{""0"":128,""1"":128}","{""0"":128,""1"":128}","{""0"":128,""1"":128}",0db76cca0bf9257be46c6144ee7d62c1dd10d75f2c1de947bca7f18a3006044a,930ca6b81ea183d36b92bbcb7d7139c00f5eea0eb684817a61f10ac187823d88,02ac1f565d927124661a2001a47ea17e248cea231a907751729abe0e7ca03956,1.0868455069994525,
formal,cola,bert-base-uncased,128,128,3,fp32_cpu,PASS,fp32_cpu,cpu,fp32,none,8,8,8,1,5,3,0.734375,0.7343101343101344,417.7237939834595,12.84824643515634,77.83163290390544,0.0,256,256,256,"{""0"":128,""1"":128}","{""0"":128,""1"":128}","{""0"":128,""1"":128}",3978a5e8b5057a812b76ea67fe73e00742c44fa4cca524b0c708e8f6b2b2793d,488633da8e212db7cb627003c532777859bc0685b53d623914288533c2390ea6,60f117e2ced29d6b4a92b43d6fb9768f1bd4c13e658b4a19663fd8337ca633d5,1.0260428110004796,
formal,cola,bert-base-uncased,128,128,3,dynamic_int8_cpu,PASS,fp32_cpu,cpu,int8_dynamic,dynamic_int8_linear,8,8,8,1,5,3,0.62109375,0.5765853325830819,173.08754062652588,8.062275846874911,124.03445615019717,0.0,256,256,256,"{""0"":128,""1"":128}","{""0"":128,""1"":128}","{""0"":128,""1"":128}",3978a5e8b5057a812b76ea67fe73e00742c44fa4cca524b0c708e8f6b2b2793d,488633da8e212db7cb627003c532777859bc0685b53d623914288533c2390ea6,60f117e2ced29d6b4a92b43d6fb9768f1bd4c13e658b4a19663fd8337ca633d5,1.0260428110004796,
formal,cola,bert-base-uncased,128,128,3,fp32_gpu,PASS,fp32_gpu,cuda,fp32,none,8,8,8,1,5,3,0.734375,0.7343101343101344,417.7237939834595,0.7399943023436606,1351.3617562092934,446.0107421875,256,256,256,"{""0"":128,""1"":128}","{""0"":128,""1"":128}","{""0"":128,""1"":128}",3978a5e8b5057a812b76ea67fe73e00742c44fa4cca524b0c708e8f6b2b2793d,488633da8e212db7cb627003c532777859bc0685b53d623914288533c2390ea6,60f117e2ced29d6b4a92b43d6fb9768f1bd4c13e658b4a19663fd8337ca633d5,1.0260428110004796,
formal,cola,bert-base-uncased,128,128,3,bf16_gpu,PASS,fp32_gpu,cuda,bf16,none,8,8,8,1,5,3,0.734375,0.7343101343101344,417.7237939834595,0.9965137164059001,1003.4984802885341,626.46484375,256,256,256,"{""0"":128,""1"":128}","{""0"":128,""1"":128}","{""0"":128,""1"":128}",3978a5e8b5057a812b76ea67fe73e00742c44fa4cca524b0c708e8f6b2b2793d,488633da8e212db7cb627003c532777859bc0685b53d623914288533c2390ea6,60f117e2ced29d6b4a92b43d6fb9768f1bd4c13e658b4a19663fd8337ca633d5,1.0260428110004796,
formal,cola,bert-base-uncased,128,128,4,fp32_cpu,PASS,fp32_cpu,cpu,fp32,none,8,8,8,1,5,3,0.63671875,0.6251358032466816,417.7237939834595,13.645727450000322,73.2830113795052,0.0,256,256,256,"{""0"":128,""1"":128}","{""0"":128,""1"":128}","{""0"":128,""1"":128}",58526d41f27316b8968ef093274f46dc10eb8878a9311dc1c7ebb6259842f858,fa53d2826820447d1b4f3a48788bc097be2a88cf19ee2163b864627f1d14cf3e,587fc2aeae74fa789489abced261c22aab81d7498388b9831b9efa02ea7523b8,1.0449546139998347,
formal,cola,bert-base-uncased,128,128,4,dynamic_int8_cpu,PASS,fp32_cpu,cpu,int8_dynamic,dynamic_int8_linear,8,8,8,1,5,3,0.6328125,0.626984126984127,173.08754062652588,8.57173649296854,116.66247566293102,0.0,256,256,256,"{""0"":128,""1"":128}","{""0"":128,""1"":128}","{""0"":128,""1"":128}",58526d41f27316b8968ef093274f46dc10eb8878a9311dc1c7ebb6259842f858,fa53d2826820447d1b4f3a48788bc097be2a88cf19ee2163b864627f1d14cf3e,587fc2aeae74fa789489abced261c22aab81d7498388b9831b9efa02ea7523b8,1.0449546139998347,
formal,cola,bert-base-uncased,128,128,4,fp32_gpu,PASS,fp32_gpu,cuda,fp32,none,8,8,8,1,5,3,0.63671875,0.6251358032466816,417.7237939834595,0.7481764078121955,1336.5831768528797,446.52734375,256,256,256,"{""0"":128,""1"":128}","{""0"":128,""1"":128}","{""0"":128,""1"":128}",58526d41f27316b8968ef093274f46dc10eb8878a9311dc1c7ebb6259842f858,fa53d2826820447d1b4f3a48788bc097be2a88cf19ee2163b864627f1d14cf3e,587fc2aeae74fa789489abced261c22aab81d7498388b9831b9efa02ea7523b8,1.0449546139998347,
formal,cola,bert-base-uncased,128,128,4,bf16_gpu,PASS,fp32_gpu,cuda,bf16,none,8,8,8,1,5,3,0.63671875,0.6251358032466816,417.7237939834595,1.0018075460941134,998.1957152337685,627.1923828125,256,256,256,"{""0"":128,""1"":128}","{""0"":128,""1"":128}","{""0"":128,""1"":128}",58526d41f27316b8968ef093274f46dc10eb8878a9311dc1c7ebb6259842f858,fa53d2826820447d1b4f3a48788bc097be2a88cf19ee2163b864627f1d14cf3e,587fc2aeae74fa789489abced261c22aab81d7498388b9831b9efa02ea7523b8,1.0449546139998347,
formal,cola,bert-base-uncased,128,128,5,fp32_cpu,PASS,fp32_cpu,cpu,fp32,none,8,8,8,1,5,3,0.625,0.6216748768472906,417.7237939834595,12.822686840625153,77.98677550416153,0.0,256,256,256,"{""0"":128,""1"":128}","{""0"":128,""1"":128}","{""0"":128,""1"":128}",a5b7a0937396530509d783793a40cfc28a8ae4eee611bed2eb42bc49b1d581b3,167df40198f1d8701eb1c6d855e66f7d6c9a229cb293d2c0c6db9cd91f8297b5,3c3493c9897b59ae64d17280d6d1e83a069d4c86cfaa894225c6cbd65e18d009,1.0458255510002346,
formal,cola,bert-base-uncased,128,128,5,dynamic_int8_cpu,PASS,fp32_cpu,cpu,int8_dynamic,dynamic_int8_linear,8,8,8,1,5,3,0.54296875,0.4625998026374809,173.08754062652588,8.239978604687792,121.3595384132541,0.0,256,256,256,"{""0"":128,""1"":128}","{""0"":128,""1"":128}","{""0"":128,""1"":128}",a5b7a0937396530509d783793a40cfc28a8ae4eee611bed2eb42bc49b1d581b3,167df40198f1d8701eb1c6d855e66f7d6c9a229cb293d2c0c6db9cd91f8297b5,3c3493c9897b59ae64d17280d6d1e83a069d4c86cfaa894225c6cbd65e18d009,1.0458255510002346,
formal,cola,bert-base-uncased,128,128,5,fp32_gpu,PASS,fp32_gpu,cuda,fp32,none,8,8,8,1,5,3,0.625,0.6216748768472906,417.7237939834595,0.7421481242182892,1347.439907704824,446.0107421875,256,256,256,"{""0"":128,""1"":128}","{""0"":128,""1"":128}","{""0"":128,""1"":128}",a5b7a0937396530509d783793a40cfc28a8ae4eee611bed2eb42bc49b1d581b3,167df40198f1d8701eb1c6d855e66f7d6c9a229cb293d2c0c6db9cd91f8297b5,3c3493c9897b59ae64d17280d6d1e83a069d4c86cfaa894225c6cbd65e18d009,1.0458255510002346,
formal,cola,bert-base-uncased,128,128,5,bf16_gpu,PASS,fp32_gpu,cuda,bf16,none,8,8,8,1,5,3,0.625,0.6216748768472906,417.7237939834595,0.9919426171869361,1008.1228315766026,626.46484375,256,256,256,"{""0"":128,""1"":128}","{""0"":128,""1"":128}","{""0"":128,""1"":128}",a5b7a0937396530509d783793a40cfc28a8ae4eee611bed2eb42bc49b1d581b3,167df40198f1d8701eb1c6d855e66f7d6c9a229cb293d2c0c6db9cd91f8297b5,3c3493c9897b59ae64d17280d6d1e83a069d4c86cfaa894225c6cbd65e18d009,1.0458255510002346,
formal,cola,bert-base-uncased,256,256,1,fp32_cpu,PASS,fp32_cpu,cpu,fp32,none,8,8,8,1,5,3,0.6953125,0.6822001527883881,417.7237939834595,11.02111420859373,90.73492761922824,0.0,512,512,256,"{""0"":256,""1"":256}","{""0"":256,""1"":256}","{""0"":128,""1"":128}",dfcaa04d0520a9e2a3b7851083c1798722d79edda33d7d4bc8740b7c00cee644,d51fc2a3bc339ba0c3a34b4a6989b4573566990c211349ea8fc6b8f3ad30de89,7cb6540edb387dd3481d4b27ee1d7fb77ed826955e50e0f31def6ce0488f18e5,2.0818991000005553,
formal,cola,bert-base-uncased,256,256,1,dynamic_int8_cpu,PASS,fp32_cpu,cpu,int8_dynamic,dynamic_int8_linear,8,8,8,1,5,3,0.671875,0.6636636636636637,173.08754062652588,7.03403540937515,142.1659036102055,0.0,512,512,256,"{""0"":256,""1"":256}","{""0"":256,""1"":256}","{""0"":128,""1"":128}",dfcaa04d0520a9e2a3b7851083c1798722d79edda33d7d4bc8740b7c00cee644,d51fc2a3bc339ba0c3a34b4a6989b4573566990c211349ea8fc6b8f3ad30de89,7cb6540edb387dd3481d4b27ee1d7fb77ed826955e50e0f31def6ce0488f18e5,2.0818991000005553,
formal,cola,bert-base-uncased,256,256,1,fp32_gpu,PASS,fp32_gpu,cuda,fp32,none,8,8,8,1,5,3,0.6953125,0.6822001527883881,417.7237939834595,0.7117956117184576,1404.897675030256,444.97607421875,512,512,256,"{""0"":256,""1"":256}","{""0"":256,""1"":256}","{""0"":128,""1"":128}",dfcaa04d0520a9e2a3b7851083c1798722d79edda33d7d4bc8740b7c00cee644,d51fc2a3bc339ba0c3a34b4a6989b4573566990c211349ea8fc6b8f3ad30de89,7cb6540edb387dd3481d4b27ee1d7fb77ed826955e50e0f31def6ce0488f18e5,2.0818991000005553,
formal,cola,bert-base-uncased,256,256,1,bf16_gpu,PASS,fp32_gpu,cuda,bf16,none,8,8,8,1,5,3,0.6953125,0.6822001527883881,417.7237939834595,0.9970589499999961,1002.9497252895669,625.75732421875,512,512,256,"{""0"":256,""1"":256}","{""0"":256,""1"":256}","{""0"":128,""1"":128}",dfcaa04d0520a9e2a3b7851083c1798722d79edda33d7d4bc8740b7c00cee644,d51fc2a3bc339ba0c3a34b4a6989b4573566990c211349ea8fc6b8f3ad30de89,7cb6540edb387dd3481d4b27ee1d7fb77ed826955e50e0f31def6ce0488f18e5,2.0818991000005553,
formal,cola,bert-base-uncased,256,256,2,fp32_cpu,PASS,fp32_cpu,cpu,fp32,none,8,8,8,1,5,3,0.71484375,0.6999694960425129,417.7237939834595,12.835709235937998,77.90765446759693,0.0,512,512,256,"{""0"":256,""1"":256}","{""0"":256,""1"":256}","{""0"":128,""1"":128}",e08b96291eb4d2fe7a973b3d4153f54f1bfdba761f2d9c0b413eeced70234931,b40761238ea5f1f396f94f047b77efd8c803ec0b840be8e1a2b9fd313e3ebb70,02ac1f565d927124661a2001a47ea17e248cea231a907751729abe0e7ca03956,2.0652769109992732,
formal,cola,bert-base-uncased,256,256,2,dynamic_int8_cpu,PASS,fp32_cpu,cpu,int8_dynamic,dynamic_int8_linear,8,8,8,1,5,3,0.6953125,0.6943985307621672,173.08754062652588,8.060506128906297,124.0616884358956,0.0,512,512,256,"{""0"":256,""1"":256}","{""0"":256,""1"":256}","{""0"":128,""1"":128}",e08b96291eb4d2fe7a973b3d4153f54f1bfdba761f2d9c0b413eeced70234931,b40761238ea5f1f396f94f047b77efd8c803ec0b840be8e1a2b9fd313e3ebb70,02ac1f565d927124661a2001a47ea17e248cea231a907751729abe0e7ca03956,2.0652769109992732,
formal,cola,bert-base-uncased,256,256,2,fp32_gpu,PASS,fp32_gpu,cuda,fp32,none,8,8,8,1,5,3,0.71484375,0.6999694960425129,417.7237939834595,0.759688571875472,1316.3288708309276,446.0107421875,512,512,256,"{""0"":256,""1"":256}","{""0"":256,""1"":256}","{""0"":128,""1"":128}",e08b96291eb4d2fe7a973b3d4153f54f1bfdba761f2d9c0b413eeced70234931,b40761238ea5f1f396f94f047b77efd8c803ec0b840be8e1a2b9fd313e3ebb70,02ac1f565d927124661a2001a47ea17e248cea231a907751729abe0e7ca03956,2.0652769109992732,
formal,cola,bert-base-uncased,256,256,2,bf16_gpu,PASS,fp32_gpu,cuda,bf16,none,8,8,8,1,5,3,0.71484375,0.6999694960425129,417.7237939834595,0.9944514609379952,1005.57949711972,626.46484375,512,512,256,"{""0"":256,""1"":256}","{""0"":256,""1"":256}","{""0"":128,""1"":128}",e08b96291eb4d2fe7a973b3d4153f54f1bfdba761f2d9c0b413eeced70234931,b40761238ea5f1f396f94f047b77efd8c803ec0b840be8e1a2b9fd313e3ebb70,02ac1f565d927124661a2001a47ea17e248cea231a907751729abe0e7ca03956,2.0652769109992732,
formal,cola,bert-base-uncased,256,256,3,fp32_cpu,PASS,fp32_cpu,cpu,fp32,none,8,8,8,1,5,3,0.69921875,0.6953087564726795,417.7237939834595,13.097593686718767,76.34990242627704,0.0,512,512,256,"{""0"":256,""1"":256}","{""0"":256,""1"":256}","{""0"":128,""1"":128}",73a4af8e77835ce59a6ef9a6b3fe9982dd75e66a44eb431d9d8ad380cbf4ca84,6f4beda70cfdf1144fce87c397e0edb93ff8b6ac411f5a55e9f5e3cafd78e662,60f117e2ced29d6b4a92b43d6fb9768f1bd4c13e658b4a19663fd8337ca633d5,2.0321662779997496,
formal,cola,bert-base-uncased,256,256,3,dynamic_int8_cpu,PASS,fp32_cpu,cpu,int8_dynamic,dynamic_int8_linear,8,8,8,1,5,3,0.703125,0.7019607843137254,173.08754062652588,8.259613326562487,121.07104297292611,0.0,512,512,256,"{""0"":256,""1"":256}","{""0"":256,""1"":256}","{""0"":128,""1"":128}",73a4af8e77835ce59a6ef9a6b3fe9982dd75e66a44eb431d9d8ad380cbf4ca84,6f4beda70cfdf1144fce87c397e0edb93ff8b6ac411f5a55e9f5e3cafd78e662,60f117e2ced29d6b4a92b43d6fb9768f1bd4c13e658b4a19663fd8337ca633d5,2.0321662779997496,
formal,cola,bert-base-uncased,256,256,3,fp32_gpu,PASS,fp32_gpu,cuda,fp32,none,8,8,8,1,5,3,0.69921875,0.6953087564726795,417.7237939834595,0.7568327156249666,1321.295947380174,446.0107421875,512,512,256,"{""0"":256,""1"":256}","{""0"":256,""1"":256}","{""0"":128,""1"":128}",73a4af8e77835ce59a6ef9a6b3fe9982dd75e66a44eb431d9d8ad380cbf4ca84,6f4beda70cfdf1144fce87c397e0edb93ff8b6ac411f5a55e9f5e3cafd78e662,60f117e2ced29d6b4a92b43d6fb9768f1bd4c13e658b4a19663fd8337ca633d5,2.0321662779997496,
formal,cola,bert-base-uncased,256,256,3,bf16_gpu,PASS,fp32_gpu,cuda,bf16,none,8,8,8,1,5,3,0.69921875,0.6953087564726795,417.7237939834595,0.9927357867191232,1007.3173682041664,626.46484375,512,512,256,"{""0"":256,""1"":256}","{""0"":256,""1"":256}","{""0"":128,""1"":128}",73a4af8e77835ce59a6ef9a6b3fe9982dd75e66a44eb431d9d8ad380cbf4ca84,6f4beda70cfdf1144fce87c397e0edb93ff8b6ac411f5a55e9f5e3cafd78e662,60f117e2ced29d6b4a92b43d6fb9768f1bd4c13e658b4a19663fd8337ca633d5,2.0321662779997496,
formal,cola,bert-base-uncased,256,256,4,fp32_cpu,PASS,fp32_cpu,cpu,fp32,none,8,8,8,1,5,3,0.72265625,0.7129818244982393,417.7237939834595,13.392680706250104,74.66765033331373,0.0,512,512,256,"{""0"":256,""1"":256}","{""0"":256,""1"":256}","{""0"":128,""1"":128}",7ae5e1dca4084a6b2d60f84b5082d682aa8de5018a22475047e8891dd17f5eed,9c5ba463d17b2d696aaad15c265e0100e4873f472fc1ffc83272b68787732b76,587fc2aeae74fa789489abced261c22aab81d7498388b9831b9efa02ea7523b8,2.05677035699955,
formal,cola,bert-base-uncased,256,256,4,dynamic_int8_cpu,PASS,fp32_cpu,cpu,int8_dynamic,dynamic_int8_linear,8,8,8,1,5,3,0.7265625,0.7252039501932159,173.08754062652588,8.637978051562811,115.76783293852856,0.0,512,512,256,"{""0"":256,""1"":256}","{""0"":256,""1"":256}","{""0"":128,""1"":128}",7ae5e1dca4084a6b2d60f84b5082d682aa8de5018a22475047e8891dd17f5eed,9c5ba463d17b2d696aaad15c265e0100e4873f472fc1ffc83272b68787732b76,587fc2aeae74fa789489abced261c22aab81d7498388b9831b9efa02ea7523b8,2.05677035699955,
formal,cola,bert-base-uncased,256,256,4,fp32_gpu,PASS,fp32_gpu,cuda,fp32,none,8,8,8,1,5,3,0.72265625,0.7129818244982393,417.7237939834595,0.7501964671874362,1332.9841498042547,446.52734375,512,512,256,"{""0"":256,""1"":256}","{""0"":256,""1"":256}","{""0"":128,""1"":128}",7ae5e1dca4084a6b2d60f84b5082d682aa8de5018a22475047e8891dd17f5eed,9c5ba463d17b2d696aaad15c265e0100e4873f472fc1ffc83272b68787732b76,587fc2aeae74fa789489abced261c22aab81d7498388b9831b9efa02ea7523b8,2.05677035699955,
formal,cola,bert-base-uncased,256,256,4,bf16_gpu,PASS,fp32_gpu,cuda,bf16,none,8,8,8,1,5,3,0.72265625,0.7129818244982393,417.7237939834595,0.9848646039060326,1015.3679968129014,627.1923828125,512,512,256,"{""0"":256,""1"":256}","{""0"":256,""1"":256}","{""0"":128,""1"":128}",7ae5e1dca4084a6b2d60f84b5082d682aa8de5018a22475047e8891dd17f5eed,9c5ba463d17b2d696aaad15c265e0100e4873f472fc1ffc83272b68787732b76,587fc2aeae74fa789489abced261c22aab81d7498388b9831b9efa02ea7523b8,2.05677035699955,
formal,cola,bert-base-uncased,256,256,5,fp32_cpu,PASS,fp32_cpu,cpu,fp32,none,8,8,8,1,5,3,0.703125,0.7031068790819752,417.7237939834595,12.731944998436973,78.54259503341903,0.0,512,512,256,"{""0"":256,""1"":256}","{""0"":256,""1"":256}","{""0"":128,""1"":128}",d48ca03dc1f30d149692e78761845ad3f2e443eb463e2b7146f3a72d73946c40,7b92dd7bb2c90d8a9a5af99f9665e4296e83e08ca11c2a670db50ad01008e591,3c3493c9897b59ae64d17280d6d1e83a069d4c86cfaa894225c6cbd65e18d009,2.2346829819998675,
formal,cola,bert-base-uncased,256,256,5,dynamic_int8_cpu,PASS,fp32_cpu,cpu,int8_dynamic,dynamic_int8_linear,8,8,8,1,5,3,0.6640625,0.6564937901766211,173.08754062652588,8.10012361328134,123.45490609061241,0.0,512,512,256,"{""0"":256,""1"":256}","{""0"":256,""1"":256}","{""0"":128,""1"":128}",d48ca03dc1f30d149692e78761845ad3f2e443eb463e2b7146f3a72d73946c40,7b92dd7bb2c90d8a9a5af99f9665e4296e83e08ca11c2a670db50ad01008e591,3c3493c9897b59ae64d17280d6d1e83a069d4c86cfaa894225c6cbd65e18d009,2.2346829819998675,
formal,cola,bert-base-uncased,256,256,5,fp32_gpu,PASS,fp32_gpu,cuda,fp32,none,8,8,8,1,5,3,0.703125,0.7031068790819752,417.7237939834595,0.7552264757812566,1324.1061218961283,446.0107421875,512,512,256,"{""0"":256,""1"":256}","{""0"":256,""1"":256}","{""0"":128,""1"":128}",d48ca03dc1f30d149692e78761845ad3f2e443eb463e2b7146f3a72d73946c40,7b92dd7bb2c90d8a9a5af99f9665e4296e83e08ca11c2a670db50ad01008e591,3c3493c9897b59ae64d17280d6d1e83a069d4c86cfaa894225c6cbd65e18d009,2.2346829819998675,
formal,cola,bert-base-uncased,256,256,5,bf16_gpu,PASS,fp32_gpu,cuda,bf16,none,8,8,8,1,5,3,0.703125,0.7031068790819752,417.7237939834595,0.9962399906250142,1003.7742004038876,626.46484375,512,512,256,"{""0"":256,""1"":256}","{""0"":256,""1"":256}","{""0"":128,""1"":128}",d48ca03dc1f30d149692e78761845ad3f2e443eb463e2b7146f3a72d73946c40,7b92dd7bb2c90d8a9a5af99f9665e4296e83e08ca11c2a670db50ad01008e591,3c3493c9897b59ae64d17280d6d1e83a069d4c86cfaa894225c6cbd65e18d009,2.2346829819998675,
formal,qqp,bert-base-uncased,64,64,1,fp32_cpu,PASS,fp32_cpu,cpu,fp32,none,8,8,8,1,5,3,0.7109375,0.7029417299128145,417.7237939834595,33.69708574218748,29.676156794414943,0.0,128,128,256,"{""0"":64,""1"":64}","{""0"":64,""1"":64}","{""0"":128,""1"":128}",9e1416eda2d6ebc2bf5755123f8b5733ea98fc91354bb6e58c6832569cc15a21,da77a8141cacc8eaf15cf3adc9cc043d5c57e3fdecfb73161cec33b2d02d11f2,de838721269c5bb5d599561076cb09d48d8f19b05b4228afb0490b8f8b7976c8,0.5803497919996516,
formal,qqp,bert-base-uncased,64,64,1,dynamic_int8_cpu,PASS,fp32_cpu,cpu,int8_dynamic,dynamic_int8_linear,8,8,8,1,5,3,0.51171875,0.35885876860812244,173.08754062652588,21.573565710156117,46.35302357686904,0.0,128,128,256,"{""0"":64,""1"":64}","{""0"":64,""1"":64}","{""0"":128,""1"":128}",9e1416eda2d6ebc2bf5755123f8b5733ea98fc91354bb6e58c6832569cc15a21,da77a8141cacc8eaf15cf3adc9cc043d5c57e3fdecfb73161cec33b2d02d11f2,de838721269c5bb5d599561076cb09d48d8f19b05b4228afb0490b8f8b7976c8,0.5803497919996516,
formal,qqp,bert-base-uncased,64,64,1,fp32_gpu,PASS,fp32_gpu,cuda,fp32,none,8,8,8,1,5,3,0.7109375,0.7029417299128145,417.7237939834595,0.7747398960937346,1290.755781446179,461.8818359375,128,128,256,"{""0"":64,""1"":64}","{""0"":64,""1"":64}","{""0"":128,""1"":128}",9e1416eda2d6ebc2bf5755123f8b5733ea98fc91354bb6e58c6832569cc15a21,da77a8141cacc8eaf15cf3adc9cc043d5c57e3fdecfb73161cec33b2d02d11f2,de838721269c5bb5d599561076cb09d48d8f19b05b4228afb0490b8f8b7976c8,0.5803497919996516,
formal,qqp,bert-base-uncased,64,64,1,bf16_gpu,PASS,fp32_gpu,cuda,bf16,none,8,8,8,1,5,3,0.71484375,0.7065649190572645,417.7237939834595,1.0206818781249183,979.7371947438581,637.9833984375,128,128,256,"{""0"":64,""1"":64}","{""0"":64,""1"":64}","{""0"":128,""1"":128}",9e1416eda2d6ebc2bf5755123f8b5733ea98fc91354bb6e58c6832569cc15a21,da77a8141cacc8eaf15cf3adc9cc043d5c57e3fdecfb73161cec33b2d02d11f2,de838721269c5bb5d599561076cb09d48d8f19b05b4228afb0490b8f8b7976c8,0.5803497919996516,
formal,qqp,bert-base-uncased,64,64,2,fp32_cpu,PASS,fp32_cpu,cpu,fp32,none,8,8,8,1,5,3,0.7578125,0.7548801581418334,417.7237939834595,28.064126460156302,35.63267865898971,0.0,128,128,256,"{""0"":64,""1"":64}","{""0"":64,""1"":64}","{""0"":128,""1"":128}",0fa45ace70dd39b14b95c12bbf602f9f93539b6bf3f77415fe940b895c7b8170,48f644a88db3cbafee306f09f55dda95f4095c778b78806b8a1b52beeca8136c,ddded1247213d270f904fee9bc94c2ac3cdba5834292d453f04972d45c5db815,0.6953141210005924,
formal,qqp,bert-base-uncased,64,64,2,dynamic_int8_cpu,PASS,fp32_cpu,cpu,int8_dynamic,dynamic_int8_linear,8,8,8,1,5,3,0.51953125,0.3813144709696434,173.08754062652588,17.87054234296832,55.95801071999803,0.0,128,128,256,"{""0"":64,""1"":64}","{""0"":64,""1"":64}","{""0"":128,""1"":128}",0fa45ace70dd39b14b95c12bbf602f9f93539b6bf3f77415fe940b895c7b8170,48f644a88db3cbafee306f09f55dda95f4095c778b78806b8a1b52beeca8136c,ddded1247213d270f904fee9bc94c2ac3cdba5834292d453f04972d45c5db815,0.6953141210005924,
formal,qqp,bert-base-uncased,64,64,2,fp32_gpu,PASS,fp32_gpu,cuda,fp32,none,8,8,8,1,5,3,0.7578125,0.7548801581418334,417.7237939834595,0.7654574546876347,1306.4083364477476,458.17333984375,128,128,256,"{""0"":64,""1"":64}","{""0"":64,""1"":64}","{""0"":128,""1"":128}",0fa45ace70dd39b14b95c12bbf602f9f93539b6bf3f77415fe940b895c7b8170,48f644a88db3cbafee306f09f55dda95f4095c778b78806b8a1b52beeca8136c,ddded1247213d270f904fee9bc94c2ac3cdba5834292d453f04972d45c5db815,0.6953141210005924,
formal,qqp,bert-base-uncased,64,64,2,bf16_gpu,PASS,fp32_gpu,cuda,bf16,none,8,8,8,1,5,3,0.75390625,0.7511379943524619,417.7237939834595,1.0187005812497318,981.6427107297906,635.29736328125,128,128,256,"{""0"":64,""1"":64}","{""0"":64,""1"":64}","{""0"":128,""1"":128}",0fa45ace70dd39b14b95c12bbf602f9f93539b6bf3f77415fe940b895c7b8170,48f644a88db3cbafee306f09f55dda95f4095c778b78806b8a1b52beeca8136c,ddded1247213d270f904fee9bc94c2ac3cdba5834292d453f04972d45c5db815,0.6953141210005924,
formal,qqp,bert-base-uncased,64,64,3,fp32_cpu,PASS,fp32_cpu,cpu,fp32,none,8,8,8,1,5,3,0.703125,0.6903488668194551,417.7237939834595,29.59370714374998,33.79096762506127,0.0,128,128,256,"{""0"":64,""1"":64}","{""0"":64,""1"":64}","{""0"":128,""1"":128}",ac1e419f76a56cf880e0324d913df566a144f1086beca602a9ac2b99a31aa974,8060b716537eece9a19a37df4fd8fa4da3244d00dbb620f55c5b921508098e46,18e7c1423d877ba72c362a7227d9fd5d128882f0e5c56052a25f20bb2283e2f6,0.5751273969999602,
formal,qqp,bert-base-uncased,64,64,3,dynamic_int8_cpu,PASS,fp32_cpu,cpu,int8_dynamic,dynamic_int8_linear,8,8,8,1,5,3,0.52734375,0.4025498100179374,173.08754062652588,18.73890551484436,53.364909663898565,0.0,128,128,256,"{""0"":64,""1"":64}","{""0"":64,""1"":64}","{""0"":128,""1"":128}",ac1e419f76a56cf880e0324d913df566a144f1086beca602a9ac2b99a31aa974,8060b716537eece9a19a37df4fd8fa4da3244d00dbb620f55c5b921508098e46,18e7c1423d877ba72c362a7227d9fd5d128882f0e5c56052a25f20bb2283e2f6,0.5751273969999602,
formal,qqp,bert-base-uncased,64,64,3,fp32_gpu,PASS,fp32_gpu,cuda,fp32,none,8,8,8,1,5,3,0.703125,0.6903488668194551,417.7237939834595,0.7806115406253866,1281.046907401408,458.74072265625,128,128,256,"{""0"":64,""1"":64}","{""0"":64,""1"":64}","{""0"":128,""1"":128}",ac1e419f76a56cf880e0324d913df566a144f1086beca602a9ac2b99a31aa974,8060b716537eece9a19a37df4fd8fa4da3244d00dbb620f55c5b921508098e46,18e7c1423d877ba72c362a7227d9fd5d128882f0e5c56052a25f20bb2283e2f6,0.5751273969999602,
formal,qqp,bert-base-uncased,64,64,3,bf16_gpu,PASS,fp32_gpu,cuda,bf16,none,8,8,8,1,5,3,0.703125,0.6903488668194551,417.7237939834595,1.02850686796927,972.2832497700718,639.76806640625,128,128,256,"{""0"":64,""1"":64}","{""0"":64,""1"":64}","{""0"":128,""1"":128}",ac1e419f76a56cf880e0324d913df566a144f1086beca602a9ac2b99a31aa974,8060b716537eece9a19a37df4fd8fa4da3244d00dbb620f55c5b921508098e46,18e7c1423d877ba72c362a7227d9fd5d128882f0e5c56052a25f20bb2283e2f6,0.5751273969999602,
formal,qqp,bert-base-uncased,64,64,4,fp32_cpu,PASS,fp32_cpu,cpu,fp32,none,8,8,8,1,5,3,0.70703125,0.6976901639086143,417.7237939834595,36.88941009062532,27.10805072630124,0.0,128,128,256,"{""0"":64,""1"":64}","{""0"":64,""1"":64}","{""0"":128,""1"":128}",a3c4e1e8dbd09af6f7880220d3cd925a3f763aa7923f02bb3cec0fbaaee6e501,0b8ecec200d67c42c1bcd107947e53b43d42a470d399c826b7a2e5bc8424d78b,8a123c29aa2594c3eded9fbbbb3064e12381c77e4ecb1598cd1a981c1596d652,0.6316846660001829,
formal,qqp,bert-base-uncased,64,64,4,dynamic_int8_cpu,PASS,fp32_cpu,cpu,int8_dynamic,dynamic_int8_linear,8,8,8,1,5,3,0.51953125,0.40326340326340326,173.08754062652588,23.199929915625006,43.103578486524064,0.0,128,128,256,"{""0"":64,""1"":64}","{""0"":64,""1"":64}","{""0"":128,""1"":128}",a3c4e1e8dbd09af6f7880220d3cd925a3f763aa7923f02bb3cec0fbaaee6e501,0b8ecec200d67c42c1bcd107947e53b43d42a470d399c826b7a2e5bc8424d78b,8a123c29aa2594c3eded9fbbbb3064e12381c77e4ecb1598cd1a981c1596d652,0.6316846660001829,
formal,qqp,bert-base-uncased,64,64,4,fp32_gpu,PASS,fp32_gpu,cuda,fp32,none,8,8,8,1,5,3,0.70703125,0.6976901639086143,417.7237939834595,0.8224108007816255,1215.9373381886428,463.36376953125,128,128,256,"{""0"":64,""1"":64}","{""0"":64,""1"":64}","{""0"":128,""1"":128}",a3c4e1e8dbd09af6f7880220d3cd925a3f763aa7923f02bb3cec0fbaaee6e501,0b8ecec200d67c42c1bcd107947e53b43d42a470d399c826b7a2e5bc8424d78b,8a123c29aa2594c3eded9fbbbb3064e12381c77e4ecb1598cd1a981c1596d652,0.6316846660001829,
formal,qqp,bert-base-uncased,64,64,4,bf16_gpu,PASS,fp32_gpu,cuda,bf16,none,8,8,8,1,5,3,0.70703125,0.6976901639086143,417.7237939834595,1.0341848554688227,966.9451207991962,638.77880859375,128,128,256,"{""0"":64,""1"":64}","{""0"":64,""1"":64}","{""0"":128,""1"":128}",a3c4e1e8dbd09af6f7880220d3cd925a3f763aa7923f02bb3cec0fbaaee6e501,0b8ecec200d67c42c1bcd107947e53b43d42a470d399c826b7a2e5bc8424d78b,8a123c29aa2594c3eded9fbbbb3064e12381c77e4ecb1598cd1a981c1596d652,0.6316846660001829,
formal,qqp,bert-base-uncased,64,64,5,fp32_cpu,PASS,fp32_cpu,cpu,fp32,none,8,8,8,1,5,3,0.671875,0.6717948717948719,417.7237939834595,34.77397716953163,28.757136266719098,0.0,128,128,256,"{""0"":64,""1"":64}","{""0"":64,""1"":64}","{""0"":128,""1"":128}",12ed4cb5cca9ea7a291edd32422f18fecb69dba01bf648e9223f385496766f25,3dfcadfbc5d87d79196fdcc4c38262eecf99a9caa6359f9c49c5021590f3375f,b4056601b3ca78730204d5ace3052387e1c2602b31b81d0ff2f349fe64ecb9ba,0.7083521940003266,
formal,qqp,bert-base-uncased,64,64,5,dynamic_int8_cpu,PASS,fp32_cpu,cpu,int8_dynamic,dynamic_int8_linear,8,8,8,1,5,3,0.50390625,0.3486005089058524,173.08754062652588,22.06831970937486,45.31382602614685,0.0,128,128,256,"{""0"":64,""1"":64}","{""0"":64,""1"":64}","{""0"":128,""1"":128}",12ed4cb5cca9ea7a291edd32422f18fecb69dba01bf648e9223f385496766f25,3dfcadfbc5d87d79196fdcc4c38262eecf99a9caa6359f9c49c5021590f3375f,b4056601b3ca78730204d5ace3052387e1c2602b31b81d0ff2f349fe64ecb9ba,0.7083521940003266,
formal,qqp,bert-base-uncased,64,64,5,fp32_gpu,PASS,fp32_gpu,cuda,fp32,none,8,8,8,1,5,3,0.671875,0.6717948717948719,417.7237939834595,0.8032720125001447,1244.9083055782676,462.32470703125,128,128,256,"{""0"":64,""1"":64}","{""0"":64,""1"":64}","{""0"":128,""1"":128}",12ed4cb5cca9ea7a291edd32422f18fecb69dba01bf648e9223f385496766f25,3dfcadfbc5d87d79196fdcc4c38262eecf99a9caa6359f9c49c5021590f3375f,b4056601b3ca78730204d5ace3052387e1c2602b31b81d0ff2f349fe64ecb9ba,0.7083521940003266,
formal,qqp,bert-base-uncased,64,64,5,bf16_gpu,PASS,fp32_gpu,cuda,bf16,none,8,8,8,1,5,3,0.66796875,0.6679231461840158,417.7237939834595,1.0122750242189227,987.8738248744266,636.73876953125,128,128,256,"{""0"":64,""1"":64}","{""0"":64,""1"":64}","{""0"":128,""1"":128}",12ed4cb5cca9ea7a291edd32422f18fecb69dba01bf648e9223f385496766f25,3dfcadfbc5d87d79196fdcc4c38262eecf99a9caa6359f9c49c5021590f3375f,b4056601b3ca78730204d5ace3052387e1c2602b31b81d0ff2f349fe64ecb9ba,0.7083521940003266,
formal,qqp,bert-base-uncased,128,128,1,fp32_cpu,PASS,fp32_cpu,cpu,fp32,none,8,8,8,1,5,3,0.74609375,0.7372368815828951,417.7237939834595,33.32100287265618,30.01110152121556,0.0,256,256,256,"{""0"":128,""1"":128}","{""0"":128,""1"":128}","{""0"":128,""1"":128}",ce0358051257fc0db974962a9edbc1fda6836ce89747f7c7f968d1dce9c5d77a,a0f51358cee6eaa29cd06e8ebee84593b376e956d0c80b00021a5cf076917ca6,de838721269c5bb5d599561076cb09d48d8f19b05b4228afb0490b8f8b7976c8,1.2009129299995038,
formal,qqp,bert-base-uncased,128,128,1,dynamic_int8_cpu,PASS,fp32_cpu,cpu,int8_dynamic,dynamic_int8_linear,8,8,8,1,5,3,0.55859375,0.4772205656456131,173.08754062652588,21.928671551562218,45.602397648605354,0.0,256,256,256,"{""0"":128,""1"":128}","{""0"":128,""1"":128}","{""0"":128,""1"":128}",ce0358051257fc0db974962a9edbc1fda6836ce89747f7c7f968d1dce9c5d77a,a0f51358cee6eaa29cd06e8ebee84593b376e956d0c80b00021a5cf076917ca6,de838721269c5bb5d599561076cb09d48d8f19b05b4228afb0490b8f8b7976c8,1.2009129299995038,
formal,qqp,bert-base-uncased,128,128,1,fp32_gpu,PASS,fp32_gpu,cuda,fp32,none,8,8,8,1,5,3,0.74609375,0.7372368815828951,417.7237939834595,0.771504637500442,1296.1684886818675,461.8818359375,256,256,256,"{""0"":128,""1"":128}","{""0"":128,""1"":128}","{""0"":128,""1"":128}",ce0358051257fc0db974962a9edbc1fda6836ce89747f7c7f968d1dce9c5d77a,a0f51358cee6eaa29cd06e8ebee84593b376e956d0c80b00021a5cf076917ca6,de838721269c5bb5d599561076cb09d48d8f19b05b4228afb0490b8f8b7976c8,1.2009129299995038,
formal,qqp,bert-base-uncased,128,128,1,bf16_gpu,PASS,fp32_gpu,cuda,bf16,none,8,8,8,1,5,3,0.74609375,0.7372368815828951,417.7237939834595,1.022877555468682,977.6341211649722,637.9833984375,256,256,256,"{""0"":128,""1"":128}","{""0"":128,""1"":128}","{""0"":128,""1"":128}",ce0358051257fc0db974962a9edbc1fda6836ce89747f7c7f968d1dce9c5d77a,a0f51358cee6eaa29cd06e8ebee84593b376e956d0c80b00021a5cf076917ca6,de838721269c5bb5d599561076cb09d48d8f19b05b4228afb0490b8f8b7976c8,1.2009129299995038,
formal,qqp,bert-base-uncased,128,128,2,fp32_cpu,PASS,fp32_cpu,cpu,fp32,none,8,8,8,1,5,3,0.765625,0.7652668256005868,417.7237939834595,28.23826984453106,35.412934485916146,0.0,256,256,256,"{""0"":128,""1"":128}","{""0"":128,""1"":128}","{""0"":128,""1"":128}",a3a7352f3c61cf6fbc87a6f5d2cdae6394e00036fbef7dde0f7f448860179f18,85a2153bf73aaa63c38c03f2c75d863a58f0e07fa9a2e2968a38a276d4b74839,ddded1247213d270f904fee9bc94c2ac3cdba5834292d453f04972d45c5db815,1.363187279000158,
formal,qqp,bert-base-uncased,128,128,2,dynamic_int8_cpu,PASS,fp32_cpu,cpu,int8_dynamic,dynamic_int8_linear,8,8,8,1,5,3,0.50390625,0.3486005089058524,173.08754062652588,18.049801172656288,55.40227232612976,0.0,256,256,256,"{""0"":128,""1"":128}","{""0"":128,""1"":128}","{""0"":128,""1"":128}",a3a7352f3c61cf6fbc87a6f5d2cdae6394e00036fbef7dde0f7f448860179f18,85a2153bf73aaa63c38c03f2c75d863a58f0e07fa9a2e2968a38a276d4b74839,ddded1247213d270f904fee9bc94c2ac3cdba5834292d453f04972d45c5db815,1.363187279000158,
formal,qqp,bert-base-uncased,128,128,2,fp32_gpu,PASS,fp32_gpu,cuda,fp32,none,8,8,8,1,5,3,0.765625,0.7652668256005868,417.7237939834595,0.7736035437496014,1292.651782789245,458.17333984375,256,256,256,"{""0"":128,""1"":128}","{""0"":128,""1"":128}","{""0"":128,""1"":128}",a3a7352f3c61cf6fbc87a6f5d2cdae6394e00036fbef7dde0f7f448860179f18,85a2153bf73aaa63c38c03f2c75d863a58f0e07fa9a2e2968a38a276d4b74839,ddded1247213d270f904fee9bc94c2ac3cdba5834292d453f04972d45c5db815,1.363187279000158,
formal,qqp,bert-base-uncased,128,128,2,bf16_gpu,PASS,fp32_gpu,cuda,bf16,none,8,8,8,1,5,3,0.765625,0.7652668256005868,417.7237939834595,1.023258426562279,977.2702320757644,635.29736328125,256,256,256,"{""0"":128,""1"":128}","{""0"":128,""1"":128}","{""0"":128,""1"":128}",a3a7352f3c61cf6fbc87a6f5d2cdae6394e00036fbef7dde0f7f448860179f18,85a2153bf73aaa63c38c03f2c75d863a58f0e07fa9a2e2968a38a276d4b74839,ddded1247213d270f904fee9bc94c2ac3cdba5834292d453f04972d45c5db815,1.363187279000158,
formal,qqp,bert-base-uncased,128,128,3,fp32_cpu,PASS,fp32_cpu,cpu,fp32,none,8,8,8,1,5,3,0.76171875,0.7612779943438049,417.7237939834595,29.440122254687395,33.967250249471434,0.0,256,256,256,"{""0"":128,""1"":128}","{""0"":128,""1"":128}","{""0"":128,""1"":128}",7ebedd024cb1be14ce2d413f60a217956b64bdc0815e75e3fd874ad3f4526dd3,9c034402122d17881c79528b8dc6d63165b33ac5f54c635de34d50c4fbb18dac,18e7c1423d877ba72c362a7227d9fd5d128882f0e5c56052a25f20bb2283e2f6,1.505977910999718,
formal,qqp,bert-base-uncased,128,128,3,dynamic_int8_cpu,PASS,fp32_cpu,cpu,int8_dynamic,dynamic_int8_linear,8,8,8,1,5,3,0.55859375,0.46515798620740656,173.08754062652588,18.89116486171858,52.934798214927405,0.0,256,256,256,"{""0"":128,""1"":128}","{""0"":128,""1"":128}","{""0"":128,""1"":128}",7ebedd024cb1be14ce2d413f60a217956b64bdc0815e75e3fd874ad3f4526dd3,9c034402122d17881c79528b8dc6d63165b33ac5f54c635de34d50c4fbb18dac,18e7c1423d877ba72c362a7227d9fd5d128882f0e5c56052a25f20bb2283e2f6,1.505977910999718,
formal,qqp,bert-base-uncased,128,128,3,fp32_gpu,PASS,fp32_gpu,cuda,fp32,none,8,8,8,1,5,3,0.76171875,0.7612779943438049,417.7237939834595,0.7699579843745141,1298.7721671752824,458.74072265625,256,256,256,"{""0"":128,""1"":128}","{""0"":128,""1"":128}","{""0"":128,""1"":128}",7ebedd024cb1be14ce2d413f60a217956b64bdc0815e75e3fd874ad3f4526dd3,9c034402122d17881c79528b8dc6d63165b33ac5f54c635de34d50c4fbb18dac,18e7c1423d877ba72c362a7227d9fd5d128882f0e5c56052a25f20bb2283e2f6,1.505977910999718,
formal,qqp,bert-base-uncased,128,128,3,bf16_gpu,PASS,fp32_gpu,cuda,bf16,none,8,8,8,1,5,3,0.7578125,0.7572791778810863,417.7237939834595,1.0198635671876843,980.5233093653311,639.76806640625,256,256,256,"{""0"":128,""1"":128}","{""0"":128,""1"":128}","{""0"":128,""1"":128}",7ebedd024cb1be14ce2d413f60a217956b64bdc0815e75e3fd874ad3f4526dd3,9c034402122d17881c79528b8dc6d63165b33ac5f54c635de34d50c4fbb18dac,18e7c1423d877ba72c362a7227d9fd5d128882f0e5c56052a25f20bb2283e2f6,1.505977910999718,
formal,qqp,bert-base-uncased,128,128,4,fp32_cpu,PASS,fp32_cpu,cpu,fp32,none,8,8,8,1,5,3,0.765625,0.7608966376089663,417.7237939834595,35.92303811796782,27.837289171258167,0.0,256,256,256,"{""0"":128,""1"":128}","{""0"":128,""1"":128}","{""0"":128,""1"":128}",3d0693202c708e4f25979b6e53e6369a29f1ccaad9febe8349503673e6ef2f15,44855270c336c9f55b970b65441004f94bd30ef21a1a39576400e9e544727f24,8a123c29aa2594c3eded9fbbbb3064e12381c77e4ecb1598cd1a981c1596d652,1.2005384009999034,
formal,qqp,bert-base-uncased,128,128,4,dynamic_int8_cpu,PASS,fp32_cpu,cpu,int8_dynamic,dynamic_int8_linear,8,8,8,1,5,3,0.515625,0.39581271412257324,173.08754062652588,23.530326294530823,42.49834819470527,0.0,256,256,256,"{""0"":128,""1"":128}","{""0"":128,""1"":128}","{""0"":128,""1"":128}",3d0693202c708e4f25979b6e53e6369a29f1ccaad9febe8349503673e6ef2f15,44855270c336c9f55b970b65441004f94bd30ef21a1a39576400e9e544727f24,8a123c29aa2594c3eded9fbbbb3064e12381c77e4ecb1598cd1a981c1596d652,1.2005384009999034,
formal,qqp,bert-base-uncased,128,128,4,fp32_gpu,PASS,fp32_gpu,cuda,fp32,none,8,8,8,1,5,3,0.765625,0.7608966376089663,417.7237939834595,0.8211155320310581,1217.8554186235704,463.36376953125,256,256,256,"{""0"":128,""1"":128}","{""0"":128,""1"":128}","{""0"":128,""1"":128}",3d0693202c708e4f25979b6e53e6369a29f1ccaad9febe8349503673e6ef2f15,44855270c336c9f55b970b65441004f94bd30ef21a1a39576400e9e544727f24,8a123c29aa2594c3eded9fbbbb3064e12381c77e4ecb1598cd1a981c1596d652,1.2005384009999034,
formal,qqp,bert-base-uncased,128,128,4,bf16_gpu,PASS,fp32_gpu,cuda,bf16,none,8,8,8,1,5,3,0.765625,0.7608966376089663,417.7237939834595,1.0434751257804464,958.3362126165393,638.77880859375,256,256,256,"{""0"":128,""1"":128}","{""0"":128,""1"":128}","{""0"":128,""1"":128}",3d0693202c708e4f25979b6e53e6369a29f1ccaad9febe8349503673e6ef2f15,44855270c336c9f55b970b65441004f94bd30ef21a1a39576400e9e544727f24,8a123c29aa2594c3eded9fbbbb3064e12381c77e4ecb1598cd1a981c1596d652,1.2005384009999034,
formal,qqp,bert-base-uncased,128,128,5,fp32_cpu,PASS,fp32_cpu,cpu,fp32,none,8,8,8,1,5,3,0.65234375,0.6520836196497015,417.7237939834595,35.01922373124984,28.555744344145403,0.0,256,256,256,"{""0"":128,""1"":128}","{""0"":128,""1"":128}","{""0"":128,""1"":128}",19f8e005f90718dcf071733633801a85eaf613efee005244fece4c5ea6374ca5,8301e393d20b677eea9d1454e232e3bc282f32d60ea4f292181cda3de709d227,b4056601b3ca78730204d5ace3052387e1c2602b31b81d0ff2f349fe64ecb9ba,1.3547263210002711,
formal,qqp,bert-base-uncased,128,128,5,dynamic_int8_cpu,PASS,fp32_cpu,cpu,int8_dynamic,dynamic_int8_linear,8,8,8,1,5,3,0.5,0.3401530406766009,173.08754062652588,22.50961579765658,44.42545839028081,0.0,256,256,256,"{""0"":128,""1"":128}","{""0"":128,""1"":128}","{""0"":128,""1"":128}",19f8e005f90718dcf071733633801a85eaf613efee005244fece4c5ea6374ca5,8301e393d20b677eea9d1454e232e3bc282f32d60ea4f292181cda3de709d227,b4056601b3ca78730204d5ace3052387e1c2602b31b81d0ff2f349fe64ecb9ba,1.3547263210002711,
formal,qqp,bert-base-uncased,128,128,5,fp32_gpu,PASS,fp32_gpu,cuda,fp32,none,8,8,8,1,5,3,0.65234375,0.6520836196497015,417.7237939834595,0.7936157632812524,1260.0556166695071,462.32470703125,256,256,256,"{""0"":128,""1"":128}","{""0"":128,""1"":128}","{""0"":128,""1"":128}",19f8e005f90718dcf071733633801a85eaf613efee005244fece4c5ea6374ca5,8301e393d20b677eea9d1454e232e3bc282f32d60ea4f292181cda3de709d227,b4056601b3ca78730204d5ace3052387e1c2602b31b81d0ff2f349fe64ecb9ba,1.3547263210002711,
formal,qqp,bert-base-uncased,128,128,5,bf16_gpu,PASS,fp32_gpu,cuda,bf16,none,8,8,8,1,5,3,0.65234375,0.6520836196497015,417.7237939834595,0.9825498250009446,1017.7600917073479,636.73876953125,256,256,256,"{""0"":128,""1"":128}","{""0"":128,""1"":128}","{""0"":128,""1"":128}",19f8e005f90718dcf071733633801a85eaf613efee005244fece4c5ea6374ca5,8301e393d20b677eea9d1454e232e3bc282f32d60ea4f292181cda3de709d227,b4056601b3ca78730204d5ace3052387e1c2602b31b81d0ff2f349fe64ecb9ba,1.3547263210002711,
formal,qqp,bert-base-uncased,256,256,1,fp32_cpu,PASS,fp32_cpu,cpu,fp32,none,8,8,8,1,5,3,0.6328125,0.6066688460281138,417.7237939834595,33.89705453359397,29.501088332289793,0.0,512,512,256,"{""0"":256,""1"":256}","{""0"":256,""1"":256}","{""0"":128,""1"":128}",306133225a3f0069a5d42997f0bbc2d13c311f4c5e4e9f20ea677d74ac38b117,e040438d19e636543079375c36fe5f1702f909150357268215b6d48a7fae8a78,de838721269c5bb5d599561076cb09d48d8f19b05b4228afb0490b8f8b7976c8,2.4352510210010223,
formal,qqp,bert-base-uncased,256,256,1,dynamic_int8_cpu,PASS,fp32_cpu,cpu,int8_dynamic,dynamic_int8_linear,8,8,8,1,5,3,0.51171875,0.36516753625488524,173.08754062652588,21.852933332812086,45.760447111166734,0.0,512,512,256,"{""0"":256,""1"":256}","{""0"":256,""1"":256}","{""0"":128,""1"":128}",306133225a3f0069a5d42997f0bbc2d13c311f4c5e4e9f20ea677d74ac38b117,e040438d19e636543079375c36fe5f1702f909150357268215b6d48a7fae8a78,de838721269c5bb5d599561076cb09d48d8f19b05b4228afb0490b8f8b7976c8,2.4352510210010223,
formal,qqp,bert-base-uncased,256,256,1,fp32_gpu,PASS,fp32_gpu,cuda,fp32,none,8,8,8,1,5,3,0.6328125,0.6066688460281138,417.7237939834595,0.7764419718753857,1287.9262536318606,461.8818359375,512,512,256,"{""0"":256,""1"":256}","{""0"":256,""1"":256}","{""0"":128,""1"":128}",306133225a3f0069a5d42997f0bbc2d13c311f4c5e4e9f20ea677d74ac38b117,e040438d19e636543079375c36fe5f1702f909150357268215b6d48a7fae8a78,de838721269c5bb5d599561076cb09d48d8f19b05b4228afb0490b8f8b7976c8,2.4352510210010223,
formal,qqp,bert-base-uncased,256,256,1,bf16_gpu,PASS,fp32_gpu,cuda,bf16,none,8,8,8,1,5,3,0.6328125,0.6066688460281138,417.7237939834595,1.013716022656297,986.4695611495258,637.9833984375,512,512,256,"{""0"":256,""1"":256}","{""0"":256,""1"":256}","{""0"":128,""1"":128}",306133225a3f0069a5d42997f0bbc2d13c311f4c5e4e9f20ea677d74ac38b117,e040438d19e636543079375c36fe5f1702f909150357268215b6d48a7fae8a78,de838721269c5bb5d599561076cb09d48d8f19b05b4228afb0490b8f8b7976c8,2.4352510210010223,
formal,qqp,bert-base-uncased,256,256,2,fp32_cpu,PASS,fp32_cpu,cpu,fp32,none,8,8,8,1,5,3,0.80859375,0.806105572300796,417.7237939834595,28.484576918749838,35.10671767575929,0.0,512,512,256,"{""0"":256,""1"":256}","{""0"":256,""1"":256}","{""0"":128,""1"":128}",836103a0469dc840801b7ecc2a2bf75b4e70b1b21cd29fd7a6eb5bc00a33f524,7361b4ea7e1d6023164086315f4a9bef3d1c2babf6dcf5d9a3a5cbedcd84977f,ddded1247213d270f904fee9bc94c2ac3cdba5834292d453f04972d45c5db815,2.7013255050005682,
formal,qqp,bert-base-uncased,256,256,2,dynamic_int8_cpu,PASS,fp32_cpu,cpu,int8_dynamic,dynamic_int8_linear,8,8,8,1,5,3,0.6640625,0.6334332334332334,173.08754062652588,17.450688466405495,57.30432939222487,0.0,512,512,256,"{""0"":256,""1"":256}","{""0"":256,""1"":256}","{""0"":128,""1"":128}",836103a0469dc840801b7ecc2a2bf75b4e70b1b21cd29fd7a6eb5bc00a33f524,7361b4ea7e1d6023164086315f4a9bef3d1c2babf6dcf5d9a3a5cbedcd84977f,ddded1247213d270f904fee9bc94c2ac3cdba5834292d453f04972d45c5db815,2.7013255050005682,
formal,qqp,bert-base-uncased,256,256,2,fp32_gpu,PASS,fp32_gpu,cuda,fp32,none,8,8,8,1,5,3,0.80859375,0.806105572300796,417.7237939834595,0.7687773835939993,1300.7666736045817,458.17333984375,512,512,256,"{""0"":256,""1"":256}","{""0"":256,""1"":256}","{""0"":128,""1"":128}",836103a0469dc840801b7ecc2a2bf75b4e70b1b21cd29fd7a6eb5bc00a33f524,7361b4ea7e1d6023164086315f4a9bef3d1c2babf6dcf5d9a3a5cbedcd84977f,ddded1247213d270f904fee9bc94c2ac3cdba5834292d453f04972d45c5db815,2.7013255050005682,
formal,qqp,bert-base-uncased,256,256,2,bf16_gpu,PASS,fp32_gpu,cuda,bf16,none,8,8,8,1,5,3,0.80859375,0.806105572300796,417.7237939834595,1.0166099929691086,983.6613912080508,635.29736328125,512,512,256,"{""0"":256,""1"":256}","{""0"":256,""1"":256}","{""0"":128,""1"":128}",836103a0469dc840801b7ecc2a2bf75b4e70b1b21cd29fd7a6eb5bc00a33f524,7361b4ea7e1d6023164086315f4a9bef3d1c2babf6dcf5d9a3a5cbedcd84977f,ddded1247213d270f904fee9bc94c2ac3cdba5834292d453f04972d45c5db815,2.7013255050005682,
formal,qqp,bert-base-uncased,256,256,3,fp32_cpu,PASS,fp32_cpu,cpu,fp32,none,8,8,8,1,5,3,0.75,0.7496179473072926,417.7237939834595,29.343437739062495,34.07916989456156,0.0,512,512,256,"{""0"":256,""1"":256}","{""0"":256,""1"":256}","{""0"":128,""1"":128}",dafc098887887be27512b3ed45286be24d1a3ec53a3d018263fdd454f11ab9e2,56f45d45e3762537c0e647d4b12793052f26a128f0c5dd6e6d0ebfed5cd60be2,18e7c1423d877ba72c362a7227d9fd5d128882f0e5c56052a25f20bb2283e2f6,3.046985113998744,
formal,qqp,bert-base-uncased,256,256,3,dynamic_int8_cpu,PASS,fp32_cpu,cpu,int8_dynamic,dynamic_int8_linear,8,8,8,1,5,3,0.59765625,0.5334005768788377,173.08754062652588,19.329585264061677,51.73416740912901,0.0,512,512,256,"{""0"":256,""1"":256}","{""0"":256,""1"":256}","{""0"":128,""1"":128}",dafc098887887be27512b3ed45286be24d1a3ec53a3d018263fdd454f11ab9e2,56f45d45e3762537c0e647d4b12793052f26a128f0c5dd6e6d0ebfed5cd60be2,18e7c1423d877ba72c362a7227d9fd5d128882f0e5c56052a25f20bb2283e2f6,3.046985113998744,
formal,qqp,bert-base-uncased,256,256,3,fp32_gpu,PASS,fp32_gpu,cuda,fp32,none,8,8,8,1,5,3,0.75,0.7496179473072926,417.7237939834595,0.771318548437705,1296.4812035513553,458.74072265625,512,512,256,"{""0"":256,""1"":256}","{""0"":256,""1"":256}","{""0"":128,""1"":128}",dafc098887887be27512b3ed45286be24d1a3ec53a3d018263fdd454f11ab9e2,56f45d45e3762537c0e647d4b12793052f26a128f0c5dd6e6d0ebfed5cd60be2,18e7c1423d877ba72c362a7227d9fd5d128882f0e5c56052a25f20bb2283e2f6,3.046985113998744,
formal,qqp,bert-base-uncased,256,256,3,bf16_gpu,PASS,fp32_gpu,cuda,bf16,none,8,8,8,1,5,3,0.75390625,0.7536017110992286,417.7237939834595,1.0242332367184304,976.3401187838115,639.76806640625,512,512,256,"{""0"":256,""1"":256}","{""0"":256,""1"":256}","{""0"":128,""1"":128}",dafc098887887be27512b3ed45286be24d1a3ec53a3d018263fdd454f11ab9e2,56f45d45e3762537c0e647d4b12793052f26a128f0c5dd6e6d0ebfed5cd60be2,18e7c1423d877ba72c362a7227d9fd5d128882f0e5c56052a25f20bb2283e2f6,3.046985113998744,
formal,qqp,bert-base-uncased,256,256,4,fp32_cpu,PASS,fp32_cpu,cpu,fp32,none,8,8,8,1,5,3,0.77734375,0.7702445245705468,417.7237939834595,36.520457110155746,27.38191356651766,0.0,512,512,256,"{""0"":256,""1"":256}","{""0"":256,""1"":256}","{""0"":128,""1"":128}",aa86cb19e89b6cd83556653aca5c29b5bd2b7e82c67f8386ead24d912ae9fac8,9e98231fdc9e626510c1960edad4cba49cbad22d31aaaace5612c0d219a207eb,8a123c29aa2594c3eded9fbbbb3064e12381c77e4ecb1598cd1a981c1596d652,2.805906251000124,
formal,qqp,bert-base-uncased,256,256,4,dynamic_int8_cpu,PASS,fp32_cpu,cpu,int8_dynamic,dynamic_int8_linear,8,8,8,1,5,3,0.68359375,0.6744076499128551,173.08754062652588,23.466674739061943,42.6136217048012,0.0,512,512,256,"{""0"":256,""1"":256}","{""0"":256,""1"":256}","{""0"":128,""1"":128}",aa86cb19e89b6cd83556653aca5c29b5bd2b7e82c67f8386ead24d912ae9fac8,9e98231fdc9e626510c1960edad4cba49cbad22d31aaaace5612c0d219a207eb,8a123c29aa2594c3eded9fbbbb3064e12381c77e4ecb1598cd1a981c1596d652,2.805906251000124,
formal,qqp,bert-base-uncased,256,256,4,fp32_gpu,PASS,fp32_gpu,cuda,fp32,none,8,8,8,1,5,3,0.77734375,0.7702445245705468,417.7237939834595,0.8185286312496487,1221.704362953436,463.36376953125,512,512,256,"{""0"":256,""1"":256}","{""0"":256,""1"":256}","{""0"":128,""1"":128}",aa86cb19e89b6cd83556653aca5c29b5bd2b7e82c67f8386ead24d912ae9fac8,9e98231fdc9e626510c1960edad4cba49cbad22d31aaaace5612c0d219a207eb,8a123c29aa2594c3eded9fbbbb3064e12381c77e4ecb1598cd1a981c1596d652,2.805906251000124,
formal,qqp,bert-base-uncased,256,256,4,bf16_gpu,PASS,fp32_gpu,cuda,bf16,none,8,8,8,1,5,3,0.78125,0.7745911949685534,417.7237939834595,1.038096207031458,963.3018531679273,638.77880859375,512,512,256,"{""0"":256,""1"":256}","{""0"":256,""1"":256}","{""0"":128,""1"":128}",aa86cb19e89b6cd83556653aca5c29b5bd2b7e82c67f8386ead24d912ae9fac8,9e98231fdc9e626510c1960edad4cba49cbad22d31aaaace5612c0d219a207eb,8a123c29aa2594c3eded9fbbbb3064e12381c77e4ecb1598cd1a981c1596d652,2.805906251000124,
formal,qqp,bert-base-uncased,256,256,5,fp32_cpu,PASS,fp32_cpu,cpu,fp32,none,8,8,8,1,5,3,0.74609375,0.7318507775360568,417.7237939834595,34.82007938437448,28.71906146339087,0.0,512,512,256,"{""0"":256,""1"":256}","{""0"":256,""1"":256}","{""0"":128,""1"":128}",1b35fc2ba4686462bf1f0f9212575ff117f32e56a298eb8baabd3844d48ebc23,63d20b7983f072ec9b8855b56c43371fe31d66d45ac9c68e0a1b4e501f2b8b47,b4056601b3ca78730204d5ace3052387e1c2602b31b81d0ff2f349fe64ecb9ba,2.6743292579994886,
formal,qqp,bert-base-uncased,256,256,5,dynamic_int8_cpu,PASS,fp32_cpu,cpu,int8_dynamic,dynamic_int8_linear,8,8,8,1,5,3,0.65234375,0.6422503807684457,173.08754062652588,22.552071895312054,44.341823875076955,0.0,512,512,256,"{""0"":256,""1"":256}","{""0"":256,""1"":256}","{""0"":128,""1"":128}",1b35fc2ba4686462bf1f0f9212575ff117f32e56a298eb8baabd3844d48ebc23,63d20b7983f072ec9b8855b56c43371fe31d66d45ac9c68e0a1b4e501f2b8b47,b4056601b3ca78730204d5ace3052387e1c2602b31b81d0ff2f349fe64ecb9ba,2.6743292579994886,
formal,qqp,bert-base-uncased,256,256,5,fp32_gpu,PASS,fp32_gpu,cuda,fp32,none,8,8,8,1,5,3,0.74609375,0.7318507775360568,417.7237939834595,0.7956362531245986,1256.8557504422783,462.32470703125,512,512,256,"{""0"":256,""1"":256}","{""0"":256,""1"":256}","{""0"":128,""1"":128}",1b35fc2ba4686462bf1f0f9212575ff117f32e56a298eb8baabd3844d48ebc23,63d20b7983f072ec9b8855b56c43371fe31d66d45ac9c68e0a1b4e501f2b8b47,b4056601b3ca78730204d5ace3052387e1c2602b31b81d0ff2f349fe64ecb9ba,2.6743292579994886,
formal,qqp,bert-base-uncased,256,256,5,bf16_gpu,PASS,fp32_gpu,cuda,bf16,none,8,8,8,1,5,3,0.74609375,0.7318507775360568,417.7237939834595,0.9844688171867233,1015.7762059520173,636.73876953125,512,512,256,"{""0"":256,""1"":256}","{""0"":256,""1"":256}","{""0"":128,""1"":128}",1b35fc2ba4686462bf1f0f9212575ff117f32e56a298eb8baabd3844d48ebc23,63d20b7983f072ec9b8855b56c43371fe31d66d45ac9c68e0a1b4e501f2b8b47,b4056601b3ca78730204d5ace3052387e1c2602b31b81d0ff2f349fe64ecb9ba,2.6743292579994886,
