matrix,dataset,backbone,label_budget_per_class,validation_budget_per_class,seed,method,status,reference_method,device,inference_dtype,quantization,batch_size,requested_batch_size,max_inference_batch_size,warmup_repeats,timing_repeats,max_epochs,accuracy,macro_f1,model_size_mb,latency_ms_per_example,throughput_examples_per_second,peak_memory_mb,train_examples,validation_examples,test_examples,train_class_counts,validation_class_counts,test_class_counts,train_index_hash,validation_index_hash,test_index_hash,fine_tune_seconds,failure_reason,accuracy_delta_vs_fp32_cpu,macro_f1_delta_vs_fp32_cpu,model_size_reduction_vs_fp32_cpu,latency_reduction_vs_fp32_cpu,throughput_gain_vs_fp32_cpu,peak_memory_reduction_vs_fp32_cpu,best_deployment_improvement_vs_fp32_cpu
strengthened,sst2,albert-base-v2,64,64,6,fp32_cpu,PASS,fp32_cpu,cpu,fp32,none,8,8,8,1,5,3,0.5546875,0.4538513361778576,44.58638572692871,26.595665680468983,37.600111687911934,0.0,128,128,256,"{""0"":64,""1"":64}","{""0"":64,""1"":64}","{""0"":128,""1"":128}",b9b8ee95f7ce41afcab2351900a9de15cd69e4f080cbbf49b4f1a9164f8eb810,3fe1ca6d9d4de24a08993f23dc82a3c0a95ec68689955242d693d63fa3fed1e1,051d35538d40d9eaeb2f24aee1e8b19dd8153f57d6187bea7834e36fcaa4c06b,1.0049638539931038,,0.0,0.0,0.0,0.0,0.0,0.0,0.0
strengthened,sst2,albert-base-v2,64,64,6,dynamic_int8_cpu,PASS,fp32_cpu,cpu,int8_dynamic,dynamic_int8_linear,8,8,8,1,5,3,0.4609375,0.45238095238095244,22.370460510253906,15.569306292189822,64.22893745122346,0.0,128,128,256,"{""0"":64,""1"":64}","{""0"":64,""1"":64}","{""0"":128,""1"":128}",b9b8ee95f7ce41afcab2351900a9de15cd69e4f080cbbf49b4f1a9164f8eb810,3fe1ca6d9d4de24a08993f23dc82a3c0a95ec68689955242d693d63fa3fed1e1,051d35538d40d9eaeb2f24aee1e8b19dd8153f57d6187bea7834e36fcaa4c06b,1.0049638539931038,,-0.09375,-0.0014703837969051725,0.4982670125526034,0.4145923445103527,0.7082113474644925,0.0,0.7082113474644925
strengthened,sst2,albert-base-v2,64,64,6,fp32_gpu,PASS,fp32_gpu,cuda,fp32,none,8,8,8,1,5,3,0.5546875,0.4538513361778576,44.58638572692871,0.854401971093921,1170.4092848939297,87.5791015625,128,128,256,"{""0"":64,""1"":64}","{""0"":64,""1"":64}","{""0"":128,""1"":128}",b9b8ee95f7ce41afcab2351900a9de15cd69e4f080cbbf49b4f1a9164f8eb810,3fe1ca6d9d4de24a08993f23dc82a3c0a95ec68689955242d693d63fa3fed1e1,051d35538d40d9eaeb2f24aee1e8b19dd8153f57d6187bea7834e36fcaa4c06b,1.0049638539931038,,0.0,0.0,0.0,0.9678743904604965,30.127814050355727,0.0,30.127814050355727
strengthened,sst2,albert-base-v2,64,64,6,bf16_gpu,PASS,fp32_gpu,cuda,bf16,none,8,8,8,1,5,3,0.55859375,0.4608517379554562,44.58638572692871,0.948305721090037,1054.5122503853954,96.3046875,128,128,256,"{""0"":64,""1"":64}","{""0"":64,""1"":64}","{""0"":128,""1"":128}",b9b8ee95f7ce41afcab2351900a9de15cd69e4f080cbbf49b4f1a9164f8eb810,3fe1ca6d9d4de24a08993f23dc82a3c0a95ec68689955242d693d63fa3fed1e1,051d35538d40d9eaeb2f24aee1e8b19dd8153f57d6187bea7834e36fcaa4c06b,1.0049638539931038,,0.00390625,0.007000401777598586,0.0,0.9643435989727287,27.045455267208972,0.0,27.045455267208972
strengthened,sst2,albert-base-v2,64,64,7,fp32_cpu,PASS,fp32_cpu,cpu,fp32,none,8,8,8,1,5,3,0.59765625,0.5234842324026385,44.58638572692871,24.485936474218306,40.839769434708714,0.0,128,128,256,"{""0"":64,""1"":64}","{""0"":64,""1"":64}","{""0"":128,""1"":128}",1d5054eb18b5288d6094042e31f812365997095a88d5625614461dd5bedd5e6e,7e7a88b9fd85128a0c479668d85ebc1414dfe670d8bec9563640301d08d24fc6,86ff21db0062c5ce97222583d8b206e4716eab415bae36eba2edda1aae31aab8,0.45908255399990594,,0.0,0.0,0.0,0.0,0.0,0.0,0.0
strengthened,sst2,albert-base-v2,64,64,7,dynamic_int8_cpu,PASS,fp32_cpu,cpu,int8_dynamic,dynamic_int8_linear,8,8,8,1,5,3,0.5,0.3591989987484355,22.370460510253906,16.545151310936035,60.44066815750538,0.0,128,128,256,"{""0"":64,""1"":64}","{""0"":64,""1"":64}","{""0"":128,""1"":128}",1d5054eb18b5288d6094042e31f812365997095a88d5625614461dd5bedd5e6e,7e7a88b9fd85128a0c479668d85ebc1414dfe670d8bec9563640301d08d24fc6,86ff21db0062c5ce97222583d8b206e4716eab415bae36eba2edda1aae31aab8,0.45908255399990594,,-0.09765625,-0.164285233654203,0.4982670125526034,0.32429983519900374,0.47994636096398585,0.0,0.4982670125526034
strengthened,sst2,albert-base-v2,64,64,7,fp32_gpu,PASS,fp32_gpu,cuda,fp32,none,8,8,8,1,5,3,0.59765625,0.5234842324026385,44.58638572692871,0.8441961414064281,1184.5588376345847,88.3857421875,128,128,256,"{""0"":64,""1"":64}","{""0"":64,""1"":64}","{""0"":128,""1"":128}",1d5054eb18b5288d6094042e31f812365997095a88d5625614461dd5bedd5e6e,7e7a88b9fd85128a0c479668d85ebc1414dfe670d8bec9563640301d08d24fc6,86ff21db0062c5ce97222583d8b206e4716eab415bae36eba2edda1aae31aab8,0.45908255399990594,,0.0,0.0,0.0,0.9655232242272908,28.00503244829432,0.0,28.00503244829432
strengthened,sst2,albert-base-v2,64,64,7,bf16_gpu,PASS,fp32_gpu,cuda,bf16,none,8,8,8,1,5,3,0.60546875,0.5360904279178255,44.58638572692871,0.9383743875048367,1065.6727350146753,96.970703125,128,128,256,"{""0"":64,""1"":64}","{""0"":64,""1"":64}","{""0"":128,""1"":128}",1d5054eb18b5288d6094042e31f812365997095a88d5625614461dd5bedd5e6e,7e7a88b9fd85128a0c479668d85ebc1414dfe670d8bec9563640301d08d24fc6,86ff21db0062c5ce97222583d8b206e4716eab415bae36eba2edda1aae31aab8,0.45908255399990594,,0.0078125,0.012606195515186935,0.0,0.9616770063708665,25.09399489187582,0.0,25.09399489187582
strengthened,sst2,albert-base-v2,64,64,8,fp32_cpu,PASS,fp32_cpu,cpu,fp32,none,8,8,8,1,5,3,0.7578125,0.7568627450980392,44.58638572692871,23.67018542187793,42.24723981569311,0.0,128,128,256,"{""0"":64,""1"":64}","{""0"":64,""1"":64}","{""0"":128,""1"":128}",d82ab2ace3b40fb3fe408fc83a77fa98890ac78216b00901b97f6f8759d3b30b,34af2fc285cad4a3bfd6389fdbcd83869dc1cbfcd21cbe19c0d14190fe597bbc,5c5b00b985b2233459e47d9a4b0a5c8bf88628361f163097522bd283b41f3b17,0.4755046259961091,,0.0,0.0,0.0,0.0,0.0,0.0,0.0
strengthened,sst2,albert-base-v2,64,64,8,dynamic_int8_cpu,PASS,fp32_cpu,cpu,int8_dynamic,dynamic_int8_linear,8,8,8,1,5,3,0.50390625,0.3729241807626285,22.370460510253906,15.7001947078129,63.69347760396687,0.0,128,128,256,"{""0"":64,""1"":64}","{""0"":64,""1"":64}","{""0"":128,""1"":128}",d82ab2ace3b40fb3fe408fc83a77fa98890ac78216b00901b97f6f8759d3b30b,34af2fc285cad4a3bfd6389fdbcd83869dc1cbfcd21cbe19c0d14190fe597bbc,5c5b00b985b2233459e47d9a4b0a5c8bf88628361f163097522bd283b41f3b17,0.4755046259961091,,-0.25390625,-0.3839385643354107,0.4982670125526034,0.3367101090259526,0.5076364250501251,0.0,0.5076364250501251
strengthened,sst2,albert-base-v2,64,64,8,fp32_gpu,PASS,fp32_gpu,cuda,fp32,none,8,8,8,1,5,3,0.7578125,0.7568627450980392,44.58638572692871,0.8676742539080351,1152.5062493164517,87.17578125,128,128,256,"{""0"":64,""1"":64}","{""0"":64,""1"":64}","{""0"":128,""1"":128}",d82ab2ace3b40fb3fe408fc83a77fa98890ac78216b00901b97f6f8759d3b30b,34af2fc285cad4a3bfd6389fdbcd83869dc1cbfcd21cbe19c0d14190fe597bbc,5c5b00b985b2233459e47d9a4b0a5c8bf88628361f163097522bd283b41f3b17,0.4755046259961091,,0.0,0.0,0.0,0.9633431577132446,26.280036621193485,0.0,26.280036621193485
strengthened,sst2,albert-base-v2,64,64,8,bf16_gpu,PASS,fp32_gpu,cuda,bf16,none,8,8,8,1,5,3,0.7578125,0.7566092130282771,44.58638572692871,0.9568212453132219,1045.127295091199,96.8076171875,128,128,256,"{""0"":64,""1"":64}","{""0"":64,""1"":64}","{""0"":128,""1"":128}",d82ab2ace3b40fb3fe408fc83a77fa98890ac78216b00901b97f6f8759d3b30b,34af2fc285cad4a3bfd6389fdbcd83869dc1cbfcd21cbe19c0d14190fe597bbc,5c5b00b985b2233459e47d9a4b0a5c8bf88628361f163097522bd283b41f3b17,0.4755046259961091,,0.0,-0.00025353206976208575,0.0,0.9595769433885022,23.73835686427441,0.0,23.73835686427441
strengthened,sst2,albert-base-v2,128,128,6,fp32_cpu,PASS,fp32_cpu,cpu,fp32,none,8,8,8,1,5,3,0.75,0.7354688710927408,44.58638572692871,23.770917219536614,42.068212629932916,0.0,256,256,256,"{""0"":128,""1"":128}","{""0"":128,""1"":128}","{""0"":128,""1"":128}",9f0e22195dcad97529fa0f97799bbc27d961771cb3ca1284f3b3a4d2ea1fd374,5be617f6386af5307cc016ad708fa9da507cf547f844a2617e3cf91f87a2a402,051d35538d40d9eaeb2f24aee1e8b19dd8153f57d6187bea7834e36fcaa4c06b,0.9825852259964449,,0.0,0.0,0.0,0.0,0.0,0.0,0.0
strengthened,sst2,albert-base-v2,128,128,6,dynamic_int8_cpu,PASS,fp32_cpu,cpu,int8_dynamic,dynamic_int8_linear,8,8,8,1,5,3,0.48046875,0.4798258345428157,22.370460510253906,16.190994944531667,61.762726961862164,0.0,256,256,256,"{""0"":128,""1"":128}","{""0"":128,""1"":128}","{""0"":128,""1"":128}",9f0e22195dcad97529fa0f97799bbc27d961771cb3ca1284f3b3a4d2ea1fd374,5be617f6386af5307cc016ad708fa9da507cf547f844a2617e3cf91f87a2a402,051d35538d40d9eaeb2f24aee1e8b19dd8153f57d6187bea7834e36fcaa4c06b,0.9825852259964449,,-0.26953125,-0.25564303654992515,0.4982670125526034,0.31887378198327293,0.4681566698632676,0.0,0.4982670125526034
strengthened,sst2,albert-base-v2,128,128,6,fp32_gpu,PASS,fp32_gpu,cuda,fp32,none,8,8,8,1,5,3,0.75,0.7354688710927408,44.58638572692871,0.8466770484403696,1181.0878797790263,87.5791015625,256,256,256,"{""0"":128,""1"":128}","{""0"":128,""1"":128}","{""0"":128,""1"":128}",9f0e22195dcad97529fa0f97799bbc27d961771cb3ca1284f3b3a4d2ea1fd374,5be617f6386af5307cc016ad708fa9da507cf547f844a2617e3cf91f87a2a402,051d35538d40d9eaeb2f24aee1e8b19dd8153f57d6187bea7834e36fcaa4c06b,0.9825852259964449,,0.0,0.0,0.0,0.9643818098973265,27.075542219225245,0.0,27.075542219225245
strengthened,sst2,albert-base-v2,128,128,6,bf16_gpu,PASS,fp32_gpu,cuda,bf16,none,8,8,8,1,5,3,0.74609375,0.7308096740273397,44.58638572692871,0.9528627234374198,1049.469115963036,96.3046875,256,256,256,"{""0"":128,""1"":128}","{""0"":128,""1"":128}","{""0"":128,""1"":128}",9f0e22195dcad97529fa0f97799bbc27d961771cb3ca1284f3b3a4d2ea1fd374,5be617f6386af5307cc016ad708fa9da507cf547f844a2617e3cf91f87a2a402,051d35538d40d9eaeb2f24aee1e8b19dd8153f57d6187bea7834e36fcaa4c06b,0.9825852259964449,,-0.00390625,-0.004659197065401188,0.0,0.9599147683432977,23.946843480017602,0.0,23.946843480017602
strengthened,sst2,albert-base-v2,128,128,7,fp32_cpu,PASS,fp32_cpu,cpu,fp32,none,8,8,8,1,5,3,0.5,0.3333333333333333,44.58638572692871,25.127203681250876,39.797504437239404,0.0,256,256,256,"{""0"":128,""1"":128}","{""0"":128,""1"":128}","{""0"":128,""1"":128}",a56659195aaacc64d97afea00e54775624276ae07bf3b3e37efc176ead91b628,c2aedf5dc32d44f87133a0a46a4a9bd3345e864631754f034b204ad20e883f84,86ff21db0062c5ce97222583d8b206e4716eab415bae36eba2edda1aae31aab8,0.9785085370021989,,0.0,0.0,0.0,0.0,0.0,0.0,0.0
strengthened,sst2,albert-base-v2,128,128,7,dynamic_int8_cpu,PASS,fp32_cpu,cpu,int8_dynamic,dynamic_int8_linear,8,8,8,1,5,3,0.48046875,0.33101483446311036,22.370460510253906,16.79293821406418,59.548840545515404,0.0,256,256,256,"{""0"":128,""1"":128}","{""0"":128,""1"":128}","{""0"":128,""1"":128}",a56659195aaacc64d97afea00e54775624276ae07bf3b3e37efc176ead91b628,c2aedf5dc32d44f87133a0a46a4a9bd3345e864631754f034b204ad20e883f84,86ff21db0062c5ce97222583d8b206e4716eab415bae36eba2edda1aae31aab8,0.9785085370021989,,-0.01953125,-0.0023184988702229514,0.4982670125526034,0.3316829669114937,0.49629584536949606,0.0,0.4982670125526034
strengthened,sst2,albert-base-v2,128,128,7,fp32_gpu,PASS,fp32_gpu,cuda,fp32,none,8,8,8,1,5,3,0.5,0.3333333333333333,44.58638572692871,0.8555556257817898,1168.831072890462,88.3857421875,256,256,256,"{""0"":128,""1"":128}","{""0"":128,""1"":128}","{""0"":128,""1"":128}",a56659195aaacc64d97afea00e54775624276ae07bf3b3e37efc176ead91b628,c2aedf5dc32d44f87133a0a46a4a9bd3345e864631754f034b204ad20e883f84,86ff21db0062c5ce97222583d8b206e4716eab415bae36eba2edda1aae31aab8,0.9785085370021989,,0.0,0.0,0.0,0.9659510211866441,28.36945643749363,0.0,28.36945643749363
strengthened,sst2,albert-base-v2,128,128,7,bf16_gpu,PASS,fp32_gpu,cuda,bf16,none,8,8,8,1,5,3,0.5,0.3333333333333333,44.58638572692871,0.940833067187441,1062.887811744792,96.970703125,256,256,256,"{""0"":128,""1"":128}","{""0"":128,""1"":128}","{""0"":128,""1"":128}",a56659195aaacc64d97afea00e54775624276ae07bf3b3e37efc176ead91b628,c2aedf5dc32d44f87133a0a46a4a9bd3345e864631754f034b204ad20e883f84,86ff21db0062c5ce97222583d8b206e4716eab415bae36eba2edda1aae31aab8,0.9785085370021989,,0.0,0.0,0.0,0.9625571918339063,25.70739853603043,0.0,25.70739853603043
strengthened,sst2,albert-base-v2,128,128,8,fp32_cpu,PASS,fp32_cpu,cpu,fp32,none,8,8,8,1,5,3,0.83203125,0.8311008822401227,44.58638572692871,24.12462029608946,41.45142960704329,0.0,256,256,256,"{""0"":128,""1"":128}","{""0"":128,""1"":128}","{""0"":128,""1"":128}",6c3c9ca10607e0e2f6c98f731cdda8fcefb7118375cc0d1cb91c5446e2feeb61,7649be811740426ca2a0a9be6d783bc90e55551fef5e0ef04e1d1c0207382e9c,5c5b00b985b2233459e47d9a4b0a5c8bf88628361f163097522bd283b41f3b17,0.9241569570003776,,0.0,0.0,0.0,0.0,0.0,0.0,0.0
strengthened,sst2,albert-base-v2,128,128,8,dynamic_int8_cpu,PASS,fp32_cpu,cpu,int8_dynamic,dynamic_int8_linear,8,8,8,1,5,3,0.4921875,0.3298429319371728,22.370460510253906,15.827940549218056,63.17941344866896,0.0,256,256,256,"{""0"":128,""1"":128}","{""0"":128,""1"":128}","{""0"":128,""1"":128}",6c3c9ca10607e0e2f6c98f731cdda8fcefb7118375cc0d1cb91c5446e2feeb61,7649be811740426ca2a0a9be6d783bc90e55551fef5e0ef04e1d1c0207382e9c,5c5b00b985b2233459e47d9a4b0a5c8bf88628361f163097522bd283b41f3b17,0.9241569570003776,,-0.33984375,-0.50125795030295,0.4982670125526034,0.34390923649962174,0.5241793599787865,0.0,0.5241793599787865
strengthened,sst2,albert-base-v2,128,128,8,fp32_gpu,PASS,fp32_gpu,cuda,fp32,none,8,8,8,1,5,3,0.83203125,0.8311008822401227,44.58638572692871,0.847432742187948,1180.0346507949948,87.17578125,256,256,256,"{""0"":128,""1"":128}","{""0"":128,""1"":128}","{""0"":128,""1"":128}",6c3c9ca10607e0e2f6c98f731cdda8fcefb7118375cc0d1cb91c5446e2feeb61,7649be811740426ca2a0a9be6d783bc90e55551fef5e0ef04e1d1c0207382e9c,5c5b00b985b2233459e47d9a4b0a5c8bf88628361f163097522bd283b41f3b17,0.9241569570003776,,0.0,0.0,0.0,0.9648727013404926,27.467887886657767,0.0,27.467887886657767
strengthened,sst2,albert-base-v2,128,128,8,bf16_gpu,PASS,fp32_gpu,cuda,bf16,none,8,8,8,1,5,3,0.83203125,0.8312872622496054,44.58638572692871,0.9459696640647053,1057.1163515996207,96.8076171875,256,256,256,"{""0"":128,""1"":128}","{""0"":128,""1"":128}","{""0"":128,""1"":128}",6c3c9ca10607e0e2f6c98f731cdda8fcefb7118375cc0d1cb91c5446e2feeb61,7649be811740426ca2a0a9be6d783bc90e55551fef5e0ef04e1d1c0207382e9c,5c5b00b985b2233459e47d9a4b0a5c8bf88628361f163097522bd283b41f3b17,0.9241569570003776,,0.0,0.0001863800094826784,0.0,0.9607882050596235,24.50253059112825,0.0,24.50253059112825
strengthened,sst2,albert-base-v2,256,256,6,fp32_cpu,PASS,fp32_cpu,cpu,fp32,none,8,8,8,1,5,3,0.5,0.3333333333333333,44.58638572692871,24.962683022658894,40.05979642061269,0.0,512,512,256,"{""0"":256,""1"":256}","{""0"":256,""1"":256}","{""0"":128,""1"":128}",2c67d4274fad999bd11bb906e59700de7a3d970d44fe6bab7d8acb50b678646d,780a17f38b030ab71b094294d40319de00a25c61f7e75844f2457266e721c1ad,051d35538d40d9eaeb2f24aee1e8b19dd8153f57d6187bea7834e36fcaa4c06b,1.9364495229965542,,0.0,0.0,0.0,0.0,0.0,0.0,0.0
strengthened,sst2,albert-base-v2,256,256,6,dynamic_int8_cpu,PASS,fp32_cpu,cpu,int8_dynamic,dynamic_int8_linear,8,8,8,1,5,3,0.5,0.3333333333333333,22.370460510253906,16.047005624216126,62.31692213598564,0.0,512,512,256,"{""0"":256,""1"":256}","{""0"":256,""1"":256}","{""0"":128,""1"":128}",2c67d4274fad999bd11bb906e59700de7a3d970d44fe6bab7d8acb50b678646d,780a17f38b030ab71b094294d40319de00a25c61f7e75844f2457266e721c1ad,051d35538d40d9eaeb2f24aee1e8b19dd8153f57d6187bea7834e36fcaa4c06b,1.9364495229965542,,0.0,0.0,0.4982670125526034,0.35716022153347504,0.555597574228325,0.0,0.555597574228325
strengthened,sst2,albert-base-v2,256,256,6,fp32_gpu,PASS,fp32_gpu,cuda,fp32,none,8,8,8,1,5,3,0.5,0.3333333333333333,44.58638572692871,0.85092915234668,1175.18596847013,87.5791015625,512,512,256,"{""0"":256,""1"":256}","{""0"":256,""1"":256}","{""0"":128,""1"":128}",2c67d4274fad999bd11bb906e59700de7a3d970d44fe6bab7d8acb50b678646d,780a17f38b030ab71b094294d40319de00a25c61f7e75844f2457266e721c1ad,051d35538d40d9eaeb2f24aee1e8b19dd8153f57d6187bea7834e36fcaa4c06b,1.9364495229965542,,0.0,0.0,0.0,0.9659119513886275,28.33579482359627,0.0,28.33579482359627
strengthened,sst2,albert-base-v2,256,256,6,bf16_gpu,PASS,fp32_gpu,cuda,bf16,none,8,8,8,1,5,3,0.5,0.3333333333333333,44.58638572692871,0.9585069210913844,1043.289284610872,96.3046875,512,512,256,"{""0"":256,""1"":256}","{""0"":256,""1"":256}","{""0"":128,""1"":128}",2c67d4274fad999bd11bb906e59700de7a3d970d44fe6bab7d8acb50b678646d,780a17f38b030ab71b094294d40319de00a25c61f7e75844f2457266e721c1ad,051d35538d40d9eaeb2f24aee1e8b19dd8153f57d6187bea7834e36fcaa4c06b,1.9364495229965542,,0.0,0.0,0.0,0.9616024078733308,25.04329971267776,0.0,25.04329971267776
strengthened,sst2,albert-base-v2,256,256,7,fp32_cpu,PASS,fp32_cpu,cpu,fp32,none,8,8,8,1,5,3,0.8671875,0.8668950330315635,44.58638572692871,24.518269881252763,40.785912090992326,0.0,512,512,256,"{""0"":256,""1"":256}","{""0"":256,""1"":256}","{""0"":128,""1"":128}",c5c933c9957bb1c55f77fd6a4d1ef49be769341d05d77a628973f44998d62627,5884fe2b8c924158a2637beaa1c3b4787bf33f332c3b03e2e48ace8246280f17,86ff21db0062c5ce97222583d8b206e4716eab415bae36eba2edda1aae31aab8,1.923692108000978,,0.0,0.0,0.0,0.0,0.0,0.0,0.0
strengthened,sst2,albert-base-v2,256,256,7,dynamic_int8_cpu,PASS,fp32_cpu,cpu,int8_dynamic,dynamic_int8_linear,8,8,8,1,5,3,0.5,0.3333333333333333,22.370460510253906,15.857909232033764,63.060015375794336,0.0,512,512,256,"{""0"":256,""1"":256}","{""0"":256,""1"":256}","{""0"":128,""1"":128}",c5c933c9957bb1c55f77fd6a4d1ef49be769341d05d77a628973f44998d62627,5884fe2b8c924158a2637beaa1c3b4787bf33f332c3b03e2e48ace8246280f17,86ff21db0062c5ce97222583d8b206e4716eab415bae36eba2edda1aae31aab8,1.923692108000978,,-0.3671875,-0.5335616996982302,0.4982670125526034,0.3532207081153353,0.5461224756996743,0.0,0.5461224756996743
strengthened,sst2,albert-base-v2,256,256,7,fp32_gpu,PASS,fp32_gpu,cuda,fp32,none,8,8,8,1,5,3,0.8671875,0.8668950330315635,44.58638572692871,0.8702687609343229,1149.070315848632,88.3857421875,512,512,256,"{""0"":256,""1"":256}","{""0"":256,""1"":256}","{""0"":128,""1"":128}",c5c933c9957bb1c55f77fd6a4d1ef49be769341d05d77a628973f44998d62627,5884fe2b8c924158a2637beaa1c3b4787bf33f332c3b03e2e48ace8246280f17,86ff21db0062c5ce97222583d8b206e4716eab415bae36eba2edda1aae31aab8,1.923692108000978,,0.0,0.0,0.0,0.9645052948209959,27.17321611651311,0.0,27.17321611651311
strengthened,sst2,albert-base-v2,256,256,7,bf16_gpu,PASS,fp32_gpu,cuda,bf16,none,8,8,8,1,5,3,0.87109375,0.8707604754692735,44.58638572692871,0.9599196664055398,1041.7538414902392,96.970703125,512,512,256,"{""0"":256,""1"":256}","{""0"":256,""1"":256}","{""0"":128,""1"":128}",c5c933c9957bb1c55f77fd6a4d1ef49be769341d05d77a628973f44998d62627,5884fe2b8c924158a2637beaa1c3b4787bf33f332c3b03e2e48ace8246280f17,86ff21db0062c5ce97222583d8b206e4716eab415bae36eba2edda1aae31aab8,1.923692108000978,,0.00390625,0.0038654424377100316,0.0,0.960848800871569,24.542001835489497,0.0,24.542001835489497
strengthened,sst2,albert-base-v2,256,256,8,fp32_cpu,PASS,fp32_cpu,cpu,fp32,none,8,8,8,1,5,3,0.7734375,0.7636872930990578,44.58638572692871,22.501975466406066,44.440542631153996,0.0,512,512,256,"{""0"":256,""1"":256}","{""0"":256,""1"":256}","{""0"":128,""1"":128}",dd5e0b058bafcf2aeb1226750797e5e970ad261044cb4dc78b702395eaec1fde,c1672d5e5d0fa8bb910be7b43fd2f546e8a53125d9e54edccc16d8c00db5e2ee,5c5b00b985b2233459e47d9a4b0a5c8bf88628361f163097522bd283b41f3b17,1.8477732920000562,,0.0,0.0,0.0,0.0,0.0,0.0,0.0
strengthened,sst2,albert-base-v2,256,256,8,dynamic_int8_cpu,PASS,fp32_cpu,cpu,int8_dynamic,dynamic_int8_linear,8,8,8,1,5,3,0.5078125,0.35693779904306216,22.370460510253906,15.21442401171953,65.7271020729874,0.0,512,512,256,"{""0"":256,""1"":256}","{""0"":256,""1"":256}","{""0"":128,""1"":128}",dd5e0b058bafcf2aeb1226750797e5e970ad261044cb4dc78b702395eaec1fde,c1672d5e5d0fa8bb910be7b43fd2f546e8a53125d9e54edccc16d8c00db5e2ee,5c5b00b985b2233459e47d9a4b0a5c8bf88628361f163097522bd283b41f3b17,1.8477732920000562,,-0.265625,-0.40674949405599564,0.4982670125526034,0.3238627410987253,0.4789896383243298,0.0,0.4982670125526034
strengthened,sst2,albert-base-v2,256,256,8,fp32_gpu,PASS,fp32_gpu,cuda,fp32,none,8,8,8,1,5,3,0.7734375,0.7636872930990578,44.58638572692871,0.8661357687515192,1154.5534038404137,87.17578125,512,512,256,"{""0"":256,""1"":256}","{""0"":256,""1"":256}","{""0"":128,""1"":128}",dd5e0b058bafcf2aeb1226750797e5e970ad261044cb4dc78b702395eaec1fde,c1672d5e5d0fa8bb910be7b43fd2f546e8a53125d9e54edccc16d8c00db5e2ee,5c5b00b985b2233459e47d9a4b0a5c8bf88628361f163097522bd283b41f3b17,1.8477732920000562,,0.0,0.0,0.0,0.9615084564444307,24.979732367872604,0.0,24.979732367872604
strengthened,sst2,albert-base-v2,256,256,8,bf16_gpu,PASS,fp32_gpu,cuda,bf16,none,8,8,8,1,5,3,0.76953125,0.7592105472922346,44.58638572692871,0.9610116132819257,1040.570151472911,96.8076171875,512,512,256,"{""0"":256,""1"":256}","{""0"":256,""1"":256}","{""0"":128,""1"":128}",dd5e0b058bafcf2aeb1226750797e5e970ad261044cb4dc78b702395eaec1fde,c1672d5e5d0fa8bb910be7b43fd2f546e8a53125d9e54edccc16d8c00db5e2ee,5c5b00b985b2233459e47d9a4b0a5c8bf88628361f163097522bd283b41f3b17,1.8477732920000562,,-0.00390625,-0.0044767458068232235,0.0,0.9572921224309106,22.414884019517885,0.0,22.414884019517885
strengthened,mrpc,albert-base-v2,64,64,6,fp32_cpu,PASS,fp32_cpu,cpu,fp32,none,8,8,8,1,5,3,0.57421875,0.5551516890653148,44.58638572692871,37.59260586796813,26.600975827857653,0.0,128,128,256,"{""0"":64,""1"":64}","{""0"":64,""1"":64}","{""0"":128,""1"":128}",2a004252776a520730b96c7dea42cce94e695883ef4d5c51debdea2dd0c6188c,9671e519a3a5b5ed9c585b93f479685a91e735936d563541cafa3dea1f103742,49397107fe7cd7f1fba058067518ec6f9b2833bb4f2fe63979b55080fe12bdbe,0.6065582390001509,,0.0,0.0,0.0,0.0,0.0,0.0,0.0
strengthened,mrpc,albert-base-v2,64,64,6,dynamic_int8_cpu,PASS,fp32_cpu,cpu,int8_dynamic,dynamic_int8_linear,8,8,8,1,5,3,0.48828125,0.4873347091645647,22.370460510253906,25.37548313437128,39.408116673274,0.0,128,128,256,"{""0"":64,""1"":64}","{""0"":64,""1"":64}","{""0"":128,""1"":128}",2a004252776a520730b96c7dea42cce94e695883ef4d5c51debdea2dd0c6188c,9671e519a3a5b5ed9c585b93f479685a91e735936d563541cafa3dea1f103742,49397107fe7cd7f1fba058067518ec6f9b2833bb4f2fe63979b55080fe12bdbe,0.6065582390001509,,-0.0859375,-0.06781697990075009,0.4982670125526034,0.3249873865223801,0.48145379809729294,0.0,0.4982670125526034
strengthened,mrpc,albert-base-v2,64,64,6,fp32_gpu,PASS,fp32_gpu,cuda,fp32,none,8,8,8,1,5,3,0.57421875,0.5551516890653148,44.58638572692871,0.8981295507851428,1113.4251168172814,102.5625,128,128,256,"{""0"":64,""1"":64}","{""0"":64,""1"":64}","{""0"":128,""1"":128}",2a004252776a520730b96c7dea42cce94e695883ef4d5c51debdea2dd0c6188c,9671e519a3a5b5ed9c585b93f479685a91e735936d563541cafa3dea1f103742,49397107fe7cd7f1fba058067518ec6f9b2833bb4f2fe63979b55080fe12bdbe,0.6065582390001509,,0.0,0.0,0.0,0.9761088775292798,40.856551580008436,0.0,40.856551580008436
strengthened,mrpc,albert-base-v2,64,64,6,bf16_gpu,PASS,fp32_gpu,cuda,bf16,none,8,8,8,1,5,3,0.58203125,0.566136057654233,44.58638572692871,1.0047530914107483,995.269393593928,107.6787109375,128,128,256,"{""0"":64,""1"":64}","{""0"":64,""1"":64}","{""0"":128,""1"":128}",2a004252776a520730b96c7dea42cce94e695883ef4d5c51debdea2dd0c6188c,9671e519a3a5b5ed9c585b93f479685a91e735936d563541cafa3dea1f103742,49397107fe7cd7f1fba058067518ec6f9b2833bb4f2fe63979b55080fe12bdbe,0.6065582390001509,,0.0078125,0.01098436858891827,0.0,0.9732725873024174,36.414770045828185,0.0,36.414770045828185
strengthened,mrpc,albert-base-v2,64,64,7,fp32_cpu,PASS,fp32_cpu,cpu,fp32,none,8,8,8,1,5,3,0.609375,0.6014943960149439,44.58638572692871,43.70624644296876,22.88002474211269,0.0,128,128,256,"{""0"":64,""1"":64}","{""0"":64,""1"":64}","{""0"":128,""1"":128}",ec398847ac6314006c27a4b092764d9b6d7ce49c5129f6a4100744c14c2f83ea,d38abee147fa1e5f2f18a21f2cd9b016dcb4b1b48124886c280ea76448d2d4e1,0e38a503e1b9109a23ab6bcc4662694351ebfeb54a319cd04ebdd6316d7715d4,1.1833742029999712,,0.0,0.0,0.0,0.0,0.0,0.0,0.0
strengthened,mrpc,albert-base-v2,64,64,7,dynamic_int8_cpu,PASS,fp32_cpu,cpu,int8_dynamic,dynamic_int8_linear,8,8,8,1,5,3,0.4765625,0.44613794885042624,22.370460510253906,29.14162942187497,34.3151711087698,0.0,128,128,256,"{""0"":64,""1"":64}","{""0"":64,""1"":64}","{""0"":128,""1"":128}",ec398847ac6314006c27a4b092764d9b6d7ce49c5129f6a4100744c14c2f83ea,d38abee147fa1e5f2f18a21f2cd9b016dcb4b1b48124886c280ea76448d2d4e1,0e38a503e1b9109a23ab6bcc4662694351ebfeb54a319cd04ebdd6316d7715d4,1.1833742029999712,,-0.1328125,-0.15535644716451769,0.4982670125526034,0.3332387978020216,0.4997873252125347,0.0,0.4997873252125347
strengthened,mrpc,albert-base-v2,64,64,7,fp32_gpu,PASS,fp32_gpu,cuda,fp32,none,8,8,8,1,5,3,0.609375,0.6014943960149439,44.58638572692871,0.939477642187514,1064.4212859303002,104.8505859375,128,128,256,"{""0"":64,""1"":64}","{""0"":64,""1"":64}","{""0"":128,""1"":128}",ec398847ac6314006c27a4b092764d9b6d7ce49c5129f6a4100744c14c2f83ea,d38abee147fa1e5f2f18a21f2cd9b016dcb4b1b48124886c280ea76448d2d4e1,0e38a503e1b9109a23ab6bcc4662694351ebfeb54a319cd04ebdd6316d7715d4,1.1833742029999712,,0.0,0.0,0.0,0.978504728302088,45.52185904201142,0.0,45.52185904201142
strengthened,mrpc,albert-base-v2,64,64,7,bf16_gpu,PASS,fp32_gpu,cuda,bf16,none,8,8,8,1,5,3,0.60546875,0.5970514438886032,44.58638572692871,0.9810478265624757,1019.3182971557376,108.787109375,128,128,256,"{""0"":64,""1"":64}","{""0"":64,""1"":64}","{""0"":128,""1"":128}",ec398847ac6314006c27a4b092764d9b6d7ce49c5129f6a4100744c14c2f83ea,d38abee147fa1e5f2f18a21f2cd9b016dcb4b1b48124886c280ea76448d2d4e1,0e38a503e1b9109a23ab6bcc4662694351ebfeb54a319cd04ebdd6316d7715d4,1.1833742029999712,,-0.00390625,-0.004442952126340716,0.0,0.9775536014550548,43.55057669931593,0.0,43.55057669931593
strengthened,mrpc,albert-base-v2,64,64,8,fp32_cpu,PASS,fp32_cpu,cpu,fp32,none,8,8,8,1,5,3,0.546875,0.45730994152046783,44.58638572692871,37.91976994453124,26.37146800897771,0.0,128,128,256,"{""0"":64,""1"":64}","{""0"":64,""1"":64}","{""0"":128,""1"":128}",9a19b8487f63b30986109005bef66268794f067c40e16ca15369f3dd8a08b7d9,128b292253caee2f2c002def93794b07118c5ae43d52b146dfde708016817d93,25f4e5daefc8b2369d77940c472e0dfd0d6a7a243c148a155e7783b06b8c0e3e,0.631444719000001,,0.0,0.0,0.0,0.0,0.0,0.0,0.0
strengthened,mrpc,albert-base-v2,64,64,8,dynamic_int8_cpu,PASS,fp32_cpu,cpu,int8_dynamic,dynamic_int8_linear,8,8,8,1,5,3,0.484375,0.3263157894736842,22.370460510253906,25.19742983437494,39.686587345340115,0.0,128,128,256,"{""0"":64,""1"":64}","{""0"":64,""1"":64}","{""0"":128,""1"":128}",9a19b8487f63b30986109005bef66268794f067c40e16ca15369f3dd8a08b7d9,128b292253caee2f2c002def93794b07118c5ae43d52b146dfde708016817d93,25f4e5daefc8b2369d77940c472e0dfd0d6a7a243c148a155e7783b06b8c0e3e,0.631444719000001,,-0.0625,-0.1309941520467836,0.4982670125526034,0.33550678521432076,0.5049062620188418,0.0,0.5049062620188418
strengthened,mrpc,albert-base-v2,64,64,8,fp32_gpu,PASS,fp32_gpu,cuda,fp32,none,8,8,8,1,5,3,0.546875,0.45730994152046783,44.58638572692871,0.8766106039062471,1140.757361984808,103.0205078125,128,128,256,"{""0"":64,""1"":64}","{""0"":64,""1"":64}","{""0"":128,""1"":128}",9a19b8487f63b30986109005bef66268794f067c40e16ca15369f3dd8a08b7d9,128b292253caee2f2c002def93794b07118c5ae43d52b146dfde708016817d93,25f4e5daefc8b2369d77940c472e0dfd0d6a7a243c148a155e7783b06b8c0e3e,0.631444719000001,,0.0,0.0,0.0,0.9768824915027559,42.257256728994264,0.0,42.257256728994264
strengthened,mrpc,albert-base-v2,64,64,8,bf16_gpu,PASS,fp32_gpu,cuda,bf16,none,8,8,8,1,5,3,0.55078125,0.46401587561672764,44.58638572692871,0.9719613773436997,1028.8474658663165,106.86328125,128,128,256,"{""0"":64,""1"":64}","{""0"":64,""1"":64}","{""0"":128,""1"":128}",9a19b8487f63b30986109005bef66268794f067c40e16ca15369f3dd8a08b7d9,128b292253caee2f2c002def93794b07118c5ae43d52b146dfde708016817d93,25f4e5daefc8b2369d77940c472e0dfd0d6a7a243c148a155e7783b06b8c0e3e,0.631444719000001,,0.00390625,0.006705934096259802,0.0,0.9743679516314186,38.013659213664674,0.0,38.013659213664674
strengthened,mrpc,albert-base-v2,128,128,6,fp32_cpu,PASS,fp32_cpu,cpu,fp32,none,8,8,8,1,5,3,0.5859375,0.5545048594693984,44.58638572692871,40.42788716015631,24.73540098789901,0.0,256,256,256,"{""0"":128,""1"":128}","{""0"":128,""1"":128}","{""0"":128,""1"":128}",63fe339179cf749dc2b26eb1c54aabd0be0fcc33246795a9eac0766edd6b02fa,b91670361abd0d1acd5bb751705809125d63c0364b056d9f676d111e38786d72,49397107fe7cd7f1fba058067518ec6f9b2833bb4f2fe63979b55080fe12bdbe,1.3383330610000712,,0.0,0.0,0.0,0.0,0.0,0.0,0.0
strengthened,mrpc,albert-base-v2,128,128,6,dynamic_int8_cpu,PASS,fp32_cpu,cpu,int8_dynamic,dynamic_int8_linear,8,8,8,1,5,3,0.50390625,0.3486005089058524,22.370460510253906,25.005844871875027,39.99065039089065,0.0,256,256,256,"{""0"":128,""1"":128}","{""0"":128,""1"":128}","{""0"":128,""1"":128}",63fe339179cf749dc2b26eb1c54aabd0be0fcc33246795a9eac0766edd6b02fa,b91670361abd0d1acd5bb751705809125d63c0364b056d9f676d111e38786d72,49397107fe7cd7f1fba058067518ec6f9b2833bb4f2fe63979b55080fe12bdbe,1.3383330610000712,,-0.08203125,-0.205904350563546,0.4982670125526034,0.3814704000529731,0.6167375014641879,0.0,0.6167375014641879
strengthened,mrpc,albert-base-v2,128,128,6,fp32_gpu,PASS,fp32_gpu,cuda,fp32,none,8,8,8,1,5,3,0.5859375,0.5545048594693984,44.58638572692871,0.8947355500000143,1117.6486728396833,103.234375,256,256,256,"{""0"":128,""1"":128}","{""0"":128,""1"":128}","{""0"":128,""1"":128}",63fe339179cf749dc2b26eb1c54aabd0be0fcc33246795a9eac0766edd6b02fa,b91670361abd0d1acd5bb751705809125d63c0364b056d9f676d111e38786d72,49397107fe7cd7f1fba058067518ec6f9b2833bb4f2fe63979b55080fe12bdbe,1.3383330610000712,,0.0,0.0,0.0,0.9778683573926212,44.184174430261166,0.0,44.184174430261166
strengthened,mrpc,albert-base-v2,128,128,6,bf16_gpu,PASS,fp32_gpu,cuda,bf16,none,8,8,8,1,5,3,0.58984375,0.5596835225318197,44.58638572692871,0.9945180976562717,1005.5121192431261,107.4521484375,256,256,256,"{""0"":128,""1"":128}","{""0"":128,""1"":128}","{""0"":128,""1"":128}",63fe339179cf749dc2b26eb1c54aabd0be0fcc33246795a9eac0766edd6b02fa,b91670361abd0d1acd5bb751705809125d63c0364b056d9f676d111e38786d72,49397107fe7cd7f1fba058067518ec6f9b2833bb4f2fe63979b55080fe12bdbe,1.3383330610000712,,0.00390625,0.005178663062421318,0.0,0.9754001960647495,39.65073049493074,0.0,39.65073049493074
strengthened,mrpc,albert-base-v2,128,128,7,fp32_cpu,PASS,fp32_cpu,cpu,fp32,none,8,8,8,1,5,3,0.625,0.6156156156156156,44.58638572692871,42.15014431328123,23.724711179337685,0.0,256,256,256,"{""0"":128,""1"":128}","{""0"":128,""1"":128}","{""0"":128,""1"":128}",0b408210d457cbcd262b2423949112df17c179d505f2dedcc20e2cd0f744a5cd,bfc05b04a7a7e7944e506f9b95b25a9e44f2a4491151d12753e1eb74d200b86e,0e38a503e1b9109a23ab6bcc4662694351ebfeb54a319cd04ebdd6316d7715d4,1.3810070069999938,,0.0,0.0,0.0,0.0,0.0,0.0,0.0
strengthened,mrpc,albert-base-v2,128,128,7,dynamic_int8_cpu,PASS,fp32_cpu,cpu,int8_dynamic,dynamic_int8_linear,8,8,8,1,5,3,0.53515625,0.5351491569390402,22.370460510253906,25.968734499999968,38.50784488554886,0.0,256,256,256,"{""0"":128,""1"":128}","{""0"":128,""1"":128}","{""0"":128,""1"":128}",0b408210d457cbcd262b2423949112df17c179d505f2dedcc20e2cd0f744a5cd,bfc05b04a7a7e7944e506f9b95b25a9e44f2a4491151d12753e1eb74d200b86e,0e38a503e1b9109a23ab6bcc4662694351ebfeb54a319cd04ebdd6316d7715d4,1.3810070069999938,,-0.08984375,-0.08046645867657543,0.4982670125526034,0.3838992742945985,0.6231112191193332,0.0,0.6231112191193332
strengthened,mrpc,albert-base-v2,128,128,7,fp32_gpu,PASS,fp32_gpu,cuda,fp32,none,8,8,8,1,5,3,0.625,0.6156156156156156,44.58638572692871,0.9562559593750741,1045.745116875939,104.8505859375,256,256,256,"{""0"":128,""1"":128}","{""0"":128,""1"":128}","{""0"":128,""1"":128}",0b408210d457cbcd262b2423949112df17c179d505f2dedcc20e2cd0f744a5cd,bfc05b04a7a7e7944e506f9b95b25a9e44f2a4491151d12753e1eb74d200b86e,0e38a503e1b9109a23ab6bcc4662694351ebfeb54a319cd04ebdd6316d7715d4,1.3810070069999938,,0.0,0.0,0.0,0.977313103550306,43.07830759122998,0.0,43.07830759122998
strengthened,mrpc,albert-base-v2,128,128,7,bf16_gpu,PASS,fp32_gpu,cuda,bf16,none,8,8,8,1,5,3,0.625,0.6156156156156156,44.58638572692871,1.0000168679687782,999.9831323157454,108.787109375,256,256,256,"{""0"":128,""1"":128}","{""0"":128,""1"":128}","{""0"":128,""1"":128}",0b408210d457cbcd262b2423949112df17c179d505f2dedcc20e2cd0f744a5cd,bfc05b04a7a7e7944e506f9b95b25a9e44f2a4491151d12753e1eb74d200b86e,0e38a503e1b9109a23ab6bcc4662694351ebfeb54a319cd04ebdd6316d7715d4,1.3810070069999938,,0.0,0.0,0.0,0.9762748886329747,41.14943333795567,0.0,41.14943333795567
strengthened,mrpc,albert-base-v2,128,128,8,fp32_cpu,PASS,fp32_cpu,cpu,fp32,none,8,8,8,1,5,3,0.640625,0.6211799523901435,44.58638572692871,40.17002713828121,24.894182833325008,0.0,256,256,256,"{""0"":128,""1"":128}","{""0"":128,""1"":128}","{""0"":128,""1"":128}",a8fc52f917d57dcc25c6d032ad33f614afbec9381f6c253f77a6e10a74bc267c,8bd7c0435d04760f633b9d6818a05f1d7eee2dfcbbf8003708107a85221b629f,25f4e5daefc8b2369d77940c472e0dfd0d6a7a243c148a155e7783b06b8c0e3e,1.2319178169999532,,0.0,0.0,0.0,0.0,0.0,0.0,0.0
strengthened,mrpc,albert-base-v2,128,128,8,dynamic_int8_cpu,PASS,fp32_cpu,cpu,int8_dynamic,dynamic_int8_linear,8,8,8,1,5,3,0.48828125,0.37996191321389616,22.370460510253906,25.422901945312493,39.33461263199268,0.0,256,256,256,"{""0"":128,""1"":128}","{""0"":128,""1"":128}","{""0"":128,""1"":128}",a8fc52f917d57dcc25c6d032ad33f614afbec9381f6c253f77a6e10a74bc267c,8bd7c0435d04760f633b9d6818a05f1d7eee2dfcbbf8003708107a85221b629f,25f4e5daefc8b2369d77940c472e0dfd0d6a7a243c148a155e7783b06b8c0e3e,1.2319178169999532,,-0.15234375,-0.2412180391762473,0.4982670125526034,0.3671176308196967,0.580072456900925,0.0,0.580072456900925
strengthened,mrpc,albert-base-v2,128,128,8,fp32_gpu,PASS,fp32_gpu,cuda,fp32,none,8,8,8,1,5,3,0.640625,0.6211799523901435,44.58638572692871,0.9484443484375049,1054.3581198490238,103.0205078125,256,256,256,"{""0"":128,""1"":128}","{""0"":128,""1"":128}","{""0"":128,""1"":128}",a8fc52f917d57dcc25c6d032ad33f614afbec9381f6c253f77a6e10a74bc267c,8bd7c0435d04760f633b9d6818a05f1d7eee2dfcbbf8003708107a85221b629f,25f4e5daefc8b2369d77940c472e0dfd0d6a7a243c148a155e7783b06b8c0e3e,1.2319178169999532,,0.0,0.0,0.0,0.9763892529827629,41.353594287802444,0.0,41.353594287802444
strengthened,mrpc,albert-base-v2,128,128,8,bf16_gpu,PASS,fp32_gpu,cuda,bf16,none,8,8,8,1,5,3,0.6484375,0.6307692307692307,44.58638572692871,1.0165860085938228,983.684598790844,106.86328125,256,256,256,"{""0"":128,""1"":128}","{""0"":128,""1"":128}","{""0"":128,""1"":128}",a8fc52f917d57dcc25c6d032ad33f614afbec9381f6c253f77a6e10a74bc267c,8bd7c0435d04760f633b9d6818a05f1d7eee2dfcbbf8003708107a85221b629f,25f4e5daefc8b2369d77940c472e0dfd0d6a7a243c148a155e7783b06b8c0e3e,1.2319178169999532,,0.0078125,0.009589278379087296,0.0,0.9746929220362653,38.51463702893748,0.0,38.51463702893748
strengthened,mrpc,albert-base-v2,256,256,6,fp32_cpu,PASS,fp32_cpu,cpu,fp32,none,8,8,8,1,5,3,0.703125,0.6833333333333333,44.58638572692871,41.15200046328127,24.30015524742888,0.0,512,512,256,"{""0"":256,""1"":256}","{""0"":256,""1"":256}","{""0"":128,""1"":128}",1ad95be097cc2da006cdefdbb4aaa53cefaec31c30066b8bfa66e9c4d88aee39,5e8d0e6887e53fd76cbd699d0fe9cc8726e6c1118e8bf4d1ac3f60a0b8939f89,49397107fe7cd7f1fba058067518ec6f9b2833bb4f2fe63979b55080fe12bdbe,2.6830736190000835,,0.0,0.0,0.0,0.0,0.0,0.0,0.0
strengthened,mrpc,albert-base-v2,256,256,6,dynamic_int8_cpu,PASS,fp32_cpu,cpu,int8_dynamic,dynamic_int8_linear,8,8,8,1,5,3,0.49609375,0.33159268929503916,22.370460510253906,24.764053513281237,40.38111125319968,0.0,512,512,256,"{""0"":256,""1"":256}","{""0"":256,""1"":256}","{""0"":128,""1"":128}",1ad95be097cc2da006cdefdbb4aaa53cefaec31c30066b8bfa66e9c4d88aee39,5e8d0e6887e53fd76cbd699d0fe9cc8726e6c1118e8bf4d1ac3f60a0b8939f89,49397107fe7cd7f1fba058067518ec6f9b2833bb4f2fe63979b55080fe12bdbe,2.6830736190000835,,-0.20703125,-0.3517406440382942,0.4982670125526034,0.3982296550716294,0.6617635089994856,0.0,0.6617635089994856
strengthened,mrpc,albert-base-v2,256,256,6,fp32_gpu,PASS,fp32_gpu,cuda,fp32,none,8,8,8,1,5,3,0.703125,0.6833333333333333,44.58638572692871,0.8972509249999483,1114.5154294491897,103.234375,512,512,256,"{""0"":256,""1"":256}","{""0"":256,""1"":256}","{""0"":128,""1"":128}",1ad95be097cc2da006cdefdbb4aaa53cefaec31c30066b8bfa66e9c4d88aee39,5e8d0e6887e53fd76cbd699d0fe9cc8726e6c1118e8bf4d1ac3f60a0b8939f89,49397107fe7cd7f1fba058067518ec6f9b2833bb4f2fe63979b55080fe12bdbe,2.6830736190000835,,0.0,0.0,0.0,0.978196663226602,44.86453946902718,0.0,44.86453946902718
strengthened,mrpc,albert-base-v2,256,256,6,bf16_gpu,PASS,fp32_gpu,cuda,bf16,none,8,8,8,1,5,3,0.69921875,0.6784916246676779,44.58638572692871,0.9907017148437446,1009.3855547203951,107.4521484375,512,512,256,"{""0"":256,""1"":256}","{""0"":256,""1"":256}","{""0"":128,""1"":128}",1ad95be097cc2da006cdefdbb4aaa53cefaec31c30066b8bfa66e9c4d88aee39,5e8d0e6887e53fd76cbd699d0fe9cc8726e6c1118e8bf4d1ac3f60a0b8939f89,49397107fe7cd7f1fba058067518ec6f9b2833bb4f2fe63979b55080fe12bdbe,2.6830736190000835,,-0.00390625,-0.004841708665655475,0.0,0.975925794525403,40.53823481548312,0.0,40.53823481548312
strengthened,mrpc,albert-base-v2,256,256,7,fp32_cpu,PASS,fp32_cpu,cpu,fp32,none,8,8,8,1,5,3,0.71484375,0.714316288313078,44.58638572692871,42.55430623671881,23.499384396898723,0.0,512,512,256,"{""0"":256,""1"":256}","{""0"":256,""1"":256}","{""0"":128,""1"":128}",2581442ceff77afd11deafb0520b6c40f540c9a3e595f712f9a7941663b07f26,691ffe43325918ed9e38f806b987b78fb89c6d4df2dcd51025ae7dda27c40415,0e38a503e1b9109a23ab6bcc4662694351ebfeb54a319cd04ebdd6316d7715d4,2.6429057160000866,,0.0,0.0,0.0,0.0,0.0,0.0,0.0
strengthened,mrpc,albert-base-v2,256,256,7,dynamic_int8_cpu,PASS,fp32_cpu,cpu,int8_dynamic,dynamic_int8_linear,8,8,8,1,5,3,0.5078125,0.47714452441159305,22.370460510253906,27.089180781250022,36.91510673856027,0.0,512,512,256,"{""0"":256,""1"":256}","{""0"":256,""1"":256}","{""0"":128,""1"":128}",2581442ceff77afd11deafb0520b6c40f540c9a3e595f712f9a7941663b07f26,691ffe43325918ed9e38f806b987b78fb89c6d4df2dcd51025ae7dda27c40415,0e38a503e1b9109a23ab6bcc4662694351ebfeb54a319cd04ebdd6316d7715d4,2.6429057160000866,,-0.20703125,-0.23717176390148498,0.4982670125526034,0.36342092782432445,0.5708967569138558,0.0,0.5708967569138558
strengthened,mrpc,albert-base-v2,256,256,7,fp32_gpu,PASS,fp32_gpu,cuda,fp32,none,8,8,8,1,5,3,0.71484375,0.714316288313078,44.58638572692871,0.9639664265623793,1037.3805274174545,104.8505859375,512,512,256,"{""0"":256,""1"":256}","{""0"":256,""1"":256}","{""0"":128,""1"":128}",2581442ceff77afd11deafb0520b6c40f540c9a3e595f712f9a7941663b07f26,691ffe43325918ed9e38f806b987b78fb89c6d4df2dcd51025ae7dda27c40415,0e38a503e1b9109a23ab6bcc4662694351ebfeb54a319cd04ebdd6316d7715d4,2.6429057160000866,,0.0,0.0,0.0,0.9773473823965058,43.14500864773123,0.0,43.14500864773123
strengthened,mrpc,albert-base-v2,256,256,7,bf16_gpu,PASS,fp32_gpu,cuda,bf16,none,8,8,8,1,5,3,0.71484375,0.714316288313078,44.58638572692871,0.9990841820313179,1000.9166574600551,108.787109375,512,512,256,"{""0"":256,""1"":256}","{""0"":256,""1"":256}","{""0"":128,""1"":128}",2581442ceff77afd11deafb0520b6c40f540c9a3e595f712f9a7941663b07f26,691ffe43325918ed9e38f806b987b78fb89c6d4df2dcd51025ae7dda27c40415,0e38a503e1b9109a23ab6bcc4662694351ebfeb54a319cd04ebdd6316d7715d4,2.6429057160000866,,0.0,0.0,0.0,0.976522136761585,41.59331395898817,0.0,41.59331395898817
strengthened,mrpc,albert-base-v2,256,256,8,fp32_cpu,PASS,fp32_cpu,cpu,fp32,none,8,8,8,1,5,3,0.68359375,0.6794806399258058,44.58638572692871,36.915080550000035,27.089199999050226,0.0,512,512,256,"{""0"":256,""1"":256}","{""0"":256,""1"":256}","{""0"":128,""1"":128}",8ae7672a4deadb23a5f2dab708bb8dd1055daaf099dda6bf2f15bd048ea361f8,2922e0a83cc17c2970a5d723ac59ffdf25e6c59c024298458da499be0561e1b8,25f4e5daefc8b2369d77940c472e0dfd0d6a7a243c148a155e7783b06b8c0e3e,2.4896771669998543,,0.0,0.0,0.0,0.0,0.0,0.0,0.0
strengthened,mrpc,albert-base-v2,256,256,8,dynamic_int8_cpu,PASS,fp32_cpu,cpu,int8_dynamic,dynamic_int8_linear,8,8,8,1,5,3,0.48828125,0.37996191321389616,22.370460510253906,25.49533194374991,39.222866452819275,0.0,512,512,256,"{""0"":256,""1"":256}","{""0"":256,""1"":256}","{""0"":128,""1"":128}",8ae7672a4deadb23a5f2dab708bb8dd1055daaf099dda6bf2f15bd048ea361f8,2922e0a83cc17c2970a5d723ac59ffdf25e6c59c024298458da499be0561e1b8,25f4e5daefc8b2369d77940c472e0dfd0d6a7a243c148a155e7783b06b8c0e3e,2.4896771669998543,,-0.1953125,-0.2995187267119096,0.4982670125526034,0.3093518539335847,0.44791527450771773,0.0,0.4982670125526034
strengthened,mrpc,albert-base-v2,256,256,8,fp32_gpu,PASS,fp32_gpu,cuda,fp32,none,8,8,8,1,5,3,0.68359375,0.6794806399258058,44.58638572692871,0.9873818031250537,1012.7794504972746,103.0205078125,512,512,256,"{""0"":256,""1"":256}","{""0"":256,""1"":256}","{""0"":128,""1"":128}",8ae7672a4deadb23a5f2dab708bb8dd1055daaf099dda6bf2f15bd048ea361f8,2922e0a83cc17c2970a5d723ac59ffdf25e6c59c024298458da499be0561e1b8,25f4e5daefc8b2369d77940c472e0dfd0d6a7a243c148a155e7783b06b8c0e3e,2.4896771669998543,,0.0,0.0,0.0,0.9732526168597225,36.386834994491664,0.0,36.386834994491664
strengthened,mrpc,albert-base-v2,256,256,8,bf16_gpu,PASS,fp32_gpu,cuda,bf16,none,8,8,8,1,5,3,0.68359375,0.6794806399258058,44.58638572692871,1.0333543476562568,967.722255456797,106.86328125,512,512,256,"{""0"":256,""1"":256}","{""0"":256,""1"":256}","{""0"":128,""1"":128}",8ae7672a4deadb23a5f2dab708bb8dd1055daaf099dda6bf2f15bd048ea361f8,2922e0a83cc17c2970a5d723ac59ffdf25e6c59c024298458da499be0561e1b8,25f4e5daefc8b2369d77940c472e0dfd0d6a7a243c148a155e7783b06b8c0e3e,2.4896771669998543,,0.0,0.0,0.0,0.9720072574064516,34.723545010215375,0.0,34.723545010215375
strengthened,rte,albert-base-v2,64,64,6,fp32_cpu,PASS,fp32_cpu,cpu,fp32,none,8,8,8,1,5,3,0.609375,0.6059113300492611,44.58638572692871,55.956447415624844,17.871041607991142,0.0,128,128,256,"{""0"":64,""1"":64}","{""0"":64,""1"":64}","{""0"":128,""1"":128}",f95586e3a6839c6232387aefd24d007b04e2b31e83422c953cce9093ad87062b,485c95c92085ddafc4d1ee746dcf6f30c4cd432bcf7ce8b6ff2deb75f60de1a1,990e52abb705781f5bee97c2284da5016ce3a12a0aa251a097fc176f7d4fca12,0.8338577439999426,,0.0,0.0,0.0,0.0,0.0,0.0,0.0
strengthened,rte,albert-base-v2,64,64,6,dynamic_int8_cpu,PASS,fp32_cpu,cpu,int8_dynamic,dynamic_int8_linear,8,8,8,1,5,3,0.484375,0.36231884057971014,22.370460510253906,39.87241479843746,25.079995908328794,0.0,128,128,256,"{""0"":64,""1"":64}","{""0"":64,""1"":64}","{""0"":128,""1"":128}",f95586e3a6839c6232387aefd24d007b04e2b31e83422c953cce9093ad87062b,485c95c92085ddafc4d1ee746dcf6f30c4cd432bcf7ce8b6ff2deb75f60de1a1,990e52abb705781f5bee97c2284da5016ce3a12a0aa251a097fc176f7d4fca12,0.8338577439999426,,-0.125,-0.24359248946955098,0.4982670125526034,0.2874384161260424,0.4033874722284864,0.0,0.4982670125526034
strengthened,rte,albert-base-v2,64,64,6,fp32_gpu,PASS,fp32_gpu,cuda,fp32,none,8,8,8,1,5,3,0.609375,0.6059113300492611,44.58638572692871,0.9944559960938903,1005.574911235777,117.10009765625,128,128,256,"{""0"":64,""1"":64}","{""0"":64,""1"":64}","{""0"":128,""1"":128}",f95586e3a6839c6232387aefd24d007b04e2b31e83422c953cce9093ad87062b,485c95c92085ddafc4d1ee746dcf6f30c4cd432bcf7ce8b6ff2deb75f60de1a1,990e52abb705781f5bee97c2284da5016ce3a12a0aa251a097fc176f7d4fca12,0.8338577439999426,,0.0,0.0,0.0,0.9822280355164899,55.268399643036375,0.0,55.268399643036375
strengthened,rte,albert-base-v2,64,64,6,bf16_gpu,PASS,fp32_gpu,cuda,bf16,none,8,8,8,1,5,3,0.609375,0.6046454163577959,44.58638572692871,0.9296471726562672,1075.6769120726897,119.27880859375,128,128,256,"{""0"":64,""1"":64}","{""0"":64,""1"":64}","{""0"":128,""1"":128}",f95586e3a6839c6232387aefd24d007b04e2b31e83422c953cce9093ad87062b,485c95c92085ddafc4d1ee746dcf6f30c4cd432bcf7ce8b6ff2deb75f60de1a1,990e52abb705781f5bee97c2284da5016ce3a12a0aa251a097fc176f7d4fca12,0.8338577439999426,,0.0,-0.0012659136914652258,0.0,0.9833862366967085,59.19105856659717,0.0,59.19105856659717
strengthened,rte,albert-base-v2,64,64,7,fp32_cpu,PASS,fp32_cpu,cpu,fp32,none,8,8,8,1,5,3,0.54296875,0.5398724940471618,44.58638572692871,50.47378760624994,19.812263898264977,0.0,128,128,256,"{""0"":64,""1"":64}","{""0"":64,""1"":64}","{""0"":128,""1"":128}",25c629841fc57c5325dee09183817c8a188066e407c98c39462a77d9821f304c,4c588c4809eec2561fe2f5b9fcacab66f89b9f8fd4696fa7b4851a3b44d46a90,217c3f70ada6b051ee5cb173158928fff948b61a57fbf0a07ffd7d768f578dbc,0.7648970619998181,,0.0,0.0,0.0,0.0,0.0,0.0,0.0
strengthened,rte,albert-base-v2,64,64,7,dynamic_int8_cpu,PASS,fp32_cpu,cpu,int8_dynamic,dynamic_int8_linear,8,8,8,1,5,3,0.55859375,0.535569219901424,22.370460510253906,40.7435963554688,24.543734217163063,0.0,128,128,256,"{""0"":64,""1"":64}","{""0"":64,""1"":64}","{""0"":128,""1"":128}",25c629841fc57c5325dee09183817c8a188066e407c98c39462a77d9821f304c,4c588c4809eec2561fe2f5b9fcacab66f89b9f8fd4696fa7b4851a3b44d46a90,217c3f70ada6b051ee5cb173158928fff948b61a57fbf0a07ffd7d768f578dbc,0.7648970619998181,,0.015625,-0.004303274145737723,0.4982670125526034,0.1927771168410649,0.23881522794133772,0.0,0.4982670125526034
strengthened,rte,albert-base-v2,64,64,7,fp32_gpu,PASS,fp32_gpu,cuda,fp32,none,8,8,8,1,5,3,0.54296875,0.5398724940471618,44.58638572692871,1.0015866859374611,998.4158276465346,117.10009765625,128,128,256,"{""0"":64,""1"":64}","{""0"":64,""1"":64}","{""0"":128,""1"":128}",25c629841fc57c5325dee09183817c8a188066e407c98c39462a77d9821f304c,4c588c4809eec2561fe2f5b9fcacab66f89b9f8fd4696fa7b4851a3b44d46a90,217c3f70ada6b051ee5cb173158928fff948b61a57fbf0a07ffd7d768f578dbc,0.7648970619998181,,0.0,0.0,0.0,0.9801563002612184,49.39382842734944,0.0,49.39382842734944
strengthened,rte,albert-base-v2,64,64,7,bf16_gpu,PASS,fp32_gpu,cuda,bf16,none,8,8,8,1,5,3,0.54296875,0.5398724940471618,44.58638572692871,0.9505102562499701,1052.0665015707257,119.27880859375,128,128,256,"{""0"":64,""1"":64}","{""0"":64,""1"":64}","{""0"":128,""1"":128}",25c629841fc57c5325dee09183817c8a188066e407c98c39462a77d9821f304c,4c588c4809eec2561fe2f5b9fcacab66f89b9f8fd4696fa7b4851a3b44d46a90,217c3f70ada6b051ee5cb173158928fff948b61a57fbf0a07ffd7d768f578dbc,0.7648970619998181,,0.0,0.0,0.0,0.9811682399651681,52.101781147931234,0.0,52.101781147931234
strengthened,rte,albert-base-v2,64,64,8,fp32_cpu,PASS,fp32_cpu,cpu,fp32,none,8,8,8,1,5,3,0.5,0.4992358946145853,44.58638572692871,50.72957935468736,19.7123653048308,0.0,128,128,256,"{""0"":64,""1"":64}","{""0"":64,""1"":64}","{""0"":128,""1"":128}",9e6aefc44cf84ee576f63af789626ebd041943485393a4d2913d9bfa4b01cf8c,b00b820be71670348a722cfae5c4c901234c2ad290b31f4dd7e9e9b4471ab862,f4b7671ed487005ddf7ad52d5bb288b5d5a8a24650139a583e53472d967da2b6,0.8062752370001363,,0.0,0.0,0.0,0.0,0.0,0.0,0.0
strengthened,rte,albert-base-v2,64,64,8,dynamic_int8_cpu,PASS,fp32_cpu,cpu,int8_dynamic,dynamic_int8_linear,8,8,8,1,5,3,0.4921875,0.34296770117665637,22.370460510253906,40.12890585390636,24.919692643517582,0.0,128,128,256,"{""0"":64,""1"":64}","{""0"":64,""1"":64}","{""0"":128,""1"":128}",9e6aefc44cf84ee576f63af789626ebd041943485393a4d2913d9bfa4b01cf8c,b00b820be71670348a722cfae5c4c901234c2ad290b31f4dd7e9e9b4471ab862,f4b7671ed487005ddf7ad52d5bb288b5d5a8a24650139a583e53472d967da2b6,0.8062752370001363,,-0.0078125,-0.15626819343792892,0.4982670125526034,0.20896434852463464,0.264165525453744,0.0,0.4982670125526034
strengthened,rte,albert-base-v2,64,64,8,fp32_gpu,PASS,fp32_gpu,cuda,fp32,none,8,8,8,1,5,3,0.5,0.4992358946145853,44.58638572692871,0.9794213453124812,1021.0110334903445,117.10009765625,128,128,256,"{""0"":64,""1"":64}","{""0"":64,""1"":64}","{""0"":128,""1"":128}",9e6aefc44cf84ee576f63af789626ebd041943485393a4d2913d9bfa4b01cf8c,b00b820be71670348a722cfae5c4c901234c2ad290b31f4dd7e9e9b4471ab862,f4b7671ed487005ddf7ad52d5bb288b5d5a8a24650139a583e53472d967da2b6,0.8062752370001363,,0.0,0.0,0.0,0.9806932886538515,50.795460245459786,0.0,50.795460245459786
strengthened,rte,albert-base-v2,64,64,8,bf16_gpu,PASS,fp32_gpu,cuda,bf16,none,8,8,8,1,5,3,0.5078125,0.5070603337612323,44.58638572692871,0.9160852124999508,1091.6015086315497,119.27880859375,128,128,256,"{""0"":64,""1"":64}","{""0"":64,""1"":64}","{""0"":128,""1"":128}",9e6aefc44cf84ee576f63af789626ebd041943485393a4d2913d9bfa4b01cf8c,b00b820be71670348a722cfae5c4c901234c2ad290b31f4dd7e9e9b4471ab862,f4b7671ed487005ddf7ad52d5bb288b5d5a8a24650139a583e53472d967da2b6,0.8062752370001363,,0.0078125,0.007824439146646989,0.0,0.9819417936408474,54.376485355820634,0.0,54.376485355820634
strengthened,rte,albert-base-v2,128,128,6,fp32_cpu,PASS,fp32_cpu,cpu,fp32,none,8,8,8,1,5,3,0.54296875,0.5342631898120073,44.58638572692871,52.63880314609359,18.99739242217576,0.0,256,256,256,"{""0"":128,""1"":128}","{""0"":128,""1"":128}","{""0"":128,""1"":128}",72f75942a91c411e0da181b5a66e789171da0d91a1601b4dad90ab266bb6e4c0,2623a385a463c34d591c07cc225442ad330c01f27555d8694f77bd89b1e6b011,990e52abb705781f5bee97c2284da5016ce3a12a0aa251a097fc176f7d4fca12,1.5172073490000457,,0.0,0.0,0.0,0.0,0.0,0.0,0.0
strengthened,rte,albert-base-v2,128,128,6,dynamic_int8_cpu,PASS,fp32_cpu,cpu,int8_dynamic,dynamic_int8_linear,8,8,8,1,5,3,0.4921875,0.3298429319371728,22.370460510253906,39.49163818281267,25.32181611132086,0.0,256,256,256,"{""0"":128,""1"":128}","{""0"":128,""1"":128}","{""0"":128,""1"":128}",72f75942a91c411e0da181b5a66e789171da0d91a1601b4dad90ab266bb6e4c0,2623a385a463c34d591c07cc225442ad330c01f27555d8694f77bd89b1e6b011,990e52abb705781f5bee97c2284da5016ce3a12a0aa251a097fc176f7d4fca12,1.5172073490000457,,-0.05078125,-0.20442025787483448,0.4982670125526034,0.24976185204652765,0.3329100935853999,0.0,0.4982670125526034
strengthened,rte,albert-base-v2,128,128,6,fp32_gpu,PASS,fp32_gpu,cuda,fp32,none,8,8,8,1,5,3,0.54296875,0.5342631898120073,44.58638572692871,0.9959239468749104,1004.0927353317287,117.10009765625,256,256,256,"{""0"":128,""1"":128}","{""0"":128,""1"":128}","{""0"":128,""1"":128}",72f75942a91c411e0da181b5a66e789171da0d91a1601b4dad90ab266bb6e4c0,2623a385a463c34d591c07cc225442ad330c01f27555d8694f77bd89b1e6b011,990e52abb705781f5bee97c2284da5016ce3a12a0aa251a097fc176f7d4fca12,1.5172073490000457,,0.0,0.0,0.0,0.9810800419585752,51.85423983554952,0.0,51.85423983554952
strengthened,rte,albert-base-v2,128,128,6,bf16_gpu,PASS,fp32_gpu,cuda,bf16,none,8,8,8,1,5,3,0.51953125,0.5114124784706814,44.58638572692871,0.9347745250000372,1069.7766929409636,119.27880859375,256,256,256,"{""0"":128,""1"":128}","{""0"":128,""1"":128}","{""0"":128,""1"":128}",72f75942a91c411e0da181b5a66e789171da0d91a1601b4dad90ab266bb6e4c0,2623a385a463c34d591c07cc225442ad330c01f27555d8694f77bd89b1e6b011,990e52abb705781f5bee97c2284da5016ce3a12a0aa251a097fc176f7d4fca12,1.5172073490000457,,-0.0234375,-0.02285071134132588,0.0,0.9822417215223214,55.31176474999839,0.0,55.31176474999839
strengthened,rte,albert-base-v2,128,128,7,fp32_cpu,PASS,fp32_cpu,cpu,fp32,none,8,8,8,1,5,3,0.54296875,0.5427943398818519,44.58638572692871,49.921216529687484,20.0315631211694,0.0,256,256,256,"{""0"":128,""1"":128}","{""0"":128,""1"":128}","{""0"":128,""1"":128}",9f13e3ead518a95d72f5d5911fb3c6dc37db6973629aea4917bd33cef5a09aac,6d84dbb2b3672708fa26e50c64d9ba26e27c20b7c555ab734a8bd41684329cdd,217c3f70ada6b051ee5cb173158928fff948b61a57fbf0a07ffd7d768f578dbc,1.524889635999898,,0.0,0.0,0.0,0.0,0.0,0.0,0.0
strengthened,rte,albert-base-v2,128,128,7,dynamic_int8_cpu,PASS,fp32_cpu,cpu,int8_dynamic,dynamic_int8_linear,8,8,8,1,5,3,0.49609375,0.36869874405000863,22.370460510253906,39.37789383281256,25.39495901547498,0.0,256,256,256,"{""0"":128,""1"":128}","{""0"":128,""1"":128}","{""0"":128,""1"":128}",9f13e3ead518a95d72f5d5911fb3c6dc37db6973629aea4917bd33cef5a09aac,6d84dbb2b3672708fa26e50c64d9ba26e27c20b7c555ab734a8bd41684329cdd,217c3f70ada6b051ee5cb173158928fff948b61a57fbf0a07ffd7d768f578dbc,1.524889635999898,,-0.046875,-0.17409559583184325,0.4982670125526034,0.21119923410930802,0.2677472477740659,0.0,0.4982670125526034
strengthened,rte,albert-base-v2,128,128,7,fp32_gpu,PASS,fp32_gpu,cuda,fp32,none,8,8,8,1,5,3,0.54296875,0.5427943398818519,44.58638572692871,0.9760472898438621,1024.5405221707747,117.10009765625,256,256,256,"{""0"":128,""1"":128}","{""0"":128,""1"":128}","{""0"":128,""1"":128}",9f13e3ead518a95d72f5d5911fb3c6dc37db6973629aea4917bd33cef5a09aac,6d84dbb2b3672708fa26e50c64d9ba26e27c20b7c555ab734a8bd41684329cdd,217c3f70ada6b051ee5cb173158928fff948b61a57fbf0a07ffd7d768f578dbc,1.524889635999898,,0.0,0.0,0.0,0.9804482471042464,50.146309250726326,0.0,50.146309250726326
strengthened,rte,albert-base-v2,128,128,7,bf16_gpu,PASS,fp32_gpu,cuda,bf16,none,8,8,8,1,5,3,0.54296875,0.5429617761501487,44.58638572692871,0.9369552343750698,1067.2868492665818,119.27880859375,256,256,256,"{""0"":128,""1"":128}","{""0"":128,""1"":128}","{""0"":128,""1"":128}",9f13e3ead518a95d72f5d5911fb3c6dc37db6973629aea4917bd33cef5a09aac,6d84dbb2b3672708fa26e50c64d9ba26e27c20b7c555ab734a8bd41684329cdd,217c3f70ada6b051ee5cb173158928fff948b61a57fbf0a07ffd7d768f578dbc,1.524889635999898,,0.0,0.00016743626829685,0.0,0.9812313220809057,52.280257901524955,0.0,52.280257901524955
strengthened,rte,albert-base-v2,128,128,8,fp32_cpu,PASS,fp32_cpu,cpu,fp32,none,8,8,8,1,5,3,0.5078125,0.4967234600262123,44.58638572692871,52.769604925781266,18.950302951982824,0.0,256,256,256,"{""0"":128,""1"":128}","{""0"":128,""1"":128}","{""0"":128,""1"":128}",c7b9735abc84db7374815b2db1437d3cb7fa58388b7fa2e7f4a630512424bd97,814950178b0d71d2e4d50cfc211a85a19602a333b68b8015905bfa24ba923d18,f4b7671ed487005ddf7ad52d5bb288b5d5a8a24650139a583e53472d967da2b6,1.524027715000102,,0.0,0.0,0.0,0.0,0.0,0.0,0.0
strengthened,rte,albert-base-v2,128,128,8,dynamic_int8_cpu,PASS,fp32_cpu,cpu,int8_dynamic,dynamic_int8_linear,8,8,8,1,5,3,0.4765625,0.39893467900196244,22.370460510253906,39.833292251562646,25.104628401905956,0.0,256,256,256,"{""0"":128,""1"":128}","{""0"":128,""1"":128}","{""0"":128,""1"":128}",c7b9735abc84db7374815b2db1437d3cb7fa58388b7fa2e7f4a630512424bd97,814950178b0d71d2e4d50cfc211a85a19602a333b68b8015905bfa24ba923d18,f4b7671ed487005ddf7ad52d5bb288b5d5a8a24650139a583e53472d967da2b6,1.524027715000102,,-0.03125,-0.09778878102424987,0.4982670125526034,0.2451470442580179,0.32476132257712464,0.0,0.4982670125526034
strengthened,rte,albert-base-v2,128,128,8,fp32_gpu,PASS,fp32_gpu,cuda,fp32,none,8,8,8,1,5,3,0.5078125,0.4967234600262123,44.58638572692871,0.9849545796875246,1015.2752427601772,117.10009765625,256,256,256,"{""0"":128,""1"":128}","{""0"":128,""1"":128}","{""0"":128,""1"":128}",c7b9735abc84db7374815b2db1437d3cb7fa58388b7fa2e7f4a630512424bd97,814950178b0d71d2e4d50cfc211a85a19602a333b68b8015905bfa24ba923d18,f4b7671ed487005ddf7ad52d5bb288b5d5a8a24650139a583e53472d967da2b6,1.524027715000102,,0.0,0.0,0.0,0.9813348123209785,52.57567345138121,0.0,52.57567345138121
strengthened,rte,albert-base-v2,128,128,8,bf16_gpu,PASS,fp32_gpu,cuda,bf16,none,8,8,8,1,5,3,0.515625,0.5047119765337328,44.58638572692871,0.9518963195311869,1050.5345797455172,119.27880859375,256,256,256,"{""0"":128,""1"":128}","{""0"":128,""1"":128}","{""0"":128,""1"":128}",c7b9735abc84db7374815b2db1437d3cb7fa58388b7fa2e7f4a630512424bd97,814950178b0d71d2e4d50cfc211a85a19602a333b68b8015905bfa24ba923d18,f4b7671ed487005ddf7ad52d5bb288b5d5a8a24650139a583e53472d967da2b6,1.524027715000102,,0.0078125,0.007988516507520471,0.0,0.9819612763660066,54.43629473404259,0.0,54.43629473404259
strengthened,rte,albert-base-v2,256,256,6,fp32_cpu,PASS,fp32_cpu,cpu,fp32,none,8,8,8,1,5,3,0.59765625,0.5943821434614733,44.58638572692871,55.076276920312495,18.156637592749,0.0,512,512,256,"{""0"":256,""1"":256}","{""0"":256,""1"":256}","{""0"":128,""1"":128}",5f69fbce5f58b5259365ff19430d95ff76f0b3125689a0791b3d9f250e7d4fc2,9ac186f4afe66451ff1e293fcf67214b1b496588a83c418ce7a094bfc188d48f,990e52abb705781f5bee97c2284da5016ce3a12a0aa251a097fc176f7d4fca12,3.033522357000038,,0.0,0.0,0.0,0.0,0.0,0.0,0.0
strengthened,rte,albert-base-v2,256,256,6,dynamic_int8_cpu,PASS,fp32_cpu,cpu,int8_dynamic,dynamic_int8_linear,8,8,8,1,5,3,0.5078125,0.5026827012025902,22.370460510253906,39.11743185546861,25.564050413503825,0.0,512,512,256,"{""0"":256,""1"":256}","{""0"":256,""1"":256}","{""0"":128,""1"":128}",5f69fbce5f58b5259365ff19430d95ff76f0b3125689a0791b3d9f250e7d4fc2,9ac186f4afe66451ff1e293fcf67214b1b496588a83c418ce7a094bfc188d48f,990e52abb705781f5bee97c2284da5016ce3a12a0aa251a097fc176f7d4fca12,3.033522357000038,,-0.08984375,-0.09169944225888316,0.4982670125526034,0.28975896624120134,0.4079727197789659,0.0,0.4982670125526034
strengthened,rte,albert-base-v2,256,256,6,fp32_gpu,PASS,fp32_gpu,cuda,fp32,none,8,8,8,1,5,3,0.59765625,0.5943821434614733,44.58638572692871,1.0173243867185988,982.9706365592208,117.10009765625,512,512,256,"{""0"":256,""1"":256}","{""0"":256,""1"":256}","{""0"":128,""1"":128}",5f69fbce5f58b5259365ff19430d95ff76f0b3125689a0791b3d9f250e7d4fc2,9ac186f4afe66451ff1e293fcf67214b1b496588a83c418ce7a094bfc188d48f,990e52abb705781f5bee97c2284da5016ce3a12a0aa251a097fc176f7d4fca12,3.033522357000038,,0.0,0.0,0.0,0.9815288097960848,53.13836298367149,0.0,53.13836298367149
strengthened,rte,albert-base-v2,256,256,6,bf16_gpu,PASS,fp32_gpu,cuda,bf16,none,8,8,8,1,5,3,0.59765625,0.5937822557039638,44.58638572692871,0.9531639203125053,1049.1374869415315,119.27880859375,512,512,256,"{""0"":256,""1"":256}","{""0"":256,""1"":256}","{""0"":128,""1"":128}",5f69fbce5f58b5259365ff19430d95ff76f0b3125689a0791b3d9f250e7d4fc2,9ac186f4afe66451ff1e293fcf67214b1b496588a83c418ce7a094bfc188d48f,990e52abb705781f5bee97c2284da5016ce3a12a0aa251a097fc176f7d4fca12,3.033522357000038,,0.0,-0.0005998877575095207,0.0,0.982693748132402,56.78258675827253,0.0,56.78258675827253
strengthened,rte,albert-base-v2,256,256,7,fp32_cpu,PASS,fp32_cpu,cpu,fp32,none,8,8,8,1,5,3,0.515625,0.3904761904761905,44.58638572692871,55.11560390859387,18.143682171358293,0.0,512,512,256,"{""0"":256,""1"":256}","{""0"":256,""1"":256}","{""0"":128,""1"":128}",5efdcb38327020b3c7a7b7a320b19807430e0e3e79004fd655976c8147288a62,d3f75bcf371ae18ff509eeeb7aa6ebfd6fc74194839e0d16133e69073e0b4852,217c3f70ada6b051ee5cb173158928fff948b61a57fbf0a07ffd7d768f578dbc,3.048977210999965,,0.0,0.0,0.0,0.0,0.0,0.0,0.0
strengthened,rte,albert-base-v2,256,256,7,dynamic_int8_cpu,PASS,fp32_cpu,cpu,int8_dynamic,dynamic_int8_linear,8,8,8,1,5,3,0.5,0.3333333333333333,22.370460510253906,41.11011218906242,24.32491537364512,0.0,512,512,256,"{""0"":256,""1"":256}","{""0"":256,""1"":256}","{""0"":128,""1"":128}",5efdcb38327020b3c7a7b7a320b19807430e0e3e79004fd655976c8147288a62,d3f75bcf371ae18ff509eeeb7aa6ebfd6fc74194839e0d16133e69073e0b4852,217c3f70ada6b051ee5cb173158928fff948b61a57fbf0a07ffd7d768f578dbc,3.048977210999965,,-0.015625,-0.05714285714285716,0.4982670125526034,0.2541111904127689,0.34068240084389,0.0,0.4982670125526034
strengthened,rte,albert-base-v2,256,256,7,fp32_gpu,PASS,fp32_gpu,cuda,fp32,none,8,8,8,1,5,3,0.515625,0.3904761904761905,44.58638572692871,0.9880683914062159,1012.0756910124439,117.10009765625,512,512,256,"{""0"":256,""1"":256}","{""0"":256,""1"":256}","{""0"":128,""1"":128}",5efdcb38327020b3c7a7b7a320b19807430e0e3e79004fd655976c8147288a62,d3f75bcf371ae18ff509eeeb7aa6ebfd6fc74194839e0d16133e69073e0b4852,217c3f70ada6b051ee5cb173158928fff948b61a57fbf0a07ffd7d768f578dbc,3.048977210999965,,0.0,0.0,0.0,0.9820728011427604,54.781162911358294,0.0,54.781162911358294
strengthened,rte,albert-base-v2,256,256,7,bf16_gpu,PASS,fp32_gpu,cuda,bf16,none,8,8,8,1,5,3,0.515625,0.3904761904761905,44.58638572692871,0.9666902757810902,1034.457493835857,119.27880859375,512,512,256,"{""0"":256,""1"":256}","{""0"":256,""1"":256}","{""0"":128,""1"":128}",5efdcb38327020b3c7a7b7a320b19807430e0e3e79004fd655976c8147288a62,d3f75bcf371ae18ff509eeeb7aa6ebfd6fc74194839e0d16133e69073e0b4852,217c3f70ada6b051ee5cb173158928fff948b61a57fbf0a07ffd7d768f578dbc,3.048977210999965,,0.0,0.0,0.0,0.9824606788780852,56.014749490533774,0.0,56.014749490533774
strengthened,rte,albert-base-v2,256,256,8,fp32_cpu,PASS,fp32_cpu,cpu,fp32,none,8,8,8,1,5,3,0.5546875,0.4782235571765715,44.58638572692871,55.22619395234365,18.107349582390743,0.0,512,512,256,"{""0"":256,""1"":256}","{""0"":256,""1"":256}","{""0"":128,""1"":128}",e652063079fcdbc5f87bef0d7df9a77616fc52c11f0c75a36ac3318fec151d8a,6361f2692c16691c1e0ee7f203a31b6db122cf61b5f75ce33b6f58b96cbe7175,f4b7671ed487005ddf7ad52d5bb288b5d5a8a24650139a583e53472d967da2b6,3.001918195000144,,0.0,0.0,0.0,0.0,0.0,0.0,0.0
strengthened,rte,albert-base-v2,256,256,8,dynamic_int8_cpu,PASS,fp32_cpu,cpu,int8_dynamic,dynamic_int8_linear,8,8,8,1,5,3,0.4921875,0.36098310291858676,22.370460510253906,40.854150414843815,24.477317233273396,0.0,512,512,256,"{""0"":256,""1"":256}","{""0"":256,""1"":256}","{""0"":128,""1"":128}",e652063079fcdbc5f87bef0d7df9a77616fc52c11f0c75a36ac3318fec151d8a,6361f2692c16691c1e0ee7f203a31b6db122cf61b5f75ce33b6f58b96cbe7175,f4b7671ed487005ddf7ad52d5bb288b5d5a8a24650139a583e53472d967da2b6,3.001918195000144,,-0.0625,-0.11724045425798474,0.4982670125526034,0.26023961654684924,0.3517890689578003,0.0,0.4982670125526034
strengthened,rte,albert-base-v2,256,256,8,fp32_gpu,PASS,fp32_gpu,cuda,fp32,none,8,8,8,1,5,3,0.5546875,0.4782235571765715,44.58638572692871,1.0053179281246827,994.7102026374853,117.10009765625,512,512,256,"{""0"":256,""1"":256}","{""0"":256,""1"":256}","{""0"":128,""1"":128}",e652063079fcdbc5f87bef0d7df9a77616fc52c11f0c75a36ac3318fec151d8a,6361f2692c16691c1e0ee7f203a31b6db122cf61b5f75ce33b6f58b96cbe7175,f4b7671ed487005ddf7ad52d5bb288b5d5a8a24650139a583e53472d967da2b6,3.001918195000144,,0.0,0.0,0.0,0.9817963568340016,53.93405857723282,0.0,53.93405857723282
strengthened,rte,albert-base-v2,256,256,8,bf16_gpu,PASS,fp32_gpu,cuda,bf16,none,8,8,8,1,5,3,0.54296875,0.46997929606625255,44.58638572692871,0.9342049703125355,1070.428901342125,119.27880859375,512,512,256,"{""0"":256,""1"":256}","{""0"":256,""1"":256}","{""0"":128,""1"":128}",e652063079fcdbc5f87bef0d7df9a77616fc52c11f0c75a36ac3318fec151d8a,6361f2692c16691c1e0ee7f203a31b6db122cf61b5f75ce33b6f58b96cbe7175,f4b7671ed487005ddf7ad52d5bb288b5d5a8a24650139a583e53472d967da2b6,3.001918195000144,,-0.01171875,-0.008244261110318951,0.0,0.983084024020944,58.115714117714326,0.0,58.115714117714326
strengthened,cola,albert-base-v2,64,64,6,fp32_cpu,PASS,fp32_cpu,cpu,fp32,none,8,8,8,1,5,3,0.52734375,0.45548192029813495,44.58638572692871,14.673688382031003,68.14919153009768,0.0,128,128,256,"{""0"":64,""1"":64}","{""0"":64,""1"":64}","{""0"":128,""1"":128}",ce6fdc25b3ef6fcb1359b134951742196556eae5cc7843dee3673c8d16632dc6,eb609109b878d3114916333a8accb1b46545d62ac1b76a255318f92ec5d66c66,6a85cebcb7dfedd58bde8df74d42f872b37e310b261c49c3bbd9a8195f267a26,0.46541784600003666,,0.0,0.0,0.0,0.0,0.0,0.0,0.0
strengthened,cola,albert-base-v2,64,64,6,dynamic_int8_cpu,PASS,fp32_cpu,cpu,int8_dynamic,dynamic_int8_linear,8,8,8,1,5,3,0.5,0.3401530406766009,22.370460510253906,9.917304642187474,100.83384912328644,0.0,128,128,256,"{""0"":64,""1"":64}","{""0"":64,""1"":64}","{""0"":128,""1"":128}",ce6fdc25b3ef6fcb1359b134951742196556eae5cc7843dee3673c8d16632dc6,eb609109b878d3114916333a8accb1b46545d62ac1b76a255318f92ec5d66c66,6a85cebcb7dfedd58bde8df74d42f872b37e310b261c49c3bbd9a8195f267a26,0.46541784600003666,,-0.02734375,-0.11532887962153404,0.4982670125526034,0.32414370647723895,0.4796044803958353,0.0,0.4982670125526034
strengthened,cola,albert-base-v2,64,64,6,fp32_gpu,PASS,fp32_gpu,cuda,fp32,none,8,8,8,1,5,3,0.52734375,0.45548192029813495,44.58638572692871,0.883996142187371,1131.226656177014,77.37646484375,128,128,256,"{""0"":64,""1"":64}","{""0"":64,""1"":64}","{""0"":128,""1"":128}",ce6fdc25b3ef6fcb1359b134951742196556eae5cc7843dee3673c8d16632dc6,eb609109b878d3114916333a8accb1b46545d62ac1b76a255318f92ec5d66c66,6a85cebcb7dfedd58bde8df74d42f872b37e310b261c49c3bbd9a8195f267a26,0.46541784600003666,,0.0,0.0,0.0,0.9397563775942054,15.599267442188433,0.0,15.599267442188433
strengthened,cola,albert-base-v2,64,64,6,bf16_gpu,PASS,fp32_gpu,cuda,bf16,none,8,8,8,1,5,3,0.52734375,0.45548192029813495,44.58638572692871,0.9686290562498812,1032.386953031921,89.52392578125,128,128,256,"{""0"":64,""1"":64}","{""0"":64,""1"":64}","{""0"":128,""1"":128}",ce6fdc25b3ef6fcb1359b134951742196556eae5cc7843dee3673c8d16632dc6,eb609109b878d3114916333a8accb1b46545d62ac1b76a255318f92ec5d66c66,6a85cebcb7dfedd58bde8df74d42f872b37e310b261c49c3bbd9a8195f267a26,0.46541784600003666,,0.0,0.0,0.0,0.9339887129240091,14.148924438464885,0.0,14.148924438464885
strengthened,cola,albert-base-v2,64,64,7,fp32_cpu,PASS,fp32_cpu,cpu,fp32,none,8,8,8,1,5,3,0.53515625,0.5159450226424088,44.58638572692871,13.19110465234381,75.80866245514312,0.0,128,128,256,"{""0"":64,""1"":64}","{""0"":64,""1"":64}","{""0"":128,""1"":128}",840d45566f9c6c882b8d0a22abc0bb7fb13da494235f2197cf8ca3e5af2578ab,5c876fb286975ec814d4a16a2b2e1bef59328bcdedcb4b0b3ae9cc00e00e03d9,f3f8e7129d68bd2c442a731ee1230ebddb8865f220ea7875490b4cce97c8fac4,0.46140638899987607,,0.0,0.0,0.0,0.0,0.0,0.0,0.0
strengthened,cola,albert-base-v2,64,64,7,dynamic_int8_cpu,PASS,fp32_cpu,cpu,int8_dynamic,dynamic_int8_linear,8,8,8,1,5,3,0.5,0.3333333333333333,22.370460510253906,8.717272264062714,114.71478344464907,0.0,128,128,256,"{""0"":64,""1"":64}","{""0"":64,""1"":64}","{""0"":128,""1"":128}",840d45566f9c6c882b8d0a22abc0bb7fb13da494235f2197cf8ca3e5af2578ab,5c876fb286975ec814d4a16a2b2e1bef59328bcdedcb4b0b3ae9cc00e00e03d9,f3f8e7129d68bd2c442a731ee1230ebddb8865f220ea7875490b4cce97c8fac4,0.46140638899987607,,-0.03515625,-0.1826116893090755,0.4982670125526034,0.3391552494040884,0.5132147135893231,0.0,0.5132147135893231
strengthened,cola,albert-base-v2,64,64,7,fp32_gpu,PASS,fp32_gpu,cuda,fp32,none,8,8,8,1,5,3,0.53515625,0.5159450226424088,44.58638572692871,0.8650904046874075,1155.9485512515203,75.67041015625,128,128,256,"{""0"":64,""1"":64}","{""0"":64,""1"":64}","{""0"":128,""1"":128}",840d45566f9c6c882b8d0a22abc0bb7fb13da494235f2197cf8ca3e5af2578ab,5c876fb286975ec814d4a16a2b2e1bef59328bcdedcb4b0b3ae9cc00e00e03d9,f3f8e7129d68bd2c442a731ee1230ebddb8865f220ea7875490b4cce97c8fac4,0.46140638899987607,,0.0,0.0,0.0,0.9344186535178691,14.248238312284016,0.0,14.248238312284016
strengthened,cola,albert-base-v2,64,64,7,bf16_gpu,PASS,fp32_gpu,cuda,bf16,none,8,8,8,1,5,3,0.53515625,0.512661771528211,44.58638572692871,0.9966431789063535,1003.3681272943944,88.19287109375,128,128,256,"{""0"":64,""1"":64}","{""0"":64,""1"":64}","{""0"":128,""1"":128}",840d45566f9c6c882b8d0a22abc0bb7fb13da494235f2197cf8ca3e5af2578ab,5c876fb286975ec814d4a16a2b2e1bef59328bcdedcb4b0b3ae9cc00e00e03d9,f3f8e7129d68bd2c442a731ee1230ebddb8865f220ea7875490b4cce97c8fac4,0.46140638899987607,,0.0,-0.003283251114197805,0.0,0.9244458136620675,12.235533971966584,0.0,12.235533971966584
strengthened,cola,albert-base-v2,64,64,8,fp32_cpu,PASS,fp32_cpu,cpu,fp32,none,8,8,8,1,5,3,0.58203125,0.5674514819903043,44.58638572692871,13.975872053125116,71.55188572124858,0.0,128,128,256,"{""0"":64,""1"":64}","{""0"":64,""1"":64}","{""0"":128,""1"":128}",9d806faf27a6b9a9bbf8683ef13439e27cb145dcc96f4c639b7afb44317daa26,120b09efb2ba2eff0097d68cb02459a70aa576843adae5c10dfdd7c84d1b8304,84bfc3a4fd13cee304bedb9610831e290de21b5f49f7169ad49409f5c47d7e96,0.46367033199976504,,0.0,0.0,0.0,0.0,0.0,0.0,0.0
strengthened,cola,albert-base-v2,64,64,8,dynamic_int8_cpu,PASS,fp32_cpu,cpu,int8_dynamic,dynamic_int8_linear,8,8,8,1,5,3,0.49609375,0.35113468906572354,22.370460510253906,9.750959190624897,102.55401345146173,0.0,128,128,256,"{""0"":64,""1"":64}","{""0"":64,""1"":64}","{""0"":128,""1"":128}",9d806faf27a6b9a9bbf8683ef13439e27cb145dcc96f4c639b7afb44317daa26,120b09efb2ba2eff0097d68cb02459a70aa576843adae5c10dfdd7c84d1b8304,84bfc3a4fd13cee304bedb9610831e290de21b5f49f7169ad49409f5c47d7e96,0.46367033199976504,,-0.0859375,-0.21631679292458073,0.4982670125526034,0.30230048231984885,0.43328177053210104,0.0,0.4982670125526034
strengthened,cola,albert-base-v2,64,64,8,fp32_gpu,PASS,fp32_gpu,cuda,fp32,none,8,8,8,1,5,3,0.58203125,0.5674514819903043,44.58638572692871,0.8898957625000037,1123.7271174217956,76.52392578125,128,128,256,"{""0"":64,""1"":64}","{""0"":64,""1"":64}","{""0"":128,""1"":128}",9d806faf27a6b9a9bbf8683ef13439e27cb145dcc96f4c639b7afb44317daa26,120b09efb2ba2eff0097d68cb02459a70aa576843adae5c10dfdd7c84d1b8304,84bfc3a4fd13cee304bedb9610831e290de21b5f49f7169ad49409f5c47d7e96,0.46367033199976504,,0.0,0.0,0.0,0.9363262800977764,14.70506641571412,0.0,14.70506641571412
strengthened,cola,albert-base-v2,64,64,8,bf16_gpu,PASS,fp32_gpu,cuda,bf16,none,8,8,8,1,5,3,0.578125,0.5640491958372753,44.58638572692871,0.9846426289062293,1015.5968984511976,88.85888671875,128,128,256,"{""0"":64,""1"":64}","{""0"":64,""1"":64}","{""0"":128,""1"":128}",9d806faf27a6b9a9bbf8683ef13439e27cb145dcc96f4c639b7afb44317daa26,120b09efb2ba2eff0097d68cb02459a70aa576843adae5c10dfdd7c84d1b8304,84bfc3a4fd13cee304bedb9610831e290de21b5f49f7169ad49409f5c47d7e96,0.46367033199976504,,-0.00390625,-0.003402286153028955,0.0,0.9295469631402317,13.193852310304637,0.0,13.193852310304637
strengthened,cola,albert-base-v2,128,128,6,fp32_cpu,PASS,fp32_cpu,cpu,fp32,none,8,8,8,1,5,3,0.59765625,0.5937822557039638,44.58638572692871,14.672091514062657,68.1566086908289,0.0,256,256,256,"{""0"":128,""1"":128}","{""0"":128,""1"":128}","{""0"":128,""1"":128}",600531de6afc46dad80406a5ee3563ea57457663e6d5b806f89a8ed0378ff571,b4ca65a6d78519acb3e819d3c722a63ccb9d494e88eca6182ff6701a37459419,6a85cebcb7dfedd58bde8df74d42f872b37e310b261c49c3bbd9a8195f267a26,0.9318730239997421,,0.0,0.0,0.0,0.0,0.0,0.0,0.0
strengthened,cola,albert-base-v2,128,128,6,dynamic_int8_cpu,PASS,fp32_cpu,cpu,int8_dynamic,dynamic_int8_linear,8,8,8,1,5,3,0.51171875,0.4758137172997854,22.370460510253906,9.780235891406264,102.24702257730654,0.0,256,256,256,"{""0"":128,""1"":128}","{""0"":128,""1"":128}","{""0"":128,""1"":128}",600531de6afc46dad80406a5ee3563ea57457663e6d5b806f89a8ed0378ff571,b4ca65a6d78519acb3e819d3c722a63ccb9d494e88eca6182ff6701a37459419,6a85cebcb7dfedd58bde8df74d42f872b37e310b261c49c3bbd9a8195f267a26,0.9318730239997421,,-0.0859375,-0.11796853840417842,0.4982670125526034,0.333412289445423,0.5001776722946724,0.0,0.5001776722946724
strengthened,cola,albert-base-v2,128,128,6,fp32_gpu,PASS,fp32_gpu,cuda,fp32,none,8,8,8,1,5,3,0.59765625,0.5937822557039638,44.58638572692871,0.9062869328126055,1103.4033083722852,77.37646484375,256,256,256,"{""0"":128,""1"":128}","{""0"":128,""1"":128}","{""0"":128,""1"":128}",600531de6afc46dad80406a5ee3563ea57457663e6d5b806f89a8ed0378ff571,b4ca65a6d78519acb3e819d3c722a63ccb9d494e88eca6182ff6701a37459419,6a85cebcb7dfedd58bde8df74d42f872b37e310b261c49c3bbd9a8195f267a26,0.9318730239997421,,0.0,0.0,0.0,0.9382305561586797,15.189234317357668,0.0,15.189234317357668
strengthened,cola,albert-base-v2,128,128,6,bf16_gpu,PASS,fp32_gpu,cuda,bf16,none,8,8,8,1,5,3,0.59375,0.5901477832512315,44.58638572692871,0.9953042617187435,1004.7178922685889,89.52392578125,256,256,256,"{""0"":128,""1"":128}","{""0"":128,""1"":128}","{""0"":128,""1"":128}",600531de6afc46dad80406a5ee3563ea57457663e6d5b806f89a8ed0378ff571,b4ca65a6d78519acb3e819d3c722a63ccb9d494e88eca6182ff6701a37459419,6a85cebcb7dfedd58bde8df74d42f872b37e310b261c49c3bbd9a8195f267a26,0.9318730239997421,,-0.00390625,-0.003634472452732296,0.0,0.9321634369057212,13.741312861180884,0.0,13.741312861180884
strengthened,cola,albert-base-v2,128,128,7,fp32_cpu,PASS,fp32_cpu,cpu,fp32,none,8,8,8,1,5,3,0.5,0.3333333333333333,44.58638572692871,13.231240919531118,75.57870090052276,0.0,256,256,256,"{""0"":128,""1"":128}","{""0"":128,""1"":128}","{""0"":128,""1"":128}",4c0d32a99c065b5604f52528469e9c4cfdf2b7a4beba6fe8f393582195570ef6,b1b1802ecf6924e051eb78dc2608297bf082ba09de5cdd55adf8f7a53d1ed78a,f3f8e7129d68bd2c442a731ee1230ebddb8865f220ea7875490b4cce97c8fac4,0.9118913970000904,,0.0,0.0,0.0,0.0,0.0,0.0,0.0
strengthened,cola,albert-base-v2,128,128,7,dynamic_int8_cpu,PASS,fp32_cpu,cpu,int8_dynamic,dynamic_int8_linear,8,8,8,1,5,3,0.51171875,0.39866578972094335,22.370460510253906,8.976315442187754,111.40428457985148,0.0,256,256,256,"{""0"":128,""1"":128}","{""0"":128,""1"":128}","{""0"":128,""1"":128}",4c0d32a99c065b5604f52528469e9c4cfdf2b7a4beba6fe8f393582195570ef6,b1b1802ecf6924e051eb78dc2608297bf082ba09de5cdd55adf8f7a53d1ed78a,f3f8e7129d68bd2c442a731ee1230ebddb8865f220ea7875490b4cce97c8fac4,0.9118913970000904,,0.01171875,0.06533245638761004,0.4982670125526034,0.32158174000614803,0.47401692874402024,0.0,0.4982670125526034
strengthened,cola,albert-base-v2,128,128,7,fp32_gpu,PASS,fp32_gpu,cuda,fp32,none,8,8,8,1,5,3,0.5,0.3333333333333333,44.58638572692871,0.8442293171874837,1184.5122878834154,75.67041015625,256,256,256,"{""0"":128,""1"":128}","{""0"":128,""1"":128}","{""0"":128,""1"":128}",4c0d32a99c065b5604f52528469e9c4cfdf2b7a4beba6fe8f393582195570ef6,b1b1802ecf6924e051eb78dc2608297bf082ba09de5cdd55adf8f7a53d1ed78a,f3f8e7129d68bd2c442a731ee1230ebddb8865f220ea7875490b4cce97c8fac4,0.9118913970000904,,0.0,0.0,0.0,0.9361942449448346,14.672567453130467,0.0,14.672567453130467
strengthened,cola,albert-base-v2,128,128,7,bf16_gpu,PASS,fp32_gpu,cuda,bf16,none,8,8,8,1,5,3,0.5,0.3333333333333333,44.58638572692871,0.9752080664064522,1025.4221990645583,88.19287109375,256,256,256,"{""0"":128,""1"":128}","{""0"":128,""1"":128}","{""0"":128,""1"":128}",4c0d32a99c065b5604f52528469e9c4cfdf2b7a4beba6fe8f393582195570ef6,b1b1802ecf6924e051eb78dc2608297bf082ba09de5cdd55adf8f7a53d1ed78a,f3f8e7129d68bd2c442a731ee1230ebddb8865f220ea7875490b4cce97c8fac4,0.9118913970000904,,0.0,0.0,0.0,0.9262950412332897,12.567608160058565,0.0,12.567608160058565
strengthened,cola,albert-base-v2,128,128,8,fp32_cpu,PASS,fp32_cpu,cpu,fp32,none,8,8,8,1,5,3,0.65234375,0.6391225152451097,44.58638572692871,13.763178841406187,72.65763320545719,0.0,256,256,256,"{""0"":128,""1"":128}","{""0"":128,""1"":128}","{""0"":128,""1"":128}",bf29fc945f81ebc94edbd5526a0b7c2f2b8b760c175fe60cd83b9d6ef6cd007a,e2f26c3a8805d0666d7c1f2195774041f364f8f93689efcc09c159eae0041c9b,84bfc3a4fd13cee304bedb9610831e290de21b5f49f7169ad49409f5c47d7e96,0.9163609719998931,,0.0,0.0,0.0,0.0,0.0,0.0,0.0
strengthened,cola,albert-base-v2,128,128,8,dynamic_int8_cpu,PASS,fp32_cpu,cpu,int8_dynamic,dynamic_int8_linear,8,8,8,1,5,3,0.5,0.3401530406766009,22.370460510253906,9.867102609374712,101.34687350366686,0.0,256,256,256,"{""0"":128,""1"":128}","{""0"":128,""1"":128}","{""0"":128,""1"":128}",bf29fc945f81ebc94edbd5526a0b7c2f2b8b760c175fe60cd83b9d6ef6cd007a,e2f26c3a8805d0666d7c1f2195774041f364f8f93689efcc09c159eae0041c9b,84bfc3a4fd13cee304bedb9610831e290de21b5f49f7169ad49409f5c47d7e96,0.9163609719998931,,-0.15234375,-0.29896947456850875,0.4982670125526034,0.2830796778074427,0.3948551450483371,0.0,0.4982670125526034
strengthened,cola,albert-base-v2,128,128,8,fp32_gpu,PASS,fp32_gpu,cuda,fp32,none,8,8,8,1,5,3,0.65234375,0.6391225152451097,44.58638572692871,0.8925475679689043,1120.3884654300455,76.52392578125,256,256,256,"{""0"":128,""1"":128}","{""0"":128,""1"":128}","{""0"":128,""1"":128}",bf29fc945f81ebc94edbd5526a0b7c2f2b8b760c175fe60cd83b9d6ef6cd007a,e2f26c3a8805d0666d7c1f2195774041f364f8f93689efcc09c159eae0041c9b,84bfc3a4fd13cee304bedb9610831e290de21b5f49f7169ad49409f5c47d7e96,0.9163609719998931,,0.0,0.0,0.0,0.9351496061880925,14.42010682156235,0.0,14.42010682156235
strengthened,cola,albert-base-v2,128,128,8,bf16_gpu,PASS,fp32_gpu,cuda,bf16,none,8,8,8,1,5,3,0.640625,0.6251591545709193,44.58638572692871,1.0242692289061495,976.3058107954025,88.85888671875,256,256,256,"{""0"":128,""1"":128}","{""0"":128,""1"":128}","{""0"":128,""1"":128}",bf29fc945f81ebc94edbd5526a0b7c2f2b8b760c175fe60cd83b9d6ef6cd007a,e2f26c3a8805d0666d7c1f2195774041f364f8f93689efcc09c159eae0041c9b,84bfc3a4fd13cee304bedb9610831e290de21b5f49f7169ad49409f5c47d7e96,0.9163609719998931,,-0.01171875,-0.01396336067419035,0.0,0.9255790220625005,12.437071477881197,0.0,12.437071477881197
strengthened,cola,albert-base-v2,256,256,6,fp32_cpu,PASS,fp32_cpu,cpu,fp32,none,8,8,8,1,5,3,0.5625,0.5592449117628974,44.58638572692871,14.91580834609394,67.04296386738396,0.0,512,512,256,"{""0"":256,""1"":256}","{""0"":256,""1"":256}","{""0"":128,""1"":128}",66a83ae744fe8d98b321e4ef3d498de58303eac3fbe9dc10c30e04d5fbaba311,3826eb2adcd7f86a5883bbb6d42ae0e12dc150d50d685b07f7c17c777e6aac15,6a85cebcb7dfedd58bde8df74d42f872b37e310b261c49c3bbd9a8195f267a26,1.8734314550001727,,0.0,0.0,0.0,0.0,0.0,0.0,0.0
strengthened,cola,albert-base-v2,256,256,6,dynamic_int8_cpu,PASS,fp32_cpu,cpu,int8_dynamic,dynamic_int8_linear,8,8,8,1,5,3,0.5,0.3333333333333333,22.370460510253906,10.33010480312484,96.80443897311687,0.0,512,512,256,"{""0"":256,""1"":256}","{""0"":256,""1"":256}","{""0"":128,""1"":128}",66a83ae744fe8d98b321e4ef3d498de58303eac3fbe9dc10c30e04d5fbaba311,3826eb2adcd7f86a5883bbb6d42ae0e12dc150d50d685b07f7c17c777e6aac15,6a85cebcb7dfedd58bde8df74d42f872b37e310b261c49c3bbd9a8195f267a26,1.8734314550001727,,-0.0625,-0.22591157842956405,0.4982670125526034,0.30743915693781193,0.443916458774158,0.0,0.4982670125526034
strengthened,cola,albert-base-v2,256,256,6,fp32_gpu,PASS,fp32_gpu,cuda,fp32,none,8,8,8,1,5,3,0.5625,0.5592449117628974,44.58638572692871,0.921548179687548,1085.130459851867,77.37646484375,512,512,256,"{""0"":256,""1"":256}","{""0"":256,""1"":256}","{""0"":128,""1"":128}",66a83ae744fe8d98b321e4ef3d498de58303eac3fbe9dc10c30e04d5fbaba311,3826eb2adcd7f86a5883bbb6d42ae0e12dc150d50d685b07f7c17c777e6aac15,6a85cebcb7dfedd58bde8df74d42f872b37e310b261c49c3bbd9a8195f267a26,1.8734314550001727,,0.0,0.0,0.0,0.9382166786871543,15.185597969659232,0.0,15.185597969659232
strengthened,cola,albert-base-v2,256,256,6,bf16_gpu,PASS,fp32_gpu,cuda,bf16,none,8,8,8,1,5,3,0.5625,0.5592449117628974,44.58638572692871,1.0193752476563844,980.9930173398565,89.52392578125,512,512,256,"{""0"":256,""1"":256}","{""0"":256,""1"":256}","{""0"":128,""1"":128}",66a83ae744fe8d98b321e4ef3d498de58303eac3fbe9dc10c30e04d5fbaba311,3826eb2adcd7f86a5883bbb6d42ae0e12dc150d50d685b07f7c17c777e6aac15,6a85cebcb7dfedd58bde8df74d42f872b37e310b261c49c3bbd9a8195f267a26,1.8734314550001727,,0.0,0.0,0.0,0.9316580621040674,13.632303835497707,0.0,13.632303835497707
strengthened,cola,albert-base-v2,256,256,7,fp32_cpu,PASS,fp32_cpu,cpu,fp32,none,8,8,8,1,5,3,0.6484375,0.625,44.58638572692871,14.213334514062481,70.35646695084911,0.0,512,512,256,"{""0"":256,""1"":256}","{""0"":256,""1"":256}","{""0"":128,""1"":128}",780aa46f60d60660daccee1a2a3c4a4094367fbe79a35535087a7218f10fa809,8d0804cf4a3d7f54c79804f969ba3b6cf91a5f2f71e87460145de49f8c109c98,f3f8e7129d68bd2c442a731ee1230ebddb8865f220ea7875490b4cce97c8fac4,2.1058161690002635,,0.0,0.0,0.0,0.0,0.0,0.0,0.0
strengthened,cola,albert-base-v2,256,256,7,dynamic_int8_cpu,PASS,fp32_cpu,cpu,int8_dynamic,dynamic_int8_linear,8,8,8,1,5,3,0.5,0.3333333333333333,22.370460510253906,9.926939782031496,100.7359792602021,0.0,512,512,256,"{""0"":256,""1"":256}","{""0"":256,""1"":256}","{""0"":128,""1"":128}",780aa46f60d60660daccee1a2a3c4a4094367fbe79a35535087a7218f10fa809,8d0804cf4a3d7f54c79804f969ba3b6cf91a5f2f71e87460145de49f8c109c98,f3f8e7129d68bd2c442a731ee1230ebddb8865f220ea7875490b4cce97c8fac4,2.1058161690002635,,-0.1484375,-0.2916666666666667,0.4982670125526034,0.3015755893024317,0.43179417082691285,0.0,0.4982670125526034
strengthened,cola,albert-base-v2,256,256,7,fp32_gpu,PASS,fp32_gpu,cuda,fp32,none,8,8,8,1,5,3,0.6484375,0.625,44.58638572692871,1.1688194453125078,855.5641369678184,75.67041015625,512,512,256,"{""0"":256,""1"":256}","{""0"":256,""1"":256}","{""0"":128,""1"":128}",780aa46f60d60660daccee1a2a3c4a4094367fbe79a35535087a7218f10fa809,8d0804cf4a3d7f54c79804f969ba3b6cf91a5f2f71e87460145de49f8c109c98,f3f8e7129d68bd2c442a731ee1230ebddb8865f220ea7875490b4cce97c8fac4,2.1058161690002635,,0.0,0.0,0.0,0.9177659933243607,11.160419276958773,0.0,11.160419276958773
strengthened,cola,albert-base-v2,256,256,7,bf16_gpu,PASS,fp32_gpu,cuda,bf16,none,8,8,8,1,5,3,0.64453125,0.6200355564254375,44.58638572692871,1.2554168351563533,796.5481838352574,88.19287109375,512,512,256,"{""0"":256,""1"":256}","{""0"":256,""1"":256}","{""0"":128,""1"":128}",780aa46f60d60660daccee1a2a3c4a4094367fbe79a35535087a7218f10fa809,8d0804cf4a3d7f54c79804f969ba3b6cf91a5f2f71e87460145de49f8c109c98,f3f8e7129d68bd2c442a731ee1230ebddb8865f220ea7875490b4cce97c8fac4,2.1058161690002635,,-0.00390625,-0.004964443574562494,0.0,0.9116733069277825,10.321605793419451,0.0,10.321605793419451
strengthened,cola,albert-base-v2,256,256,8,fp32_cpu,PASS,fp32_cpu,cpu,fp32,none,8,8,8,1,5,3,0.6875,0.6717948717948719,44.58638572692871,16.94596302343747,59.01110480513435,0.0,512,512,256,"{""0"":256,""1"":256}","{""0"":256,""1"":256}","{""0"":128,""1"":128}",32bae33bc070dcd351f240e761c57a87cb2ba8b225ca7937c12ce583aae4cbef,f39e050df400c8c38ee0229ebfde19e84e8706b8d9d6083ff145126a6aa6b215,84bfc3a4fd13cee304bedb9610831e290de21b5f49f7169ad49409f5c47d7e96,2.8266371419999814,,0.0,0.0,0.0,0.0,0.0,0.0,0.0
strengthened,cola,albert-base-v2,256,256,8,dynamic_int8_cpu,PASS,fp32_cpu,cpu,int8_dynamic,dynamic_int8_linear,8,8,8,1,5,3,0.4765625,0.44613794885042624,22.370460510253906,10.70218629843751,93.43885184899064,0.0,512,512,256,"{""0"":256,""1"":256}","{""0"":256,""1"":256}","{""0"":128,""1"":128}",32bae33bc070dcd351f240e761c57a87cb2ba8b225ca7937c12ce583aae4cbef,f39e050df400c8c38ee0229ebfde19e84e8706b8d9d6083ff145126a6aa6b215,84bfc3a4fd13cee304bedb9610831e290de21b5f49f7169ad49409f5c47d7e96,2.8266371419999814,,-0.2109375,-0.22565692294444561,0.4982670125526034,0.36845216269883124,0.5834113283854473,0.0,0.5834113283854473
strengthened,cola,albert-base-v2,256,256,8,fp32_gpu,PASS,fp32_gpu,cuda,fp32,none,8,8,8,1,5,3,0.6875,0.6717948717948719,44.58638572692871,1.2236688656251715,817.2145488796929,76.52392578125,512,512,256,"{""0"":256,""1"":256}","{""0"":256,""1"":256}","{""0"":128,""1"":128}",32bae33bc070dcd351f240e761c57a87cb2ba8b225ca7937c12ce583aae4cbef,f39e050df400c8c38ee0229ebfde19e84e8706b8d9d6083ff145126a6aa6b215,84bfc3a4fd13cee304bedb9610831e290de21b5f49f7169ad49409f5c47d7e96,2.8266371419999814,,0.0,0.0,0.0,0.9277899483238131,12.84848752753041,0.0,12.84848752753041
strengthened,cola,albert-base-v2,256,256,8,bf16_gpu,PASS,fp32_gpu,cuda,bf16,none,8,8,8,1,5,3,0.6875,0.6729479399552858,44.58638572692871,1.2946024999997974,772.4378718565401,88.85888671875,512,512,256,"{""0"":256,""1"":256}","{""0"":256,""1"":256}","{""0"":128,""1"":128}",32bae33bc070dcd351f240e761c57a87cb2ba8b225ca7937c12ce583aae4cbef,f39e050df400c8c38ee0229ebfde19e84e8706b8d9d6083ff145126a6aa6b215,84bfc3a4fd13cee304bedb9610831e290de21b5f49f7169ad49409f5c47d7e96,2.8266371419999814,,0.0,0.0011530681604139392,0.0,0.923604076191523,12.089703614383662,0.0,12.089703614383662
strengthened,qqp,albert-base-v2,64,64,6,fp32_cpu,PASS,fp32_cpu,cpu,fp32,none,8,8,8,1,5,3,0.59375,0.5835835835835836,44.58638572692871,35.85120639687496,27.89306415326562,0.0,128,128,256,"{""0"":64,""1"":64}","{""0"":64,""1"":64}","{""0"":128,""1"":128}",67bd199a476d9f9fa786e2cf856d5b3b7dacfc04aad28e4b327229186a093a64,85a6da53365396a4a5c59f732d4f2428d19bab7940fc4e56c8b45a2041aafadb,76cca96d4158c74e8f5ec779f9c28493f9403ed9f511fbdd84ac5dcc1c787c6d,0.7283878820003338,,0.0,0.0,0.0,0.0,0.0,0.0,0.0
strengthened,qqp,albert-base-v2,64,64,6,dynamic_int8_cpu,PASS,fp32_cpu,cpu,int8_dynamic,dynamic_int8_linear,8,8,8,1,5,3,0.51953125,0.5168699654775604,22.370460510253906,26.49336073906241,37.745305695610654,0.0,128,128,256,"{""0"":64,""1"":64}","{""0"":64,""1"":64}","{""0"":128,""1"":128}",67bd199a476d9f9fa786e2cf856d5b3b7dacfc04aad28e4b327229186a093a64,85a6da53365396a4a5c59f732d4f2428d19bab7940fc4e56c8b45a2041aafadb,76cca96d4158c74e8f5ec779f9c28493f9403ed9f511fbdd84ac5dcc1c787c6d,0.7283878820003338,,-0.07421875,-0.06671361810602328,0.4982670125526034,0.2610189892697235,0.3532147450064775,0.0,0.4982670125526034
strengthened,qqp,albert-base-v2,64,64,6,fp32_gpu,PASS,fp32_gpu,cuda,fp32,none,8,8,8,1,5,3,0.59375,0.5835835835835836,44.58638572692871,1.1916663132812033,839.1610880117454,97.58056640625,128,128,256,"{""0"":64,""1"":64}","{""0"":64,""1"":64}","{""0"":128,""1"":128}",67bd199a476d9f9fa786e2cf856d5b3b7dacfc04aad28e4b327229186a093a64,85a6da53365396a4a5c59f732d4f2428d19bab7940fc4e56c8b45a2041aafadb,76cca96d4158c74e8f5ec779f9c28493f9403ed9f511fbdd84ac5dcc1c787c6d,0.7283878820003338,,0.0,0.0,0.0,0.9667607750743619,29.084937366535236,0.0,29.084937366535236
strengthened,qqp,albert-base-v2,64,64,6,bf16_gpu,PASS,fp32_gpu,cuda,bf16,none,8,8,8,1,5,3,0.59375,0.5825127014990905,44.58638572692871,1.244323283593829,803.6496730269489,103.63427734375,128,128,256,"{""0"":64,""1"":64}","{""0"":64,""1"":64}","{""0"":128,""1"":128}",67bd199a476d9f9fa786e2cf856d5b3b7dacfc04aad28e4b327229186a093a64,85a6da53365396a4a5c59f732d4f2428d19bab7940fc4e56c8b45a2041aafadb,76cca96d4158c74e8f5ec779f9c28493f9403ed9f511fbdd84ac5dcc1c787c6d,0.7283878820003338,,0.0,-0.00107088208449313,0.0,0.9652920108233152,27.81181029847022,0.0,27.81181029847022
strengthened,qqp,albert-base-v2,64,64,7,fp32_cpu,PASS,fp32_cpu,cpu,fp32,none,8,8,8,1,5,3,0.5625,0.5151515151515151,44.58638572692871,35.934140249218416,27.828688624928226,0.0,128,128,256,"{""0"":64,""1"":64}","{""0"":64,""1"":64}","{""0"":128,""1"":128}",be37272fd0d379591d7084244c2ede3e834b369686ba076c5da8f8ecc7a27613,e3c8be670c7f831c9b58a2763eeba0734035993982ffdc8d096f31eb4e7506e6,95481784522cc448678f93ac660c1b3683f62bb79c0ac3936905e1969e1cd4eb,0.7575705690001087,,0.0,0.0,0.0,0.0,0.0,0.0,0.0
strengthened,qqp,albert-base-v2,64,64,7,dynamic_int8_cpu,PASS,fp32_cpu,cpu,int8_dynamic,dynamic_int8_linear,8,8,8,1,5,3,0.49609375,0.33159268929503916,22.370460510253906,23.421872394531107,42.69513483616686,0.0,128,128,256,"{""0"":64,""1"":64}","{""0"":64,""1"":64}","{""0"":128,""1"":128}",be37272fd0d379591d7084244c2ede3e834b369686ba076c5da8f8ecc7a27613,e3c8be670c7f831c9b58a2763eeba0734035993982ffdc8d096f31eb4e7506e6,95481784522cc448678f93ac660c1b3683f62bb79c0ac3936905e1969e1cd4eb,0.7575705690001087,,-0.06640625,-0.18355882585647598,0.4982670125526034,0.3482000061197918,0.5342129631621108,0.0,0.5342129631621108
strengthened,qqp,albert-base-v2,64,64,7,fp32_gpu,PASS,fp32_gpu,cuda,fp32,none,8,8,8,1,5,3,0.5625,0.5151515151515151,44.58638572692871,0.9260129320313837,1079.8985256137964,95.279296875,128,128,256,"{""0"":64,""1"":64}","{""0"":64,""1"":64}","{""0"":128,""1"":128}",be37272fd0d379591d7084244c2ede3e834b369686ba076c5da8f8ecc7a27613,e3c8be670c7f831c9b58a2763eeba0734035993982ffdc8d096f31eb4e7506e6,95481784522cc448678f93ac660c1b3683f62bb79c0ac3936905e1969e1cd4eb,0.7575705690001087,,0.0,0.0,0.0,0.9742302744518418,37.805225074330345,0.0,37.805225074330345
strengthened,qqp,albert-base-v2,64,64,7,bf16_gpu,PASS,fp32_gpu,cuda,bf16,none,8,8,8,1,5,3,0.5546875,0.5037747398490104,44.58638572692871,1.0419187320312773,959.7677527598007,102.3330078125,128,128,256,"{""0"":64,""1"":64}","{""0"":64,""1"":64}","{""0"":128,""1"":128}",be37272fd0d379591d7084244c2ede3e834b369686ba076c5da8f8ecc7a27613,e3c8be670c7f831c9b58a2763eeba0734035993982ffdc8d096f31eb4e7506e6,95481784522cc448678f93ac660c1b3683f62bb79c0ac3936905e1969e1cd4eb,0.7575705690001087,,-0.0078125,-0.011376775302504694,0.0,0.9710047680338215,33.48842903434787,0.0,33.48842903434787
strengthened,qqp,albert-base-v2,64,64,8,fp32_cpu,PASS,fp32_cpu,cpu,fp32,none,8,8,8,1,5,3,0.5625,0.49090909090909085,44.58638572692871,36.022322544530994,27.760564265776992,0.0,128,128,256,"{""0"":64,""1"":64}","{""0"":64,""1"":64}","{""0"":128,""1"":128}",2195bfba7fbc6cc01f5a40454cfdf1996428c47ee849b7a3afeaa10e6d835de3,61c440926972613fa8517a93cb58458796708b1a2ab604ef1ffe11dc76898cff,80f9e0cfff7ab65adc8e42cc60d420a8059593e05ce48cd16fbdca5f1e1e7d3f,0.6170362970001406,,0.0,0.0,0.0,0.0,0.0,0.0,0.0
strengthened,qqp,albert-base-v2,64,64,8,dynamic_int8_cpu,PASS,fp32_cpu,cpu,int8_dynamic,dynamic_int8_linear,8,8,8,1,5,3,0.484375,0.3263157894736842,22.370460510253906,25.454825301562423,39.28528238371449,0.0,128,128,256,"{""0"":64,""1"":64}","{""0"":64,""1"":64}","{""0"":128,""1"":128}",2195bfba7fbc6cc01f5a40454cfdf1996428c47ee849b7a3afeaa10e6d835de3,61c440926972613fa8517a93cb58458796708b1a2ab604ef1ffe11dc76898cff,80f9e0cfff7ab65adc8e42cc60d420a8059593e05ce48cd16fbdca5f1e1e7d3f,0.6170362970001406,,-0.078125,-0.16459330143540662,0.4982670125526034,0.29335968634185017,0.41514711327914466,0.0,0.4982670125526034
strengthened,qqp,albert-base-v2,64,64,8,fp32_gpu,PASS,fp32_gpu,cuda,fp32,none,8,8,8,1,5,3,0.5625,0.49090909090909085,44.58638572692871,1.1917247992190738,839.1199047425133,98.38916015625,128,128,256,"{""0"":64,""1"":64}","{""0"":64,""1"":64}","{""0"":128,""1"":128}",2195bfba7fbc6cc01f5a40454cfdf1996428c47ee849b7a3afeaa10e6d835de3,61c440926972613fa8517a93cb58458796708b1a2ab604ef1ffe11dc76898cff,80f9e0cfff7ab65adc8e42cc60d420a8059593e05ce48cd16fbdca5f1e1e7d3f,0.6170362970001406,,0.0,0.0,0.0,0.9669170471241587,29.227047862170934,0.0,29.227047862170934
strengthened,qqp,albert-base-v2,64,64,8,bf16_gpu,PASS,fp32_gpu,cuda,bf16,none,8,8,8,1,5,3,0.5625,0.48737752985768434,44.58638572692871,1.2793604226562394,781.6405621832319,104.30224609375,128,128,256,"{""0"":64,""1"":64}","{""0"":64,""1"":64}","{""0"":128,""1"":128}",2195bfba7fbc6cc01f5a40454cfdf1996428c47ee849b7a3afeaa10e6d835de3,61c440926972613fa8517a93cb58458796708b1a2ab604ef1ffe11dc76898cff,80f9e0cfff7ab65adc8e42cc60d420a8059593e05ce48cd16fbdca5f1e1e7d3f,0.6170362970001406,,0.0,-0.0035315610514065066,0.0,0.9644842327677599,27.15650844485291,0.0,27.15650844485291
strengthened,qqp,albert-base-v2,128,128,6,fp32_cpu,PASS,fp32_cpu,cpu,fp32,none,8,8,8,1,5,3,0.73828125,0.7313914337170151,44.58638572692871,35.400852249999915,28.247907506238143,0.0,256,256,256,"{""0"":128,""1"":128}","{""0"":128,""1"":128}","{""0"":128,""1"":128}",cc760e5097958f2674192e0737e71d94902c6b9d68d50898ccf70e8f14a29364,fe3d66c24aeffcd5a8a10f3886877a1fee421229b3f7d5d78a547be83a06b0d2,76cca96d4158c74e8f5ec779f9c28493f9403ed9f511fbdd84ac5dcc1c787c6d,1.3380042339999818,,0.0,0.0,0.0,0.0,0.0,0.0,0.0
strengthened,qqp,albert-base-v2,128,128,6,dynamic_int8_cpu,PASS,fp32_cpu,cpu,int8_dynamic,dynamic_int8_linear,8,8,8,1,5,3,0.51171875,0.38279939051439815,22.370460510253906,24.832543703125154,40.26973684029602,0.0,256,256,256,"{""0"":128,""1"":128}","{""0"":128,""1"":128}","{""0"":128,""1"":128}",cc760e5097958f2674192e0737e71d94902c6b9d68d50898ccf70e8f14a29364,fe3d66c24aeffcd5a8a10f3886877a1fee421229b3f7d5d78a547be83a06b0d2,76cca96d4158c74e8f5ec779f9c28493f9403ed9f511fbdd84ac5dcc1c787c6d,1.3380042339999818,,-0.2265625,-0.34859204320261694,0.4982670125526034,0.29853260232950424,0.42558300402969773,0.0,0.4982670125526034
strengthened,qqp,albert-base-v2,128,128,6,fp32_gpu,PASS,fp32_gpu,cuda,fp32,none,8,8,8,1,5,3,0.73828125,0.7313914337170151,44.58638572692871,0.9237321570314094,1082.5648889540578,97.58056640625,256,256,256,"{""0"":128,""1"":128}","{""0"":128,""1"":128}","{""0"":128,""1"":128}",cc760e5097958f2674192e0737e71d94902c6b9d68d50898ccf70e8f14a29364,fe3d66c24aeffcd5a8a10f3886877a1fee421229b3f7d5d78a547be83a06b0d2,76cca96d4158c74e8f5ec779f9c28493f9403ed9f511fbdd84ac5dcc1c787c6d,1.3380042339999818,,0.0,0.0,0.0,0.9739064994676389,37.32371968490016,0.0,37.32371968490016
strengthened,qqp,albert-base-v2,128,128,6,bf16_gpu,PASS,fp32_gpu,cuda,bf16,none,8,8,8,1,5,3,0.73046875,0.7218749507959251,44.58638572692871,1.0254933906249875,975.1403657419474,103.63427734375,256,256,256,"{""0"":128,""1"":128}","{""0"":128,""1"":128}","{""0"":128,""1"":128}",cc760e5097958f2674192e0737e71d94902c6b9d68d50898ccf70e8f14a29364,fe3d66c24aeffcd5a8a10f3886877a1fee421229b3f7d5d78a547be83a06b0d2,76cca96d4158c74e8f5ec779f9c28493f9403ed9f511fbdd84ac5dcc1c787c6d,1.3380042339999818,,-0.0078125,-0.009516482921089975,0.0,0.9710319575533668,33.52080001064156,0.0,33.52080001064156
strengthened,qqp,albert-base-v2,128,128,7,fp32_cpu,PASS,fp32_cpu,cpu,fp32,none,8,8,8,1,5,3,0.6953125,0.693798687358155,44.58638572692871,33.59706993046885,29.764500358797953,0.0,256,256,256,"{""0"":128,""1"":128}","{""0"":128,""1"":128}","{""0"":128,""1"":128}",bb26ada460ba23b47d03ce38ac2d05782f1e12e069dd4e30141e6b426278790d,a56d371f75e2c04b0ac8536995b2b18b973863730218932ebb23da38d6ed43d5,95481784522cc448678f93ac660c1b3683f62bb79c0ac3936905e1969e1cd4eb,1.2840186640000866,,0.0,0.0,0.0,0.0,0.0,0.0,0.0
strengthened,qqp,albert-base-v2,128,128,7,dynamic_int8_cpu,PASS,fp32_cpu,cpu,int8_dynamic,dynamic_int8_linear,8,8,8,1,5,3,0.4921875,0.34296770117665637,22.370460510253906,25.078127549999962,39.87538535348113,0.0,256,256,256,"{""0"":128,""1"":128}","{""0"":128,""1"":128}","{""0"":128,""1"":128}",bb26ada460ba23b47d03ce38ac2d05782f1e12e069dd4e30141e6b426278790d,a56d371f75e2c04b0ac8536995b2b18b973863730218932ebb23da38d6ed43d5,95481784522cc448678f93ac660c1b3683f62bb79c0ac3936905e1969e1cd4eb,1.2840186640000866,,-0.203125,-0.3508309861814986,0.4982670125526034,0.25356206354004523,0.33969611022529883,0.0,0.4982670125526034
strengthened,qqp,albert-base-v2,128,128,7,fp32_gpu,PASS,fp32_gpu,cuda,fp32,none,8,8,8,1,5,3,0.6953125,0.693798687358155,44.58638572692871,1.3026662296876879,767.6563475816429,95.279296875,256,256,256,"{""0"":128,""1"":128}","{""0"":128,""1"":128}","{""0"":128,""1"":128}",bb26ada460ba23b47d03ce38ac2d05782f1e12e069dd4e30141e6b426278790d,a56d371f75e2c04b0ac8536995b2b18b973863730218932ebb23da38d6ed43d5,95481784522cc448678f93ac660c1b3683f62bb79c0ac3936905e1969e1cd4eb,1.2840186640000866,,0.0,0.0,0.0,0.9612267905390668,24.79100399226876,0.0,24.79100399226876
strengthened,qqp,albert-base-v2,128,128,7,bf16_gpu,PASS,fp32_gpu,cuda,bf16,none,8,8,8,1,5,3,0.6953125,0.693798687358155,44.58638572692871,1.4154969374999382,706.4656754158775,102.3330078125,256,256,256,"{""0"":128,""1"":128}","{""0"":128,""1"":128}","{""0"":128,""1"":128}",bb26ada460ba23b47d03ce38ac2d05782f1e12e069dd4e30141e6b426278790d,a56d371f75e2c04b0ac8536995b2b18b973863730218932ebb23da38d6ed43d5,95481784522cc448678f93ac660c1b3683f62bb79c0ac3936905e1969e1cd4eb,1.2840186640000866,,0.0,0.0,0.0,0.9578684408959057,22.735176700423146,0.0,22.735176700423146
strengthened,qqp,albert-base-v2,128,128,8,fp32_cpu,PASS,fp32_cpu,cpu,fp32,none,8,8,8,1,5,3,0.6640625,0.6640419947506562,44.58638572692871,39.40656157421891,25.376484525720034,0.0,256,256,256,"{""0"":128,""1"":128}","{""0"":128,""1"":128}","{""0"":128,""1"":128}",bd45c3001a5c402c696fdc661440dbc7faa4c6456a96145249ef3d8362d2ed30,1bd534595469be3f227d67a14739a2f8a2f1d249fbb59019b067793b89a2cfe3,80f9e0cfff7ab65adc8e42cc60d420a8059593e05ce48cd16fbdca5f1e1e7d3f,2.5343136010001217,,0.0,0.0,0.0,0.0,0.0,0.0,0.0
strengthened,qqp,albert-base-v2,128,128,8,dynamic_int8_cpu,PASS,fp32_cpu,cpu,int8_dynamic,dynamic_int8_linear,8,8,8,1,5,3,0.49609375,0.33159268929503916,22.370460510253906,26.257403326562212,38.08449706785711,0.0,256,256,256,"{""0"":128,""1"":128}","{""0"":128,""1"":128}","{""0"":128,""1"":128}",bd45c3001a5c402c696fdc661440dbc7faa4c6456a96145249ef3d8362d2ed30,1bd534595469be3f227d67a14739a2f8a2f1d249fbb59019b067793b89a2cfe3,80f9e0cfff7ab65adc8e42cc60d420a8059593e05ce48cd16fbdca5f1e1e7d3f,2.5343136010001217,,-0.16796875,-0.332449305455617,0.4982670125526034,0.33367941079790425,0.5007790787276708,0.0,0.5007790787276708
strengthened,qqp,albert-base-v2,128,128,8,fp32_gpu,PASS,fp32_gpu,cuda,fp32,none,8,8,8,1,5,3,0.6640625,0.6640419947506562,44.58638572692871,1.1910495062501525,839.5956631125734,98.38916015625,256,256,256,"{""0"":128,""1"":128}","{""0"":128,""1"":128}","{""0"":128,""1"":128}",bd45c3001a5c402c696fdc661440dbc7faa4c6456a96145249ef3d8362d2ed30,1bd534595469be3f227d67a14739a2f8a2f1d249fbb59019b067793b89a2cfe3,80f9e0cfff7ab65adc8e42cc60d420a8059593e05ce48cd16fbdca5f1e1e7d3f,2.5343136010001217,,0.0,0.0,0.0,0.9697753506352765,32.085578195892786,0.0,32.085578195892786
strengthened,qqp,albert-base-v2,128,128,8,bf16_gpu,PASS,fp32_gpu,cuda,bf16,none,8,8,8,1,5,3,0.6640625,0.6640419947506562,44.58638572692871,1.264553898437626,790.7927066102236,104.30224609375,256,256,256,"{""0"":128,""1"":128}","{""0"":128,""1"":128}","{""0"":128,""1"":128}",bd45c3001a5c402c696fdc661440dbc7faa4c6456a96145249ef3d8362d2ed30,1bd534595469be3f227d67a14739a2f8a2f1d249fbb59019b067793b89a2cfe3,80f9e0cfff7ab65adc8e42cc60d420a8059593e05ce48cd16fbdca5f1e1e7d3f,2.5343136010001217,,0.0,0.0,0.0,0.9679100675643586,30.162421485479012,0.0,30.162421485479012
strengthened,qqp,albert-base-v2,256,256,6,fp32_cpu,PASS,fp32_cpu,cpu,fp32,none,8,8,8,1,5,3,0.7890625,0.7888563049853372,44.58638572692871,35.30872558671874,28.321611255664994,0.0,512,512,256,"{""0"":256,""1"":256}","{""0"":256,""1"":256}","{""0"":128,""1"":128}",97ddd4eac5b59c80de168c1d551ff5c0f0d277d9c6ee996344538f622ed6e81b,d719707b1d7c66d20f8b5647dadad5cf0236ef4a6becc41ce9a44e8f53c7fdac,76cca96d4158c74e8f5ec779f9c28493f9403ed9f511fbdd84ac5dcc1c787c6d,2.7673886770003264,,0.0,0.0,0.0,0.0,0.0,0.0,0.0
strengthened,qqp,albert-base-v2,256,256,6,dynamic_int8_cpu,PASS,fp32_cpu,cpu,int8_dynamic,dynamic_int8_linear,8,8,8,1,5,3,0.5078125,0.5053671103477888,22.370460510253906,25.186039955468686,39.70453480452247,0.0,512,512,256,"{""0"":256,""1"":256}","{""0"":256,""1"":256}","{""0"":128,""1"":128}",97ddd4eac5b59c80de168c1d551ff5c0f0d277d9c6ee996344538f622ed6e81b,d719707b1d7c66d20f8b5647dadad5cf0236ef4a6becc41ce9a44e8f53c7fdac,76cca96d4158c74e8f5ec779f9c28493f9403ed9f511fbdd84ac5dcc1c787c6d,2.7673886770003264,,-0.28125,-0.2834891946375484,0.4982670125526034,0.2866907673115697,0.40191652396120714,0.0,0.4982670125526034
strengthened,qqp,albert-base-v2,256,256,6,fp32_gpu,PASS,fp32_gpu,cuda,fp32,none,8,8,8,1,5,3,0.7890625,0.7888563049853372,44.58638572692871,1.0977349054687835,910.9667507320029,97.58056640625,512,512,256,"{""0"":256,""1"":256}","{""0"":256,""1"":256}","{""0"":128,""1"":128}",97ddd4eac5b59c80de168c1d551ff5c0f0d277d9c6ee996344538f622ed6e81b,d719707b1d7c66d20f8b5647dadad5cf0236ef4a6becc41ce9a44e8f53c7fdac,76cca96d4158c74e8f5ec779f9c28493f9403ed9f511fbdd84ac5dcc1c787c6d,2.7673886770003264,,0.0,0.0,0.0,0.968910378745539,31.165075020221103,0.0,31.165075020221103
strengthened,qqp,albert-base-v2,256,256,6,bf16_gpu,PASS,fp32_gpu,cuda,bf16,none,8,8,8,1,5,3,0.78515625,0.7849954952891414,44.58638572692871,1.1850952851560237,843.8140059500321,103.63427734375,512,512,256,"{""0"":256,""1"":256}","{""0"":256,""1"":256}","{""0"":128,""1"":128}",97ddd4eac5b59c80de168c1d551ff5c0f0d277d9c6ee996344538f622ed6e81b,d719707b1d7c66d20f8b5647dadad5cf0236ef4a6becc41ce9a44e8f53c7fdac,76cca96d4158c74e8f5ec779f9c28493f9403ed9f511fbdd84ac5dcc1c787c6d,2.7673886770003264,,-0.00390625,-0.003860809696195844,0.0,0.9664361920328897,28.793997182319536,0.0,28.793997182319536
strengthened,qqp,albert-base-v2,256,256,7,fp32_cpu,PASS,fp32_cpu,cpu,fp32,none,8,8,8,1,5,3,0.74609375,0.7456240923335626,44.58638572692871,33.22245995703099,30.100119054801247,0.0,512,512,256,"{""0"":256,""1"":256}","{""0"":256,""1"":256}","{""0"":128,""1"":128}",4847e793b3bda93e04e7f85e2b0dad8e2e567764a10fe6aaaa3c094bc8ff5cdc,532f4e7342c4df39d3c4e610d71f90fd6317c1014e4242029be1e7a476de594c,95481784522cc448678f93ac660c1b3683f62bb79c0ac3936905e1969e1cd4eb,2.899209466999764,,0.0,0.0,0.0,0.0,0.0,0.0,0.0
strengthened,qqp,albert-base-v2,256,256,7,dynamic_int8_cpu,PASS,fp32_cpu,cpu,int8_dynamic,dynamic_int8_linear,8,8,8,1,5,3,0.5,0.3333333333333333,22.370460510253906,23.462657786718566,42.62091742079053,0.0,512,512,256,"{""0"":256,""1"":256}","{""0"":256,""1"":256}","{""0"":128,""1"":128}",4847e793b3bda93e04e7f85e2b0dad8e2e567764a10fe6aaaa3c094bc8ff5cdc,532f4e7342c4df39d3c4e610d71f90fd6317c1014e4242029be1e7a476de594c,95481784522cc448678f93ac660c1b3683f62bb79c0ac3936905e1969e1cd4eb,2.899209466999764,,-0.24609375,-0.4122907590002293,0.4982670125526034,0.2937712072777116,0.41597172234413815,0.0,0.4982670125526034
strengthened,qqp,albert-base-v2,256,256,7,fp32_gpu,PASS,fp32_gpu,cuda,fp32,none,8,8,8,1,5,3,0.74609375,0.7456240923335626,44.58638572692871,1.17060390937489,854.2599183134512,95.279296875,512,512,256,"{""0"":256,""1"":256}","{""0"":256,""1"":256}","{""0"":128,""1"":128}",4847e793b3bda93e04e7f85e2b0dad8e2e567764a10fe6aaaa3c094bc8ff5cdc,532f4e7342c4df39d3c4e610d71f90fd6317c1014e4242029be1e7a476de594c,95481784522cc448678f93ac660c1b3683f62bb79c0ac3936905e1969e1cd4eb,2.899209466999764,,0.0,0.0,0.0,0.9647646829618001,27.3806159290652,0.0,27.3806159290652
strengthened,qqp,albert-base-v2,256,256,7,bf16_gpu,PASS,fp32_gpu,cuda,bf16,none,8,8,8,1,5,3,0.7421875,0.7416197700024467,44.58638572692871,1.1036504578125772,906.0839805947154,102.3330078125,512,512,256,"{""0"":256,""1"":256}","{""0"":256,""1"":256}","{""0"":128,""1"":128}",4847e793b3bda93e04e7f85e2b0dad8e2e567764a10fe6aaaa3c094bc8ff5cdc,532f4e7342c4df39d3c4e610d71f90fd6317c1014e4242029be1e7a476de594c,95481784522cc448678f93ac660c1b3683f62bb79c0ac3936905e1969e1cd4eb,2.899209466999764,,-0.00390625,-0.004004322331115917,0.0,0.9667799898249555,29.10233876301518,0.0,29.10233876301518
strengthened,qqp,albert-base-v2,256,256,8,fp32_cpu,PASS,fp32_cpu,cpu,fp32,none,8,8,8,1,5,3,0.703125,0.7004926108374384,44.58638572692871,39.63251290156258,25.23180910793505,0.0,512,512,256,"{""0"":256,""1"":256}","{""0"":256,""1"":256}","{""0"":128,""1"":128}",dd2371fedb5e77d102deaba4de74387c7b7ddb3225d3dcfbbb972bbe155b901d,2231a509f43241c8e091320c026d9979678defc506e3af65d868df3a718bc773,80f9e0cfff7ab65adc8e42cc60d420a8059593e05ce48cd16fbdca5f1e1e7d3f,3.8735030269999697,,0.0,0.0,0.0,0.0,0.0,0.0,0.0
strengthened,qqp,albert-base-v2,256,256,8,dynamic_int8_cpu,PASS,fp32_cpu,cpu,int8_dynamic,dynamic_int8_linear,8,8,8,1,5,3,0.48046875,0.3245382585751979,22.370460510253906,26.600087800781225,37.593860873294965,0.0,512,512,256,"{""0"":256,""1"":256}","{""0"":256,""1"":256}","{""0"":128,""1"":128}",dd2371fedb5e77d102deaba4de74387c7b7ddb3225d3dcfbbb972bbe155b901d,2231a509f43241c8e091320c026d9979678defc506e3af65d868df3a718bc773,80f9e0cfff7ab65adc8e42cc60d420a8059593e05ce48cd16fbdca5f1e1e7d3f,3.8735030269999697,,-0.22265625,-0.3759543522622405,0.4982670125526034,0.3288316623563763,0.48993917608041126,0.0,0.4982670125526034
strengthened,qqp,albert-base-v2,256,256,8,fp32_gpu,PASS,fp32_gpu,cuda,fp32,none,8,8,8,1,5,3,0.703125,0.7004926108374384,44.58638572692871,1.7851254671874983,560.1847143974258,98.38916015625,512,512,256,"{""0"":256,""1"":256}","{""0"":256,""1"":256}","{""0"":128,""1"":128}",dd2371fedb5e77d102deaba4de74387c7b7ddb3225d3dcfbbb972bbe155b901d,2231a509f43241c8e091320c026d9979678defc506e3af65d868df3a718bc773,80f9e0cfff7ab65adc8e42cc60d420a8059593e05ce48cd16fbdca5f1e1e7d3f,3.8735030269999697,,0.0,0.0,0.0,0.9549580549782116,21.201527920614122,0.0,21.201527920614122
strengthened,qqp,albert-base-v2,256,256,8,bf16_gpu,PASS,fp32_gpu,cuda,bf16,none,8,8,8,1,5,3,0.6953125,0.6926108374384237,44.58638572692871,1.4474598640624947,690.8654428547419,104.30224609375,512,512,256,"{""0"":256,""1"":256}","{""0"":256,""1"":256}","{""0"":128,""1"":128}",dd2371fedb5e77d102deaba4de74387c7b7ddb3225d3dcfbbb972bbe155b901d,2231a509f43241c8e091320c026d9979678defc506e3af65d868df3a718bc773,80f9e0cfff7ab65adc8e42cc60d420a8059593e05ce48cd16fbdca5f1e1e7d3f,3.8735030269999697,,-0.0078125,-0.007881773399014746,0.0,0.9634779690185775,26.3807335771843,0.0,26.3807335771843
strengthened,sst2,bert-base-uncased,64,64,6,fp32_cpu,PASS,fp32_cpu,cpu,fp32,none,8,8,8,1,5,3,0.76171875,0.759424442698464,417.7237939834595,22.51565958906241,44.41353343633677,0.0,128,128,256,"{""0"":64,""1"":64}","{""0"":64,""1"":64}","{""0"":128,""1"":128}",b9b8ee95f7ce41afcab2351900a9de15cd69e4f080cbbf49b4f1a9164f8eb810,3fe1ca6d9d4de24a08993f23dc82a3c0a95ec68689955242d693d63fa3fed1e1,051d35538d40d9eaeb2f24aee1e8b19dd8153f57d6187bea7834e36fcaa4c06b,0.77882732199987,,0.0,0.0,0.0,0.0,0.0,0.0,0.0
strengthened,sst2,bert-base-uncased,64,64,6,dynamic_int8_cpu,PASS,fp32_cpu,cpu,int8_dynamic,dynamic_int8_linear,8,8,8,1,5,3,0.5078125,0.350463149416029,173.08754062652588,14.65255738593747,68.2474720051076,0.0,128,128,256,"{""0"":64,""1"":64}","{""0"":64,""1"":64}","{""0"":128,""1"":128}",b9b8ee95f7ce41afcab2351900a9de15cd69e4f080cbbf49b4f1a9164f8eb810,3fe1ca6d9d4de24a08993f23dc82a3c0a95ec68689955242d693d63fa3fed1e1,051d35538d40d9eaeb2f24aee1e8b19dd8153f57d6187bea7834e36fcaa4c06b,0.77882732199987,,-0.25390625,-0.40896129328243497,0.585641174576281,0.34922815261182283,0.5366368474810693,0.0,0.585641174576281
strengthened,sst2,bert-base-uncased,64,64,6,fp32_gpu,PASS,fp32_gpu,cuda,fp32,none,8,8,8,1,5,3,0.76171875,0.759424442698464,417.7237939834595,1.0502716679685165,952.1346052628895,452.5859375,128,128,256,"{""0"":64,""1"":64}","{""0"":64,""1"":64}","{""0"":128,""1"":128}",b9b8ee95f7ce41afcab2351900a9de15cd69e4f080cbbf49b4f1a9164f8eb810,3fe1ca6d9d4de24a08993f23dc82a3c0a95ec68689955242d693d63fa3fed1e1,051d35538d40d9eaeb2f24aee1e8b19dd8153f57d6187bea7834e36fcaa4c06b,0.77882732199987,,0.0,0.0,0.0,0.9533537241574431,20.43793865506553,0.0,20.43793865506553
strengthened,sst2,bert-base-uncased,64,64,6,bf16_gpu,PASS,fp32_gpu,cuda,bf16,none,8,8,8,1,5,3,0.76171875,0.759424442698464,417.7237939834595,1.2894427406248354,775.5288144981313,628.595703125,128,128,256,"{""0"":64,""1"":64}","{""0"":64,""1"":64}","{""0"":128,""1"":128}",b9b8ee95f7ce41afcab2351900a9de15cd69e4f080cbbf49b4f1a9164f8eb810,3fe1ca6d9d4de24a08993f23dc82a3c0a95ec68689955242d693d63fa3fed1e1,051d35538d40d9eaeb2f24aee1e8b19dd8153f57d6187bea7834e36fcaa4c06b,0.77882732199987,,0.0,0.0,0.0,0.9427312917250171,16.461542788749053,0.0,16.461542788749053
strengthened,sst2,bert-base-uncased,64,64,7,fp32_cpu,PASS,fp32_cpu,cpu,fp32,none,8,8,8,1,5,3,0.6796875,0.6538030213074741,417.7237939834595,22.078786433593933,45.29234444147039,0.0,128,128,256,"{""0"":64,""1"":64}","{""0"":64,""1"":64}","{""0"":128,""1"":128}",1d5054eb18b5288d6094042e31f812365997095a88d5625614461dd5bedd5e6e,7e7a88b9fd85128a0c479668d85ebc1414dfe670d8bec9563640301d08d24fc6,86ff21db0062c5ce97222583d8b206e4716eab415bae36eba2edda1aae31aab8,0.7220522690004145,,0.0,0.0,0.0,0.0,0.0,0.0,0.0
strengthened,sst2,bert-base-uncased,64,64,7,dynamic_int8_cpu,PASS,fp32_cpu,cpu,int8_dynamic,dynamic_int8_linear,8,8,8,1,5,3,0.71875,0.7124134057292641,173.08754062652588,14.543893188281132,68.75738064452774,0.0,128,128,256,"{""0"":64,""1"":64}","{""0"":64,""1"":64}","{""0"":128,""1"":128}",1d5054eb18b5288d6094042e31f812365997095a88d5625614461dd5bedd5e6e,7e7a88b9fd85128a0c479668d85ebc1414dfe670d8bec9563640301d08d24fc6,86ff21db0062c5ce97222583d8b206e4716eab415bae36eba2edda1aae31aab8,0.7220522690004145,,0.0390625,0.05861038442179001,0.585641174576281,0.34127298019641605,0.5180795229838532,0.0,0.585641174576281
strengthened,sst2,bert-base-uncased,64,64,7,fp32_gpu,PASS,fp32_gpu,cuda,fp32,none,8,8,8,1,5,3,0.6796875,0.6538030213074741,417.7237939834595,1.094296344531287,913.8292428714304,452.5859375,128,128,256,"{""0"":64,""1"":64}","{""0"":64,""1"":64}","{""0"":128,""1"":128}",1d5054eb18b5288d6094042e31f812365997095a88d5625614461dd5bedd5e6e,7e7a88b9fd85128a0c479668d85ebc1414dfe670d8bec9563640301d08d24fc6,86ff21db0062c5ce97222583d8b206e4716eab415bae36eba2edda1aae31aab8,0.7220522690004145,,0.0,0.0,0.0,0.950436753042447,19.176240690131152,0.0,19.176240690131152
strengthened,sst2,bert-base-uncased,64,64,7,bf16_gpu,PASS,fp32_gpu,cuda,bf16,none,8,8,8,1,5,3,0.67578125,0.6487643606909662,417.7237939834595,1.3125253132812986,761.8900678570619,628.595703125,128,128,256,"{""0"":64,""1"":64}","{""0"":64,""1"":64}","{""0"":128,""1"":128}",1d5054eb18b5288d6094042e31f812365997095a88d5625614461dd5bedd5e6e,7e7a88b9fd85128a0c479668d85ebc1414dfe670d8bec9563640301d08d24fc6,86ff21db0062c5ce97222583d8b206e4716eab415bae36eba2edda1aae31aab8,0.7220522690004145,,-0.00390625,-0.005038660616507928,0.0,0.9405526514227146,15.82160809409246,0.0,15.82160809409246
strengthened,sst2,bert-base-uncased,64,64,8,fp32_cpu,PASS,fp32_cpu,cpu,fp32,none,8,8,8,1,5,3,0.6953125,0.6811242414564037,417.7237939834595,22.063926207812656,45.32284918746275,0.0,128,128,256,"{""0"":64,""1"":64}","{""0"":64,""1"":64}","{""0"":128,""1"":128}",d82ab2ace3b40fb3fe408fc83a77fa98890ac78216b00901b97f6f8759d3b30b,34af2fc285cad4a3bfd6389fdbcd83869dc1cbfcd21cbe19c0d14190fe597bbc,5c5b00b985b2233459e47d9a4b0a5c8bf88628361f163097522bd283b41f3b17,0.7733495490001587,,0.0,0.0,0.0,0.0,0.0,0.0,0.0
strengthened,sst2,bert-base-uncased,64,64,8,dynamic_int8_cpu,PASS,fp32_cpu,cpu,int8_dynamic,dynamic_int8_linear,8,8,8,1,5,3,0.6953125,0.6926108374384237,173.08754062652588,14.591638857031342,68.53239788881736,0.0,128,128,256,"{""0"":64,""1"":64}","{""0"":64,""1"":64}","{""0"":128,""1"":128}",d82ab2ace3b40fb3fe408fc83a77fa98890ac78216b00901b97f6f8759d3b30b,34af2fc285cad4a3bfd6389fdbcd83869dc1cbfcd21cbe19c0d14190fe597bbc,5c5b00b985b2233459e47d9a4b0a5c8bf88628361f163097522bd283b41f3b17,0.7733495490001587,,0.0,0.011486595982019954,0.585641174576281,0.3386653526848471,0.5120937698633221,0.0,0.585641174576281
strengthened,sst2,bert-base-uncased,64,64,8,fp32_gpu,PASS,fp32_gpu,cuda,fp32,none,8,8,8,1,5,3,0.6953125,0.6811242414564037,417.7237939834595,1.1030543984372088,906.5736027314566,452.4912109375,128,128,256,"{""0"":64,""1"":64}","{""0"":64,""1"":64}","{""0"":128,""1"":128}",d82ab2ace3b40fb3fe408fc83a77fa98890ac78216b00901b97f6f8759d3b30b,34af2fc285cad4a3bfd6389fdbcd83869dc1cbfcd21cbe19c0d14190fe597bbc,5c5b00b985b2233459e47d9a4b0a5c8bf88628361f163097522bd283b41f3b17,0.7733495490001587,,0.0,0.0,0.0,0.950006431854063,19.002573072617725,0.0,19.002573072617725
strengthened,sst2,bert-base-uncased,64,64,8,bf16_gpu,PASS,fp32_gpu,cuda,bf16,none,8,8,8,1,5,3,0.69921875,0.6857493583305434,417.7237939834595,1.3053458671876683,766.0804888090483,628.2861328125,128,128,256,"{""0"":64,""1"":64}","{""0"":64,""1"":64}","{""0"":128,""1"":128}",d82ab2ace3b40fb3fe408fc83a77fa98890ac78216b00901b97f6f8759d3b30b,34af2fc285cad4a3bfd6389fdbcd83869dc1cbfcd21cbe19c0d14190fe597bbc,5c5b00b985b2233459e47d9a4b0a5c8bf88628361f163097522bd283b41f3b17,0.7733495490001587,,0.00390625,0.00462511687413969,0.0,0.9408380061239755,15.902743374327892,0.0,15.902743374327892
strengthened,sst2,bert-base-uncased,128,128,6,fp32_cpu,PASS,fp32_cpu,cpu,fp32,none,8,8,8,1,5,3,0.83203125,0.8319671505548687,417.7237939834595,21.90009721249986,45.66189776679314,0.0,256,256,256,"{""0"":128,""1"":128}","{""0"":128,""1"":128}","{""0"":128,""1"":128}",9f0e22195dcad97529fa0f97799bbc27d961771cb3ca1284f3b3a4d2ea1fd374,5be617f6386af5307cc016ad708fa9da507cf547f844a2617e3cf91f87a2a402,051d35538d40d9eaeb2f24aee1e8b19dd8153f57d6187bea7834e36fcaa4c06b,1.4789355040002192,,0.0,0.0,0.0,0.0,0.0,0.0,0.0
strengthened,sst2,bert-base-uncased,128,128,6,dynamic_int8_cpu,PASS,fp32_cpu,cpu,int8_dynamic,dynamic_int8_linear,8,8,8,1,5,3,0.67578125,0.6416561261489164,173.08754062652588,14.034976158593793,71.25056634939044,0.0,256,256,256,"{""0"":128,""1"":128}","{""0"":128,""1"":128}","{""0"":128,""1"":128}",9f0e22195dcad97529fa0f97799bbc27d961771cb3ca1284f3b3a4d2ea1fd374,5be617f6386af5307cc016ad708fa9da507cf547f844a2617e3cf91f87a2a402,051d35538d40d9eaeb2f24aee1e8b19dd8153f57d6187bea7834e36fcaa4c06b,1.4789355040002192,,-0.15625,-0.19031102440595227,0.585641174576281,0.3591363534869111,0.5603943294973219,0.0,0.585641174576281
strengthened,sst2,bert-base-uncased,128,128,6,fp32_gpu,PASS,fp32_gpu,cuda,fp32,none,8,8,8,1,5,3,0.83203125,0.8319671505548687,417.7237939834595,1.096082696093248,912.3399206686556,452.5859375,256,256,256,"{""0"":128,""1"":128}","{""0"":128,""1"":128}","{""0"":128,""1"":128}",9f0e22195dcad97529fa0f97799bbc27d961771cb3ca1284f3b3a4d2ea1fd374,5be617f6386af5307cc016ad708fa9da507cf547f844a2617e3cf91f87a2a402,051d35538d40d9eaeb2f24aee1e8b19dd8153f57d6187bea7834e36fcaa4c06b,1.4789355040002192,,0.0,0.0,0.0,0.9499507839870391,18.98033295348797,0.0,18.98033295348797
strengthened,sst2,bert-base-uncased,128,128,6,bf16_gpu,PASS,fp32_gpu,cuda,bf16,none,8,8,8,1,5,3,0.83203125,0.8319671505548687,417.7237939834595,1.3600523257814245,735.2658284124806,628.595703125,256,256,256,"{""0"":128,""1"":128}","{""0"":128,""1"":128}","{""0"":128,""1"":128}",9f0e22195dcad97529fa0f97799bbc27d961771cb3ca1284f3b3a4d2ea1fd374,5be617f6386af5307cc016ad708fa9da507cf547f844a2617e3cf91f87a2a402,051d35538d40d9eaeb2f24aee1e8b19dd8153f57d6187bea7834e36fcaa4c06b,1.4789355040002192,,0.0,0.0,0.0,0.9378974297426793,15.102393119262567,0.0,15.102393119262567
strengthened,sst2,bert-base-uncased,128,128,7,fp32_cpu,PASS,fp32_cpu,cpu,fp32,none,8,8,8,1,5,3,0.8515625,0.8504580950624117,417.7237939834595,23.530689678124617,42.49769189424368,0.0,256,256,256,"{""0"":128,""1"":128}","{""0"":128,""1"":128}","{""0"":128,""1"":128}",a56659195aaacc64d97afea00e54775624276ae07bf3b3e37efc176ead91b628,c2aedf5dc32d44f87133a0a46a4a9bd3345e864631754f034b204ad20e883f84,86ff21db0062c5ce97222583d8b206e4716eab415bae36eba2edda1aae31aab8,1.4865113179994296,,0.0,0.0,0.0,0.0,0.0,0.0,0.0
strengthened,sst2,bert-base-uncased,128,128,7,dynamic_int8_cpu,PASS,fp32_cpu,cpu,int8_dynamic,dynamic_int8_linear,8,8,8,1,5,3,0.75,0.7430847393840556,173.08754062652588,16.70601942499985,59.85866378818776,0.0,256,256,256,"{""0"":128,""1"":128}","{""0"":128,""1"":128}","{""0"":128,""1"":128}",a56659195aaacc64d97afea00e54775624276ae07bf3b3e37efc176ead91b628,c2aedf5dc32d44f87133a0a46a4a9bd3345e864631754f034b204ad20e883f84,86ff21db0062c5ce97222583d8b206e4716eab415bae36eba2edda1aae31aab8,1.4865113179994296,,-0.1015625,-0.10737335567835604,0.585641174576281,0.2900327336971063,0.4085156421470416,0.0,0.585641174576281
strengthened,sst2,bert-base-uncased,128,128,7,fp32_gpu,PASS,fp32_gpu,cuda,fp32,none,8,8,8,1,5,3,0.8515625,0.8504580950624117,417.7237939834595,1.5964543757810645,626.3880854789543,452.5859375,256,256,256,"{""0"":128,""1"":128}","{""0"":128,""1"":128}","{""0"":128,""1"":128}",a56659195aaacc64d97afea00e54775624276ae07bf3b3e37efc176ead91b628,c2aedf5dc32d44f87133a0a46a4a9bd3345e864631754f034b204ad20e883f84,86ff21db0062c5ce97222583d8b206e4716eab415bae36eba2edda1aae31aab8,1.4865113179994296,,0.0,0.0,0.0,0.9321543738148392,13.739343657479871,0.0,13.739343657479871
strengthened,sst2,bert-base-uncased,128,128,7,bf16_gpu,PASS,fp32_gpu,cuda,bf16,none,8,8,8,1,5,3,0.8515625,0.8504580950624117,417.7237939834595,1.8283958148437307,546.9275262399723,628.595703125,256,256,256,"{""0"":128,""1"":128}","{""0"":128,""1"":128}","{""0"":128,""1"":128}",a56659195aaacc64d97afea00e54775624276ae07bf3b3e37efc176ead91b628,c2aedf5dc32d44f87133a0a46a4a9bd3345e864631754f034b204ad20e883f84,86ff21db0062c5ce97222583d8b206e4716eab415bae36eba2edda1aae31aab8,1.4865113179994296,,0.0,0.0,0.0,0.9222973980000465,11.869581896377147,0.0,11.869581896377147
strengthened,sst2,bert-base-uncased,128,128,8,fp32_cpu,PASS,fp32_cpu,cpu,fp32,none,8,8,8,1,5,3,0.88671875,0.8865785654266289,417.7237939834595,23.18406329921885,43.13307754097158,0.0,256,256,256,"{""0"":128,""1"":128}","{""0"":128,""1"":128}","{""0"":128,""1"":128}",6c3c9ca10607e0e2f6c98f731cdda8fcefb7118375cc0d1cb91c5446e2feeb61,7649be811740426ca2a0a9be6d783bc90e55551fef5e0ef04e1d1c0207382e9c,5c5b00b985b2233459e47d9a4b0a5c8bf88628361f163097522bd283b41f3b17,1.9259657069997047,,0.0,0.0,0.0,0.0,0.0,0.0,0.0
strengthened,sst2,bert-base-uncased,128,128,8,dynamic_int8_cpu,PASS,fp32_cpu,cpu,int8_dynamic,dynamic_int8_linear,8,8,8,1,5,3,0.82421875,0.8225262282201784,173.08754062652588,15.131695999218664,66.0864453033973,0.0,256,256,256,"{""0"":128,""1"":128}","{""0"":128,""1"":128}","{""0"":128,""1"":128}",6c3c9ca10607e0e2f6c98f731cdda8fcefb7118375cc0d1cb91c5446e2feeb61,7649be811740426ca2a0a9be6d783bc90e55551fef5e0ef04e1d1c0207382e9c,5c5b00b985b2233459e47d9a4b0a5c8bf88628361f163097522bd283b41f3b17,1.9259657069997047,,-0.0625,-0.06405233720645054,0.585641174576281,0.34732338313929195,0.5321523311343272,0.0,0.585641174576281
strengthened,sst2,bert-base-uncased,128,128,8,fp32_gpu,PASS,fp32_gpu,cuda,fp32,none,8,8,8,1,5,3,0.88671875,0.8865785654266289,417.7237939834595,1.0958110421874778,912.5660916902077,452.4912109375,256,256,256,"{""0"":128,""1"":128}","{""0"":128,""1"":128}","{""0"":128,""1"":128}",6c3c9ca10607e0e2f6c98f731cdda8fcefb7118375cc0d1cb91c5446e2feeb61,7649be811740426ca2a0a9be6d783bc90e55551fef5e0ef04e1d1c0207382e9c,5c5b00b985b2233459e47d9a4b0a5c8bf88628361f163097522bd283b41f3b17,1.9259657069997047,,0.0,0.0,0.0,0.9527342973470746,20.156990034466528,0.0,20.156990034466528
strengthened,sst2,bert-base-uncased,128,128,8,bf16_gpu,PASS,fp32_gpu,cuda,bf16,none,8,8,8,1,5,3,0.88671875,0.8865785654266289,417.7237939834595,1.1786857640622372,848.4025433153512,628.2861328125,256,256,256,"{""0"":128,""1"":128}","{""0"":128,""1"":128}","{""0"":128,""1"":128}",6c3c9ca10607e0e2f6c98f731cdda8fcefb7118375cc0d1cb91c5446e2feeb61,7649be811740426ca2a0a9be6d783bc90e55551fef5e0ef04e1d1c0207382e9c,5c5b00b985b2233459e47d9a4b0a5c8bf88628361f163097522bd283b41f3b17,1.9259657069997047,,0.0,0.0,0.0,0.9491596555422642,18.669418267441362,0.0,18.669418267441362
strengthened,sst2,bert-base-uncased,256,256,6,fp32_cpu,PASS,fp32_cpu,cpu,fp32,none,8,8,8,1,5,3,0.86328125,0.862523973916379,417.7237939834595,22.354718233593474,44.73328581244444,0.0,512,512,256,"{""0"":256,""1"":256}","{""0"":256,""1"":256}","{""0"":128,""1"":128}",2c67d4274fad999bd11bb906e59700de7a3d970d44fe6bab7d8acb50b678646d,780a17f38b030ab71b094294d40319de00a25c61f7e75844f2457266e721c1ad,051d35538d40d9eaeb2f24aee1e8b19dd8153f57d6187bea7834e36fcaa4c06b,2.7447793659994204,,0.0,0.0,0.0,0.0,0.0,0.0,0.0
strengthened,sst2,bert-base-uncased,256,256,6,dynamic_int8_cpu,PASS,fp32_cpu,cpu,int8_dynamic,dynamic_int8_linear,8,8,8,1,5,3,0.71484375,0.6951933584511751,173.08754062652588,13.46771605078132,74.25163971599963,0.0,512,512,256,"{""0"":256,""1"":256}","{""0"":256,""1"":256}","{""0"":128,""1"":128}",2c67d4274fad999bd11bb906e59700de7a3d970d44fe6bab7d8acb50b678646d,780a17f38b030ab71b094294d40319de00a25c61f7e75844f2457266e721c1ad,051d35538d40d9eaeb2f24aee1e8b19dd8153f57d6187bea7834e36fcaa4c06b,2.7447793659994204,,-0.1484375,-0.1673306154652039,0.585641174576281,0.3975448086595537,0.6598744842334702,0.0,0.6598744842334702
strengthened,sst2,bert-base-uncased,256,256,6,fp32_gpu,PASS,fp32_gpu,cuda,fp32,none,8,8,8,1,5,3,0.86328125,0.862523973916379,417.7237939834595,0.8409527015622587,1189.127519469615,452.5859375,512,512,256,"{""0"":256,""1"":256}","{""0"":256,""1"":256}","{""0"":128,""1"":128}",2c67d4274fad999bd11bb906e59700de7a3d970d44fe6bab7d8acb50b678646d,780a17f38b030ab71b094294d40319de00a25c61f7e75844f2457266e721c1ad,051d35538d40d9eaeb2f24aee1e8b19dd8153f57d6187bea7834e36fcaa4c06b,2.7447793659994204,,0.0,0.0,0.0,0.9623814224462682,25.58261064155518,0.0,25.58261064155518
strengthened,sst2,bert-base-uncased,256,256,6,bf16_gpu,PASS,fp32_gpu,cuda,bf16,none,8,8,8,1,5,3,0.86328125,0.862523973916379,417.7237939834595,1.0642845085939712,939.598379874102,628.595703125,512,512,256,"{""0"":256,""1"":256}","{""0"":256,""1"":256}","{""0"":128,""1"":128}",2c67d4274fad999bd11bb906e59700de7a3d970d44fe6bab7d8acb50b678646d,780a17f38b030ab71b094294d40319de00a25c61f7e75844f2457266e721c1ad,051d35538d40d9eaeb2f24aee1e8b19dd8153f57d6187bea7834e36fcaa4c06b,2.7447793659994204,,0.0,0.0,0.0,0.9523910568913089,20.004457034826473,0.0,20.004457034826473
strengthened,sst2,bert-base-uncased,256,256,7,fp32_cpu,PASS,fp32_cpu,cpu,fp32,none,8,8,8,1,5,3,0.8203125,0.81626412032703,417.7237939834595,21.15331441093744,47.27391559418908,0.0,512,512,256,"{""0"":256,""1"":256}","{""0"":256,""1"":256}","{""0"":128,""1"":128}",c5c933c9957bb1c55f77fd6a4d1ef49be769341d05d77a628973f44998d62627,5884fe2b8c924158a2637beaa1c3b4787bf33f332c3b03e2e48ace8246280f17,86ff21db0062c5ce97222583d8b206e4716eab415bae36eba2edda1aae31aab8,2.4370556800004124,,0.0,0.0,0.0,0.0,0.0,0.0,0.0
strengthened,sst2,bert-base-uncased,256,256,7,dynamic_int8_cpu,PASS,fp32_cpu,cpu,int8_dynamic,dynamic_int8_linear,8,8,8,1,5,3,0.79296875,0.7898877274487031,173.08754062652588,13.4367613476563,74.42269562779906,0.0,512,512,256,"{""0"":256,""1"":256}","{""0"":256,""1"":256}","{""0"":128,""1"":128}",c5c933c9957bb1c55f77fd6a4d1ef49be769341d05d77a628973f44998d62627,5884fe2b8c924158a2637beaa1c3b4787bf33f332c3b03e2e48ace8246280f17,86ff21db0062c5ce97222583d8b206e4716eab415bae36eba2edda1aae31aab8,2.4370556800004124,,-0.02734375,-0.026376392878326937,0.585641174576281,0.3647916781916338,0.5742866799243327,0.0,0.585641174576281
strengthened,sst2,bert-base-uncased,256,256,7,fp32_gpu,PASS,fp32_gpu,cuda,fp32,none,8,8,8,1,5,3,0.8203125,0.81626412032703,417.7237939834595,0.8279040867186893,1207.8693849228293,452.5859375,512,512,256,"{""0"":256,""1"":256}","{""0"":256,""1"":256}","{""0"":128,""1"":128}",c5c933c9957bb1c55f77fd6a4d1ef49be769341d05d77a628973f44998d62627,5884fe2b8c924158a2637beaa1c3b4787bf33f332c3b03e2e48ace8246280f17,86ff21db0062c5ce97222583d8b206e4716eab415bae36eba2edda1aae31aab8,2.4370556800004124,,0.0,0.0,0.0,0.9608617320843765,24.550440866618228,0.0,24.550440866618228
strengthened,sst2,bert-base-uncased,256,256,7,bf16_gpu,PASS,fp32_gpu,cuda,bf16,none,8,8,8,1,5,3,0.8203125,0.81626412032703,417.7237939834595,1.0723059398436874,932.5696733021664,628.595703125,512,512,256,"{""0"":256,""1"":256}","{""0"":256,""1"":256}","{""0"":128,""1"":128}",c5c933c9957bb1c55f77fd6a4d1ef49be769341d05d77a628973f44998d62627,5884fe2b8c924158a2637beaa1c3b4787bf33f332c3b03e2e48ace8246280f17,86ff21db0062c5ce97222583d8b206e4716eab415bae36eba2edda1aae31aab8,2.4370556800004124,,0.0,0.0,0.0,0.9493078995086819,18.72693950946594,0.0,18.72693950946594
strengthened,sst2,bert-base-uncased,256,256,8,fp32_cpu,PASS,fp32_cpu,cpu,fp32,none,8,8,8,1,5,3,0.8828125,0.8828125,417.7237939834595,20.624003291406723,48.48719164123989,0.0,512,512,256,"{""0"":256,""1"":256}","{""0"":256,""1"":256}","{""0"":128,""1"":128}",dd5e0b058bafcf2aeb1226750797e5e970ad261044cb4dc78b702395eaec1fde,c1672d5e5d0fa8bb910be7b43fd2f546e8a53125d9e54edccc16d8c00db5e2ee,5c5b00b985b2233459e47d9a4b0a5c8bf88628361f163097522bd283b41f3b17,2.3139597939998566,,0.0,0.0,0.0,0.0,0.0,0.0,0.0
strengthened,sst2,bert-base-uncased,256,256,8,dynamic_int8_cpu,PASS,fp32_cpu,cpu,int8_dynamic,dynamic_int8_linear,8,8,8,1,5,3,0.8515625,0.8502463054187193,173.08754062652588,14.330656047656731,69.78047597224374,0.0,512,512,256,"{""0"":256,""1"":256}","{""0"":256,""1"":256}","{""0"":128,""1"":128}",dd5e0b058bafcf2aeb1226750797e5e970ad261044cb4dc78b702395eaec1fde,c1672d5e5d0fa8bb910be7b43fd2f546e8a53125d9e54edccc16d8c00db5e2ee,5c5b00b985b2233459e47d9a4b0a5c8bf88628361f163097522bd283b41f3b17,2.3139597939998566,,-0.03125,-0.03256619458128074,0.585641174576281,0.3051467338725747,0.4391527661274825,0.0,0.585641174576281
strengthened,sst2,bert-base-uncased,256,256,8,fp32_gpu,PASS,fp32_gpu,cuda,fp32,none,8,8,8,1,5,3,0.8828125,0.8828125,417.7237939834595,1.0252184570312295,975.4018698568345,452.4912109375,512,512,256,"{""0"":256,""1"":256}","{""0"":256,""1"":256}","{""0"":128,""1"":128}",dd5e0b058bafcf2aeb1226750797e5e970ad261044cb4dc78b702395eaec1fde,c1672d5e5d0fa8bb910be7b43fd2f546e8a53125d9e54edccc16d8c00db5e2ee,5c5b00b985b2233459e47d9a4b0a5c8bf88628361f163097522bd283b41f3b17,2.3139597939998566,,0.0,0.0,0.0,0.9502900361997905,19.116691374371626,0.0,19.116691374371626
strengthened,sst2,bert-base-uncased,256,256,8,bf16_gpu,PASS,fp32_gpu,cuda,bf16,none,8,8,8,1,5,3,0.8828125,0.8828125,417.7237939834595,1.2870597703120268,776.9646935336704,628.2861328125,512,512,256,"{""0"":256,""1"":256}","{""0"":256,""1"":256}","{""0"":128,""1"":128}",dd5e0b058bafcf2aeb1226750797e5e970ad261044cb4dc78b702395eaec1fde,c1672d5e5d0fa8bb910be7b43fd2f546e8a53125d9e54edccc16d8c00db5e2ee,5c5b00b985b2233459e47d9a4b0a5c8bf88628361f163097522bd283b41f3b17,2.3139597939998566,,0.0,0.0,0.0,0.9375940862631506,15.024122396745234,0.0,15.024122396745234
strengthened,mrpc,bert-base-uncased,64,64,6,fp32_cpu,PASS,fp32_cpu,cpu,fp32,none,8,8,8,1,5,3,0.5234375,0.47186147186147187,417.7237939834595,33.893690243750285,29.504016612189098,0.0,128,128,256,"{""0"":64,""1"":64}","{""0"":64,""1"":64}","{""0"":128,""1"":128}",2a004252776a520730b96c7dea42cce94e695883ef4d5c51debdea2dd0c6188c,9671e519a3a5b5ed9c585b93f479685a91e735936d563541cafa3dea1f103742,49397107fe7cd7f1fba058067518ec6f9b2833bb4f2fe63979b55080fe12bdbe,0.8470022490000702,,0.0,0.0,0.0,0.0,0.0,0.0,0.0
strengthened,mrpc,bert-base-uncased,64,64,6,dynamic_int8_cpu,PASS,fp32_cpu,cpu,int8_dynamic,dynamic_int8_linear,8,8,8,1,5,3,0.50390625,0.48503999366437,173.08754062652588,21.889793938281343,45.68339029684416,0.0,128,128,256,"{""0"":64,""1"":64}","{""0"":64,""1"":64}","{""0"":128,""1"":128}",2a004252776a520730b96c7dea42cce94e695883ef4d5c51debdea2dd0c6188c,9671e519a3a5b5ed9c585b93f479685a91e735936d563541cafa3dea1f103742,49397107fe7cd7f1fba058067518ec6f9b2833bb4f2fe63979b55080fe12bdbe,0.8470022490000702,,-0.01953125,0.013178521802898135,0.585641174576281,0.354163156007551,0.5483786800055834,0.0,0.585641174576281
strengthened,mrpc,bert-base-uncased,64,64,6,fp32_gpu,PASS,fp32_gpu,cuda,fp32,none,8,8,8,1,5,3,0.5234375,0.47186147186147187,417.7237939834595,1.0691084843749366,935.3587728607903,457.93212890625,128,128,256,"{""0"":64,""1"":64}","{""0"":64,""1"":64}","{""0"":128,""1"":128}",2a004252776a520730b96c7dea42cce94e695883ef4d5c51debdea2dd0c6188c,9671e519a3a5b5ed9c585b93f479685a91e735936d563541cafa3dea1f103742,49397107fe7cd7f1fba058067518ec6f9b2833bb4f2fe63979b55080fe12bdbe,0.8470022490000702,,0.0,0.0,0.0,0.9684570055167696,30.702760514118008,0.0,30.702760514118008
strengthened,mrpc,bert-base-uncased,64,64,6,bf16_gpu,PASS,fp32_gpu,cuda,bf16,none,8,8,8,1,5,3,0.51953125,0.4660788469690547,417.7237939834595,1.294931798437915,772.2414425271716,640.01806640625,128,128,256,"{""0"":64,""1"":64}","{""0"":64,""1"":64}","{""0"":128,""1"":128}",2a004252776a520730b96c7dea42cce94e695883ef4d5c51debdea2dd0c6188c,9671e519a3a5b5ed9c585b93f479685a91e735936d563541cafa3dea1f103742,49397107fe7cd7f1fba058067518ec6f9b2833bb4f2fe63979b55080fe12bdbe,0.8470022490000702,,-0.00390625,-0.005782624892417154,0.0,0.9617943107072359,25.174112246402842,0.0,25.174112246402842
strengthened,mrpc,bert-base-uncased,64,64,7,fp32_cpu,PASS,fp32_cpu,cpu,fp32,none,8,8,8,1,5,3,0.59375,0.5567099567099567,417.7237939834595,35.62787726015628,28.06790852842445,0.0,128,128,256,"{""0"":64,""1"":64}","{""0"":64,""1"":64}","{""0"":128,""1"":128}",ec398847ac6314006c27a4b092764d9b6d7ce49c5129f6a4100744c14c2f83ea,d38abee147fa1e5f2f18a21f2cd9b016dcb4b1b48124886c280ea76448d2d4e1,0e38a503e1b9109a23ab6bcc4662694351ebfeb54a319cd04ebdd6316d7715d4,0.8577976269998544,,0.0,0.0,0.0,0.0,0.0,0.0,0.0
strengthened,mrpc,bert-base-uncased,64,64,7,dynamic_int8_cpu,PASS,fp32_cpu,cpu,int8_dynamic,dynamic_int8_linear,8,8,8,1,5,3,0.55078125,0.5440960123886953,173.08754062652588,25.116463596093297,39.81452230223778,0.0,128,128,256,"{""0"":64,""1"":64}","{""0"":64,""1"":64}","{""0"":128,""1"":128}",ec398847ac6314006c27a4b092764d9b6d7ce49c5129f6a4100744c14c2f83ea,d38abee147fa1e5f2f18a21f2cd9b016dcb4b1b48124886c280ea76448d2d4e1,0e38a503e1b9109a23ab6bcc4662694351ebfeb54a319cd04ebdd6316d7715d4,0.8577976269998544,,-0.04296875,-0.012613944321261394,0.585641174576281,0.2950333972273507,0.4185069137558826,0.0,0.585641174576281
strengthened,mrpc,bert-base-uncased,64,64,7,fp32_gpu,PASS,fp32_gpu,cuda,fp32,none,8,8,8,1,5,3,0.59375,0.5567099567099567,417.7237939834595,1.6652814023437656,600.4991099958066,458.3564453125,128,128,256,"{""0"":64,""1"":64}","{""0"":64,""1"":64}","{""0"":128,""1"":128}",ec398847ac6314006c27a4b092764d9b6d7ce49c5129f6a4100744c14c2f83ea,d38abee147fa1e5f2f18a21f2cd9b016dcb4b1b48124886c280ea76448d2d4e1,0e38a503e1b9109a23ab6bcc4662694351ebfeb54a319cd04ebdd6316d7715d4,0.8577976269998544,,0.0,0.0,0.0,0.9532590339249288,20.394508585763685,0.0,20.394508585763685
strengthened,mrpc,bert-base-uncased,64,64,7,bf16_gpu,PASS,fp32_gpu,cuda,bf16,none,8,8,8,1,5,3,0.59375,0.5567099567099567,417.7237939834595,1.8889892796877916,529.3836289877082,645.6767578125,128,128,256,"{""0"":64,""1"":64}","{""0"":64,""1"":64}","{""0"":128,""1"":128}",ec398847ac6314006c27a4b092764d9b6d7ce49c5129f6a4100744c14c2f83ea,d38abee147fa1e5f2f18a21f2cd9b016dcb4b1b48124886c280ea76448d2d4e1,0e38a503e1b9109a23ab6bcc4662694351ebfeb54a319cd04ebdd6316d7715d4,0.8577976269998544,,0.0,0.0,0.0,0.9469800216865487,17.86081495711018,0.0,17.86081495711018
strengthened,mrpc,bert-base-uncased,64,64,8,fp32_cpu,PASS,fp32_cpu,cpu,fp32,none,8,8,8,1,5,3,0.6171875,0.6143392977925353,417.7237939834595,36.11533718437485,27.689067248488705,0.0,128,128,256,"{""0"":64,""1"":64}","{""0"":64,""1"":64}","{""0"":128,""1"":128}",9a19b8487f63b30986109005bef66268794f067c40e16ca15369f3dd8a08b7d9,128b292253caee2f2c002def93794b07118c5ae43d52b146dfde708016817d93,25f4e5daefc8b2369d77940c472e0dfd0d6a7a243c148a155e7783b06b8c0e3e,1.136777221000557,,0.0,0.0,0.0,0.0,0.0,0.0,0.0
strengthened,mrpc,bert-base-uncased,64,64,8,dynamic_int8_cpu,PASS,fp32_cpu,cpu,int8_dynamic,dynamic_int8_linear,8,8,8,1,5,3,0.49609375,0.3987656343874597,173.08754062652588,22.476533874218774,44.490845679147554,0.0,128,128,256,"{""0"":64,""1"":64}","{""0"":64,""1"":64}","{""0"":128,""1"":128}",9a19b8487f63b30986109005bef66268794f067c40e16ca15369f3dd8a08b7d9,128b292253caee2f2c002def93794b07118c5ae43d52b146dfde708016817d93,25f4e5daefc8b2369d77940c472e0dfd0d6a7a243c148a155e7783b06b8c0e3e,1.136777221000557,,-0.12109375,-0.21557366340507556,0.585641174576281,0.377645742043822,0.6068018933204009,0.0,0.6068018933204009
strengthened,mrpc,bert-base-uncased,64,64,8,fp32_gpu,PASS,fp32_gpu,cuda,fp32,none,8,8,8,1,5,3,0.6171875,0.6143392977925353,417.7237939834595,1.0893709523436712,917.9609552178727,457.93212890625,128,128,256,"{""0"":64,""1"":64}","{""0"":64,""1"":64}","{""0"":128,""1"":128}",9a19b8487f63b30986109005bef66268794f067c40e16ca15369f3dd8a08b7d9,128b292253caee2f2c002def93794b07118c5ae43d52b146dfde708016817d93,25f4e5daefc8b2369d77940c472e0dfd0d6a7a243c148a155e7783b06b8c0e3e,1.136777221000557,,0.0,0.0,0.0,0.9698363344420059,32.152469419784296,0.0,32.152469419784296
strengthened,mrpc,bert-base-uncased,64,64,8,bf16_gpu,PASS,fp32_gpu,cuda,bf16,none,8,8,8,1,5,3,0.61328125,0.6101342932299598,417.7237939834595,1.3165454718745195,759.5635861905956,640.01806640625,128,128,256,"{""0"":64,""1"":64}","{""0"":64,""1"":64}","{""0"":128,""1"":128}",9a19b8487f63b30986109005bef66268794f067c40e16ca15369f3dd8a08b7d9,128b292253caee2f2c002def93794b07118c5ae43d52b146dfde708016817d93,25f4e5daefc8b2369d77940c472e0dfd0d6a7a243c148a155e7783b06b8c0e3e,1.136777221000557,,-0.00390625,-0.004205004562575443,0.0,0.9635460838935731,26.43189502824633,0.0,26.43189502824633
strengthened,mrpc,bert-base-uncased,128,128,6,fp32_cpu,PASS,fp32_cpu,cpu,fp32,none,8,8,8,1,5,3,0.65625,0.6559139784946236,417.7237939834595,34.21069148906284,29.230628101150778,0.0,256,256,256,"{""0"":128,""1"":128}","{""0"":128,""1"":128}","{""0"":128,""1"":128}",63fe339179cf749dc2b26eb1c54aabd0be0fcc33246795a9eac0766edd6b02fa,b91670361abd0d1acd5bb751705809125d63c0364b056d9f676d111e38786d72,49397107fe7cd7f1fba058067518ec6f9b2833bb4f2fe63979b55080fe12bdbe,1.6948403120004514,,0.0,0.0,0.0,0.0,0.0,0.0,0.0
strengthened,mrpc,bert-base-uncased,128,128,6,dynamic_int8_cpu,PASS,fp32_cpu,cpu,int8_dynamic,dynamic_int8_linear,8,8,8,1,5,3,0.58984375,0.5490462529568675,173.08754062652588,22.09350759062474,45.262165633869046,0.0,256,256,256,"{""0"":128,""1"":128}","{""0"":128,""1"":128}","{""0"":128,""1"":128}",63fe339179cf749dc2b26eb1c54aabd0be0fcc33246795a9eac0766edd6b02fa,b91670361abd0d1acd5bb751705809125d63c0364b056d9f676d111e38786d72,49397107fe7cd7f1fba058067518ec6f9b2833bb4f2fe63979b55080fe12bdbe,1.6948403120004514,,-0.06640625,-0.10686772553775614,0.585641174576281,0.3541928961684965,0.5484499846271563,0.0,0.585641174576281
strengthened,mrpc,bert-base-uncased,128,128,6,fp32_gpu,PASS,fp32_gpu,cuda,fp32,none,8,8,8,1,5,3,0.65625,0.6559139784946236,417.7237939834595,1.127889578125263,886.6116146424224,457.93212890625,256,256,256,"{""0"":128,""1"":128}","{""0"":128,""1"":128}","{""0"":128,""1"":128}",63fe339179cf749dc2b26eb1c54aabd0be0fcc33246795a9eac0766edd6b02fa,b91670361abd0d1acd5bb751705809125d63c0364b056d9f676d111e38786d72,49397107fe7cd7f1fba058067518ec6f9b2833bb4f2fe63979b55080fe12bdbe,1.6948403120004514,,0.0,0.0,0.0,0.9670310792026566,29.331596419151783,0.0,29.331596419151783
strengthened,mrpc,bert-base-uncased,128,128,6,bf16_gpu,PASS,fp32_gpu,cuda,bf16,none,8,8,8,1,5,3,0.66015625,0.6597356962798869,417.7237939834595,1.375333339062479,727.0964584350644,640.01806640625,256,256,256,"{""0"":128,""1"":128}","{""0"":128,""1"":128}","{""0"":128,""1"":128}",63fe339179cf749dc2b26eb1c54aabd0be0fcc33246795a9eac0766edd6b02fa,b91670361abd0d1acd5bb751705809125d63c0364b056d9f676d111e38786d72,49397107fe7cd7f1fba058067518ec6f9b2833bb4f2fe63979b55080fe12bdbe,1.6948403120004514,,0.00390625,0.003821717785263301,0.0,0.9597981426507508,23.874472622312194,0.0,23.874472622312194
strengthened,mrpc,bert-base-uncased,128,128,7,fp32_cpu,PASS,fp32_cpu,cpu,fp32,none,8,8,8,1,5,3,0.6328125,0.6327900872856009,417.7237939834595,35.246776496093446,28.37138880234436,0.0,256,256,256,"{""0"":128,""1"":128}","{""0"":128,""1"":128}","{""0"":128,""1"":128}",0b408210d457cbcd262b2423949112df17c179d505f2dedcc20e2cd0f744a5cd,bfc05b04a7a7e7944e506f9b95b25a9e44f2a4491151d12753e1eb74d200b86e,0e38a503e1b9109a23ab6bcc4662694351ebfeb54a319cd04ebdd6316d7715d4,1.8426584029994046,,0.0,0.0,0.0,0.0,0.0,0.0,0.0
strengthened,mrpc,bert-base-uncased,128,128,7,dynamic_int8_cpu,PASS,fp32_cpu,cpu,int8_dynamic,dynamic_int8_linear,8,8,8,1,5,3,0.64453125,0.6166844919786096,173.08754062652588,25.583411277344226,39.08782879496469,0.0,256,256,256,"{""0"":128,""1"":128}","{""0"":128,""1"":128}","{""0"":128,""1"":128}",0b408210d457cbcd262b2423949112df17c179d505f2dedcc20e2cd0f744a5cd,bfc05b04a7a7e7944e506f9b95b25a9e44f2a4491151d12753e1eb74d200b86e,0e38a503e1b9109a23ab6bcc4662694351ebfeb54a319cd04ebdd6316d7715d4,1.8426584029994046,,0.01171875,-0.016105595306991294,0.585641174576281,0.2741630917601856,0.37771996525368623,0.0,0.585641174576281
strengthened,mrpc,bert-base-uncased,128,128,7,fp32_gpu,PASS,fp32_gpu,cuda,fp32,none,8,8,8,1,5,3,0.6328125,0.6327900872856009,417.7237939834595,1.5220859414057486,656.9931255500809,458.3564453125,256,256,256,"{""0"":128,""1"":128}","{""0"":128,""1"":128}","{""0"":128,""1"":128}",0b408210d457cbcd262b2423949112df17c179d505f2dedcc20e2cd0f744a5cd,bfc05b04a7a7e7944e506f9b95b25a9e44f2a4491151d12753e1eb74d200b86e,0e38a503e1b9109a23ab6bcc4662694351ebfeb54a319cd04ebdd6316d7715d4,1.8426584029994046,,0.0,0.0,0.0,0.9568163079657952,22.156889855733564,0.0,22.156889855733564
strengthened,mrpc,bert-base-uncased,128,128,7,bf16_gpu,PASS,fp32_gpu,cuda,bf16,none,8,8,8,1,5,3,0.6328125,0.6328125,417.7237939834595,1.395329153906033,716.6767763725403,645.6767578125,256,256,256,"{""0"":128,""1"":128}","{""0"":128,""1"":128}","{""0"":128,""1"":128}",0b408210d457cbcd262b2423949112df17c179d505f2dedcc20e2cd0f744a5cd,bfc05b04a7a7e7944e506f9b95b25a9e44f2a4491151d12753e1eb74d200b86e,0e38a503e1b9109a23ab6bcc4662694351ebfeb54a319cd04ebdd6316d7715d4,1.8426584029994046,,0.0,2.2412714399067113e-05,0.0,0.9604125740672858,24.260546156743676,0.0,24.260546156743676
strengthened,mrpc,bert-base-uncased,128,128,8,fp32_cpu,PASS,fp32_cpu,cpu,fp32,none,8,8,8,1,5,3,0.6328125,0.6182498889523447,417.7237939834595,36.37330951328153,27.49268662602327,0.0,256,256,256,"{""0"":128,""1"":128}","{""0"":128,""1"":128}","{""0"":128,""1"":128}",a8fc52f917d57dcc25c6d032ad33f614afbec9381f6c253f77a6e10a74bc267c,8bd7c0435d04760f633b9d6818a05f1d7eee2dfcbbf8003708107a85221b629f,25f4e5daefc8b2369d77940c472e0dfd0d6a7a243c148a155e7783b06b8c0e3e,1.7776814689996172,,0.0,0.0,0.0,0.0,0.0,0.0,0.0
strengthened,mrpc,bert-base-uncased,128,128,8,dynamic_int8_cpu,PASS,fp32_cpu,cpu,int8_dynamic,dynamic_int8_linear,8,8,8,1,5,3,0.6328125,0.6143589743589744,173.08754062652588,22.63413094843756,44.181064529408424,0.0,256,256,256,"{""0"":128,""1"":128}","{""0"":128,""1"":128}","{""0"":128,""1"":128}",a8fc52f917d57dcc25c6d032ad33f614afbec9381f6c253f77a6e10a74bc267c,8bd7c0435d04760f633b9d6818a05f1d7eee2dfcbbf8003708107a85221b629f,25f4e5daefc8b2369d77940c472e0dfd0d6a7a243c148a155e7783b06b8c0e3e,1.7776814689996172,,0.0,-0.0038909145933703204,0.585641174576281,0.37772693078223135,0.6070115347544364,0.0,0.6070115347544364
strengthened,mrpc,bert-base-uncased,128,128,8,fp32_gpu,PASS,fp32_gpu,cuda,fp32,none,8,8,8,1,5,3,0.6328125,0.6182498889523447,417.7237939834595,1.4787576554688542,676.2433291903673,457.93212890625,256,256,256,"{""0"":128,""1"":128}","{""0"":128,""1"":128}","{""0"":128,""1"":128}",a8fc52f917d57dcc25c6d032ad33f614afbec9381f6c253f77a6e10a74bc267c,8bd7c0435d04760f633b9d6818a05f1d7eee2dfcbbf8003708107a85221b629f,25f4e5daefc8b2369d77940c472e0dfd0d6a7a243c148a155e7783b06b8c0e3e,1.7776814689996172,,0.0,0.0,0.0,0.959344979182362,23.597207918933155,0.0,23.597207918933155
strengthened,mrpc,bert-base-uncased,128,128,8,bf16_gpu,PASS,fp32_gpu,cuda,bf16,none,8,8,8,1,5,3,0.6328125,0.6182498889523447,417.7237939834595,1.713586253124788,583.5714415755045,640.01806640625,256,256,256,"{""0"":128,""1"":128}","{""0"":128,""1"":128}","{""0"":128,""1"":128}",a8fc52f917d57dcc25c6d032ad33f614afbec9381f6c253f77a6e10a74bc267c,8bd7c0435d04760f633b9d6818a05f1d7eee2dfcbbf8003708107a85221b629f,25f4e5daefc8b2369d77940c472e0dfd0d6a7a243c148a155e7783b06b8c0e3e,1.7776814689996172,,0.0,0.0,0.0,0.9528889101361788,20.22642466753771,0.0,20.22642466753771
strengthened,mrpc,bert-base-uncased,256,256,6,fp32_cpu,PASS,fp32_cpu,cpu,fp32,none,8,8,8,1,5,3,0.66796875,0.6647717644158926,417.7237939834595,35.73632043203148,27.9827354330434,0.0,512,512,256,"{""0"":256,""1"":256}","{""0"":256,""1"":256}","{""0"":128,""1"":128}",1ad95be097cc2da006cdefdbb4aaa53cefaec31c30066b8bfa66e9c4d88aee39,5e8d0e6887e53fd76cbd699d0fe9cc8726e6c1118e8bf4d1ac3f60a0b8939f89,49397107fe7cd7f1fba058067518ec6f9b2833bb4f2fe63979b55080fe12bdbe,4.622604367999884,,0.0,0.0,0.0,0.0,0.0,0.0,0.0
strengthened,mrpc,bert-base-uncased,256,256,6,dynamic_int8_cpu,PASS,fp32_cpu,cpu,int8_dynamic,dynamic_int8_linear,8,8,8,1,5,3,0.58984375,0.5210861082901277,173.08754062652588,22.84706570625019,43.76929680411579,0.0,512,512,256,"{""0"":256,""1"":256}","{""0"":256,""1"":256}","{""0"":128,""1"":128}",1ad95be097cc2da006cdefdbb4aaa53cefaec31c30066b8bfa66e9c4d88aee39,5e8d0e6887e53fd76cbd699d0fe9cc8726e6c1118e8bf4d1ac3f60a0b8939f89,49397107fe7cd7f1fba058067518ec6f9b2833bb4f2fe63979b55080fe12bdbe,4.622604367999884,,-0.078125,-0.1436856561257649,0.585641174576281,0.3606766049206421,0.5641536156765732,0.0,0.585641174576281
strengthened,mrpc,bert-base-uncased,256,256,6,fp32_gpu,PASS,fp32_gpu,cuda,fp32,none,8,8,8,1,5,3,0.66796875,0.6647717644158926,417.7237939834595,1.2202155062496445,819.5273661728156,457.93212890625,512,512,256,"{""0"":256,""1"":256}","{""0"":256,""1"":256}","{""0"":128,""1"":128}",1ad95be097cc2da006cdefdbb4aaa53cefaec31c30066b8bfa66e9c4d88aee39,5e8d0e6887e53fd76cbd699d0fe9cc8726e6c1118e8bf4d1ac3f60a0b8939f89,49397107fe7cd7f1fba058067518ec6f9b2833bb4f2fe63979b55080fe12bdbe,4.622604367999884,,0.0,0.0,0.0,0.9658550323173191,28.286892560370532,0.0,28.286892560370532
strengthened,mrpc,bert-base-uncased,256,256,6,bf16_gpu,PASS,fp32_gpu,cuda,bf16,none,8,8,8,1,5,3,0.671875,0.6689655172413793,417.7237939834595,1.5199097164064312,657.9338162034587,640.01806640625,512,512,256,"{""0"":256,""1"":256}","{""0"":256,""1"":256}","{""0"":128,""1"":128}",1ad95be097cc2da006cdefdbb4aaa53cefaec31c30066b8bfa66e9c4d88aee39,5e8d0e6887e53fd76cbd699d0fe9cc8726e6c1118e8bf4d1ac3f60a0b8939f89,49397107fe7cd7f1fba058067518ec6f9b2833bb4f2fe63979b55080fe12bdbe,4.622604367999884,,0.00390625,0.0041937528254867296,0.0,0.9574687685236868,22.512133678916104,0.0,22.512133678916104
strengthened,mrpc,bert-base-uncased,256,256,7,fp32_cpu,PASS,fp32_cpu,cpu,fp32,none,8,8,8,1,5,3,0.7109375,0.707437608104769,417.7237939834595,37.559419566405694,26.62447959910517,0.0,512,512,256,"{""0"":256,""1"":256}","{""0"":256,""1"":256}","{""0"":128,""1"":128}",2581442ceff77afd11deafb0520b6c40f540c9a3e595f712f9a7941663b07f26,691ffe43325918ed9e38f806b987b78fb89c6d4df2dcd51025ae7dda27c40415,0e38a503e1b9109a23ab6bcc4662694351ebfeb54a319cd04ebdd6316d7715d4,3.763506760000382,,0.0,0.0,0.0,0.0,0.0,0.0,0.0
strengthened,mrpc,bert-base-uncased,256,256,7,dynamic_int8_cpu,PASS,fp32_cpu,cpu,int8_dynamic,dynamic_int8_linear,8,8,8,1,5,3,0.703125,0.7013018914271678,173.08754062652588,25.601984114843646,39.059472715640624,0.0,512,512,256,"{""0"":256,""1"":256}","{""0"":256,""1"":256}","{""0"":128,""1"":128}",2581442ceff77afd11deafb0520b6c40f540c9a3e595f712f9a7941663b07f26,691ffe43325918ed9e38f806b987b78fb89c6d4df2dcd51025ae7dda27c40415,0e38a503e1b9109a23ab6bcc4662694351ebfeb54a319cd04ebdd6316d7715d4,3.763506760000382,,-0.0078125,-0.006135716677601155,0.585641174576281,0.3183604962377307,0.4670511237693218,0.0,0.585641174576281
strengthened,mrpc,bert-base-uncased,256,256,7,fp32_gpu,PASS,fp32_gpu,cuda,fp32,none,8,8,8,1,5,3,0.7109375,0.707437608104769,417.7237939834595,1.5561312484372536,642.6193169787259,458.3564453125,512,512,256,"{""0"":256,""1"":256}","{""0"":256,""1"":256}","{""0"":128,""1"":128}",2581442ceff77afd11deafb0520b6c40f540c9a3e595f712f9a7941663b07f26,691ffe43325918ed9e38f806b987b78fb89c6d4df2dcd51025ae7dda27c40415,0e38a503e1b9109a23ab6bcc4662694351ebfeb54a319cd04ebdd6316d7715d4,3.763506760000382,,0.0,0.0,0.0,0.9585688153224523,23.13640854788102,0.0,23.13640854788102
strengthened,mrpc,bert-base-uncased,256,256,7,bf16_gpu,PASS,fp32_gpu,cuda,bf16,none,8,8,8,1,5,3,0.7109375,0.707437608104769,417.7237939834595,1.824037798437672,548.2342530711379,645.6767578125,512,512,256,"{""0"":256,""1"":256}","{""0"":256,""1"":256}","{""0"":128,""1"":128}",2581442ceff77afd11deafb0520b6c40f540c9a3e595f712f9a7941663b07f26,691ffe43325918ed9e38f806b987b78fb89c6d4df2dcd51025ae7dda27c40415,0e38a503e1b9109a23ab6bcc4662694351ebfeb54a319cd04ebdd6316d7715d4,3.763506760000382,,0.0,0.0,0.0,0.9514359428474994,19.59136033177391,0.0,19.59136033177391
strengthened,mrpc,bert-base-uncased,256,256,8,fp32_cpu,PASS,fp32_cpu,cpu,fp32,none,8,8,8,1,5,3,0.65234375,0.6478244068320581,417.7237939834595,36.47426738281254,27.416589057282106,0.0,512,512,256,"{""0"":256,""1"":256}","{""0"":256,""1"":256}","{""0"":128,""1"":128}",8ae7672a4deadb23a5f2dab708bb8dd1055daaf099dda6bf2f15bd048ea361f8,2922e0a83cc17c2970a5d723ac59ffdf25e6c59c024298458da499be0561e1b8,25f4e5daefc8b2369d77940c472e0dfd0d6a7a243c148a155e7783b06b8c0e3e,4.406144191000749,,0.0,0.0,0.0,0.0,0.0,0.0,0.0
strengthened,mrpc,bert-base-uncased,256,256,8,dynamic_int8_cpu,PASS,fp32_cpu,cpu,int8_dynamic,dynamic_int8_linear,8,8,8,1,5,3,0.69140625,0.6796705472400412,173.08754062652588,25.205729255468867,39.67351985196107,0.0,512,512,256,"{""0"":256,""1"":256}","{""0"":256,""1"":256}","{""0"":128,""1"":128}",8ae7672a4deadb23a5f2dab708bb8dd1055daaf099dda6bf2f15bd048ea361f8,2922e0a83cc17c2970a5d723ac59ffdf25e6c59c024298458da499be0561e1b8,25f4e5daefc8b2369d77940c472e0dfd0d6a7a243c148a155e7783b06b8c0e3e,4.406144191000749,,0.0390625,0.03184614040798306,0.585641174576281,0.3089448791136968,0.44706257109774944,0.0,0.585641174576281
strengthened,mrpc,bert-base-uncased,256,256,8,fp32_gpu,PASS,fp32_gpu,cuda,fp32,none,8,8,8,1,5,3,0.65234375,0.6478244068320581,417.7237939834595,1.726564896093663,579.1847165794293,457.93212890625,512,512,256,"{""0"":256,""1"":256}","{""0"":256,""1"":256}","{""0"":128,""1"":128}",8ae7672a4deadb23a5f2dab708bb8dd1055daaf099dda6bf2f15bd048ea361f8,2922e0a83cc17c2970a5d723ac59ffdf25e6c59c024298458da499be0561e1b8,25f4e5daefc8b2369d77940c472e0dfd0d6a7a243c148a155e7783b06b8c0e3e,4.406144191000749,,0.0,0.0,0.0,0.9526634797630711,20.125338216556607,0.0,20.125338216556607
strengthened,mrpc,bert-base-uncased,256,256,8,bf16_gpu,PASS,fp32_gpu,cuda,bf16,none,8,8,8,1,5,3,0.65234375,0.6478244068320581,417.7237939834595,1.901458062499728,525.9122037566069,640.01806640625,512,512,256,"{""0"":256,""1"":256}","{""0"":256,""1"":256}","{""0"":128,""1"":128}",8ae7672a4deadb23a5f2dab708bb8dd1055daaf099dda6bf2f15bd048ea361f8,2922e0a83cc17c2970a5d723ac59ffdf25e6c59c024298458da499be0561e1b8,25f4e5daefc8b2369d77940c472e0dfd0d6a7a243c148a155e7783b06b8c0e3e,4.406144191000749,,0.0,0.0,0.0,0.9478685056907892,18.18226233970267,0.0,18.18226233970267
strengthened,rte,bert-base-uncased,64,64,6,fp32_cpu,PASS,fp32_cpu,cpu,fp32,none,8,8,8,1,5,3,0.51953125,0.42673002348571737,417.7237939834595,56.816208794531775,17.60061118502937,0.0,128,128,256,"{""0"":64,""1"":64}","{""0"":64,""1"":64}","{""0"":128,""1"":128}",f95586e3a6839c6232387aefd24d007b04e2b31e83422c953cce9093ad87062b,485c95c92085ddafc4d1ee746dcf6f30c4cd432bcf7ce8b6ff2deb75f60de1a1,990e52abb705781f5bee97c2284da5016ce3a12a0aa251a097fc176f7d4fca12,1.3744705230001273,,0.0,0.0,0.0,0.0,0.0,0.0,0.0
strengthened,rte,bert-base-uncased,64,64,6,dynamic_int8_cpu,PASS,fp32_cpu,cpu,int8_dynamic,dynamic_int8_linear,8,8,8,1,5,3,0.51171875,0.39866578972094335,173.08754062652588,37.214850129687704,26.87099360914158,0.0,128,128,256,"{""0"":64,""1"":64}","{""0"":64,""1"":64}","{""0"":128,""1"":128}",f95586e3a6839c6232387aefd24d007b04e2b31e83422c953cce9093ad87062b,485c95c92085ddafc4d1ee746dcf6f30c4cd432bcf7ce8b6ff2deb75f60de1a1,990e52abb705781f5bee97c2284da5016ce3a12a0aa251a097fc176f7d4fca12,1.3744705230001273,,-0.0078125,-0.028064233764774016,0.585641174576281,0.3449958925582269,0.526707983413517,0.0,0.585641174576281
strengthened,rte,bert-base-uncased,64,64,6,fp32_gpu,PASS,fp32_gpu,cuda,fp32,none,8,8,8,1,5,3,0.51953125,0.42673002348571737,417.7237939834595,1.6416523171876918,609.1423802289002,469.26025390625,128,128,256,"{""0"":64,""1"":64}","{""0"":64,""1"":64}","{""0"":128,""1"":128}",f95586e3a6839c6232387aefd24d007b04e2b31e83422c953cce9093ad87062b,485c95c92085ddafc4d1ee746dcf6f30c4cd432bcf7ce8b6ff2deb75f60de1a1,990e52abb705781f5bee97c2284da5016ce3a12a0aa251a097fc176f7d4fca12,1.3744705230001273,,0.0,0.0,0.0,0.9711059158641769,33.60916066068326,0.0,33.60916066068326
strengthened,rte,bert-base-uncased,64,64,6,bf16_gpu,PASS,fp32_gpu,cuda,bf16,none,8,8,8,1,5,3,0.51953125,0.42673002348571737,417.7237939834595,1.783871175000229,560.5785967138976,649.30126953125,128,128,256,"{""0"":64,""1"":64}","{""0"":64,""1"":64}","{""0"":128,""1"":128}",f95586e3a6839c6232387aefd24d007b04e2b31e83422c953cce9093ad87062b,485c95c92085ddafc4d1ee746dcf6f30c4cd432bcf7ce8b6ff2deb75f60de1a1,990e52abb705781f5bee97c2284da5016ce3a12a0aa251a097fc176f7d4fca12,1.3744705230001273,,0.0,0.0,0.0,0.9686027770446395,30.84995059664243,0.0,30.84995059664243
strengthened,rte,bert-base-uncased,64,64,7,fp32_cpu,PASS,fp32_cpu,cpu,fp32,none,8,8,8,1,5,3,0.55859375,0.557073081104255,417.7237939834595,55.65309001718717,17.968454216848933,0.0,128,128,256,"{""0"":64,""1"":64}","{""0"":64,""1"":64}","{""0"":128,""1"":128}",25c629841fc57c5325dee09183817c8a188066e407c98c39462a77d9821f304c,4c588c4809eec2561fe2f5b9fcacab66f89b9f8fd4696fa7b4851a3b44d46a90,217c3f70ada6b051ee5cb173158928fff948b61a57fbf0a07ffd7d768f578dbc,1.3075311540005714,,0.0,0.0,0.0,0.0,0.0,0.0,0.0
strengthened,rte,bert-base-uncased,64,64,7,dynamic_int8_cpu,PASS,fp32_cpu,cpu,int8_dynamic,dynamic_int8_linear,8,8,8,1,5,3,0.5,0.3333333333333333,173.08754062652588,33.15893042812519,30.157788176177316,0.0,128,128,256,"{""0"":64,""1"":64}","{""0"":64,""1"":64}","{""0"":128,""1"":128}",25c629841fc57c5325dee09183817c8a188066e407c98c39462a77d9821f304c,4c588c4809eec2561fe2f5b9fcacab66f89b9f8fd4696fa7b4851a3b44d46a90,217c3f70ada6b051ee5cb173158928fff948b61a57fbf0a07ffd7d768f578dbc,1.3075311540005714,,-0.05859375,-0.2237397477709217,0.585641174576281,0.40418527672255355,0.678374100088059,0.0,0.678374100088059
strengthened,rte,bert-base-uncased,64,64,7,fp32_gpu,PASS,fp32_gpu,cuda,fp32,none,8,8,8,1,5,3,0.55859375,0.557073081104255,417.7237939834595,1.0498228593746717,952.5416512607196,469.26025390625,128,128,256,"{""0"":64,""1"":64}","{""0"":64,""1"":64}","{""0"":128,""1"":128}",25c629841fc57c5325dee09183817c8a188066e407c98c39462a77d9821f304c,4c588c4809eec2561fe2f5b9fcacab66f89b9f8fd4696fa7b4851a3b44d46a90,217c3f70ada6b051ee5cb173158928fff948b61a57fbf0a07ffd7d768f578dbc,1.3075311540005714,,0.0,0.0,0.0,0.9811363060155248,52.011886262732936,0.0,52.011886262732936
strengthened,rte,bert-base-uncased,64,64,7,bf16_gpu,PASS,fp32_gpu,cuda,bf16,none,8,8,8,1,5,3,0.5546875,0.5529411764705883,417.7237939834595,1.389514946875181,719.675597768024,649.30126953125,128,128,256,"{""0"":64,""1"":64}","{""0"":64,""1"":64}","{""0"":128,""1"":128}",25c629841fc57c5325dee09183817c8a188066e407c98c39462a77d9821f304c,4c588c4809eec2561fe2f5b9fcacab66f89b9f8fd4696fa7b4851a3b44d46a90,217c3f70ada6b051ee5cb173158928fff948b61a57fbf0a07ffd7d768f578dbc,1.3075311540005714,,-0.00390625,-0.00413190463366675,0.0,0.975032564293446,39.05217082575682,0.0,39.05217082575682
strengthened,rte,bert-base-uncased,64,64,8,fp32_cpu,PASS,fp32_cpu,cpu,fp32,none,8,8,8,1,5,3,0.5390625,0.46723104056437387,417.7237939834595,51.967398666406694,19.242833500658374,0.0,128,128,256,"{""0"":64,""1"":64}","{""0"":64,""1"":64}","{""0"":128,""1"":128}",9e6aefc44cf84ee576f63af789626ebd041943485393a4d2913d9bfa4b01cf8c,b00b820be71670348a722cfae5c4c901234c2ad290b31f4dd7e9e9b4471ab862,f4b7671ed487005ddf7ad52d5bb288b5d5a8a24650139a583e53472d967da2b6,1.0569787079994057,,0.0,0.0,0.0,0.0,0.0,0.0,0.0
strengthened,rte,bert-base-uncased,64,64,8,dynamic_int8_cpu,PASS,fp32_cpu,cpu,int8_dynamic,dynamic_int8_linear,8,8,8,1,5,3,0.5859375,0.5846954392408938,173.08754062652588,33.97459447656246,29.43375823631552,0.0,128,128,256,"{""0"":64,""1"":64}","{""0"":64,""1"":64}","{""0"":128,""1"":128}",9e6aefc44cf84ee576f63af789626ebd041943485393a4d2913d9bfa4b01cf8c,b00b820be71670348a722cfae5c4c901234c2ad290b31f4dd7e9e9b4471ab862,f4b7671ed487005ddf7ad52d5bb288b5d5a8a24650139a583e53472d967da2b6,1.0569787079994057,,0.046875,0.11746439867651998,0.585641174576281,0.346232535235121,0.5295958485172401,0.0,0.585641174576281
strengthened,rte,bert-base-uncased,64,64,8,fp32_gpu,PASS,fp32_gpu,cuda,fp32,none,8,8,8,1,5,3,0.5390625,0.46723104056437387,417.7237939834595,1.208228964843272,827.657694938407,469.26025390625,128,128,256,"{""0"":64,""1"":64}","{""0"":64,""1"":64}","{""0"":128,""1"":128}",9e6aefc44cf84ee576f63af789626ebd041943485393a4d2913d9bfa4b01cf8c,b00b820be71670348a722cfae5c4c901234c2ad290b31f4dd7e9e9b4471ab862,f4b7671ed487005ddf7ad52d5bb288b5d5a8a24650139a583e53472d967da2b6,1.0569787079994057,,0.0,0.0,0.0,0.9767502511988481,42.01121739218341,0.0,42.01121739218341
strengthened,rte,bert-base-uncased,64,64,8,bf16_gpu,PASS,fp32_gpu,cuda,bf16,none,8,8,8,1,5,3,0.55078125,0.4858090996419526,417.7237939834595,1.2998250765626551,769.3342881524238,649.30126953125,128,128,256,"{""0"":64,""1"":64}","{""0"":64,""1"":64}","{""0"":128,""1"":128}",9e6aefc44cf84ee576f63af789626ebd041943485393a4d2913d9bfa4b01cf8c,b00b820be71670348a722cfae5c4c901234c2ad290b31f4dd7e9e9b4471ab862,f4b7671ed487005ddf7ad52d5bb288b5d5a8a24650139a583e53472d967da2b6,1.0569787079994057,,0.01171875,0.018578059077578757,0.0,0.9749876824717243,38.980301660153216,0.0,38.980301660153216
strengthened,rte,bert-base-uncased,128,128,6,fp32_cpu,PASS,fp32_cpu,cpu,fp32,none,8,8,8,1,5,3,0.56640625,0.5644857234815394,417.7237939834595,51.897260231250186,19.268839926117046,0.0,256,256,256,"{""0"":128,""1"":128}","{""0"":128,""1"":128}","{""0"":128,""1"":128}",72f75942a91c411e0da181b5a66e789171da0d91a1601b4dad90ab266bb6e4c0,2623a385a463c34d591c07cc225442ad330c01f27555d8694f77bd89b1e6b011,990e52abb705781f5bee97c2284da5016ce3a12a0aa251a097fc176f7d4fca12,2.006171099000312,,0.0,0.0,0.0,0.0,0.0,0.0,0.0
strengthened,rte,bert-base-uncased,128,128,6,dynamic_int8_cpu,PASS,fp32_cpu,cpu,int8_dynamic,dynamic_int8_linear,8,8,8,1,5,3,0.48828125,0.32808398950131235,173.08754062652588,34.04450067265614,29.37331963288802,0.0,256,256,256,"{""0"":128,""1"":128}","{""0"":128,""1"":128}","{""0"":128,""1"":128}",72f75942a91c411e0da181b5a66e789171da0d91a1601b4dad90ab266bb6e4c0,2623a385a463c34d591c07cc225442ad330c01f27555d8694f77bd89b1e6b011,990e52abb705781f5bee97c2284da5016ce3a12a0aa251a097fc176f7d4fca12,2.006171099000312,,-0.078125,-0.236401733980227,0.585641174576281,0.3440019661740047,0.5243948128436798,0.0,0.585641174576281
strengthened,rte,bert-base-uncased,128,128,6,fp32_gpu,PASS,fp32_gpu,cuda,fp32,none,8,8,8,1,5,3,0.56640625,0.5644857234815394,417.7237939834595,1.1900730195307574,840.2845737938815,469.26025390625,256,256,256,"{""0"":128,""1"":128}","{""0"":128,""1"":128}","{""0"":128,""1"":128}",72f75942a91c411e0da181b5a66e789171da0d91a1601b4dad90ab266bb6e4c0,2623a385a463c34d591c07cc225442ad330c01f27555d8694f77bd89b1e6b011,990e52abb705781f5bee97c2284da5016ce3a12a0aa251a097fc176f7d4fca12,2.006171099000312,,0.0,0.0,0.0,0.977068673486271,42.60846719448622,0.0,42.60846719448622
strengthened,rte,bert-base-uncased,128,128,6,bf16_gpu,PASS,fp32_gpu,cuda,bf16,none,8,8,8,1,5,3,0.56640625,0.5644857234815394,417.7237939834595,1.2454768101555658,802.9053546770537,649.30126953125,256,256,256,"{""0"":128,""1"":128}","{""0"":128,""1"":128}","{""0"":128,""1"":128}",72f75942a91c411e0da181b5a66e789171da0d91a1601b4dad90ab266bb6e4c0,2623a385a463c34d591c07cc225442ad330c01f27555d8694f77bd89b1e6b011,990e52abb705781f5bee97c2284da5016ce3a12a0aa251a097fc176f7d4fca12,2.006171099000312,,0.0,0.0,0.0,0.9760011067134216,40.66858813273929,0.0,40.66858813273929
strengthened,rte,bert-base-uncased,128,128,7,fp32_cpu,PASS,fp32_cpu,cpu,fp32,none,8,8,8,1,5,3,0.53125,0.5298438934802572,417.7237939834595,52.91569898281239,18.897983381544506,0.0,256,256,256,"{""0"":128,""1"":128}","{""0"":128,""1"":128}","{""0"":128,""1"":128}",9f13e3ead518a95d72f5d5911fb3c6dc37db6973629aea4917bd33cef5a09aac,6d84dbb2b3672708fa26e50c64d9ba26e27c20b7c555ab734a8bd41684329cdd,217c3f70ada6b051ee5cb173158928fff948b61a57fbf0a07ffd7d768f578dbc,1.999540320000051,,0.0,0.0,0.0,0.0,0.0,0.0,0.0
strengthened,rte,bert-base-uncased,128,128,7,dynamic_int8_cpu,PASS,fp32_cpu,cpu,int8_dynamic,dynamic_int8_linear,8,8,8,1,5,3,0.49609375,0.35719708029197084,173.08754062652588,33.67440381796882,29.696145636478803,0.0,256,256,256,"{""0"":128,""1"":128}","{""0"":128,""1"":128}","{""0"":128,""1"":128}",9f13e3ead518a95d72f5d5911fb3c6dc37db6973629aea4917bd33cef5a09aac,6d84dbb2b3672708fa26e50c64d9ba26e27c20b7c555ab734a8bd41684329cdd,217c3f70ada6b051ee5cb173158928fff948b61a57fbf0a07ffd7d768f578dbc,1.999540320000051,,-0.03515625,-0.17264681318828634,0.585641174576281,0.36362167626460634,0.5713923034496698,0.0,0.585641174576281
strengthened,rte,bert-base-uncased,128,128,7,fp32_gpu,PASS,fp32_gpu,cuda,fp32,none,8,8,8,1,5,3,0.53125,0.5298438934802572,417.7237939834595,1.1497248054688214,869.7733538002876,469.26025390625,256,256,256,"{""0"":128,""1"":128}","{""0"":128,""1"":128}","{""0"":128,""1"":128}",9f13e3ead518a95d72f5d5911fb3c6dc37db6973629aea4917bd33cef5a09aac,6d84dbb2b3672708fa26e50c64d9ba26e27c20b7c555ab734a8bd41684329cdd,217c3f70ada6b051ee5cb173158928fff948b61a57fbf0a07ffd7d768f578dbc,1.999540320000051,,0.0,0.0,0.0,0.9782725197329007,45.0246649729672,0.0,45.0246649729672
strengthened,rte,bert-base-uncased,128,128,7,bf16_gpu,PASS,fp32_gpu,cuda,bf16,none,8,8,8,1,5,3,0.53125,0.5298438934802572,417.7237939834595,1.2455930039060092,802.8304565489183,649.30126953125,256,256,256,"{""0"":128,""1"":128}","{""0"":128,""1"":128}","{""0"":128,""1"":128}",9f13e3ead518a95d72f5d5911fb3c6dc37db6973629aea4917bd33cef5a09aac,6d84dbb2b3672708fa26e50c64d9ba26e27c20b7c555ab734a8bd41684329cdd,217c3f70ada6b051ee5cb173158928fff948b61a57fbf0a07ffd7d768f578dbc,1.999540320000051,,0.0,0.0,0.0,0.9764608041120162,41.4823347729764,0.0,41.4823347729764
strengthened,rte,bert-base-uncased,128,128,8,fp32_cpu,PASS,fp32_cpu,cpu,fp32,none,8,8,8,1,5,3,0.58203125,0.5758110723964383,417.7237939834595,52.156168949218795,19.17318737451053,0.0,256,256,256,"{""0"":128,""1"":128}","{""0"":128,""1"":128}","{""0"":128,""1"":128}",c7b9735abc84db7374815b2db1437d3cb7fa58388b7fa2e7f4a630512424bd97,814950178b0d71d2e4d50cfc211a85a19602a333b68b8015905bfa24ba923d18,f4b7671ed487005ddf7ad52d5bb288b5d5a8a24650139a583e53472d967da2b6,1.9583786379998855,,0.0,0.0,0.0,0.0,0.0,0.0,0.0
strengthened,rte,bert-base-uncased,128,128,8,dynamic_int8_cpu,PASS,fp32_cpu,cpu,int8_dynamic,dynamic_int8_linear,8,8,8,1,5,3,0.5390625,0.44795321637426905,173.08754062652588,35.84825113750014,27.895363602658986,0.0,256,256,256,"{""0"":128,""1"":128}","{""0"":128,""1"":128}","{""0"":128,""1"":128}",c7b9735abc84db7374815b2db1437d3cb7fa58388b7fa2e7f4a630512424bd97,814950178b0d71d2e4d50cfc211a85a19602a333b68b8015905bfa24ba923d18,f4b7671ed487005ddf7ad52d5bb288b5d5a8a24650139a583e53472d967da2b6,1.9583786379998855,,-0.04296875,-0.1278578560221692,0.585641174576281,0.3126747638921995,0.45491529696017086,0.0,0.585641174576281
strengthened,rte,bert-base-uncased,128,128,8,fp32_gpu,PASS,fp32_gpu,cuda,fp32,none,8,8,8,1,5,3,0.58203125,0.5758110723964383,417.7237939834595,1.3362058976561286,748.3876562393,469.26025390625,256,256,256,"{""0"":128,""1"":128}","{""0"":128,""1"":128}","{""0"":128,""1"":128}",c7b9735abc84db7374815b2db1437d3cb7fa58388b7fa2e7f4a630512424bd97,814950178b0d71d2e4d50cfc211a85a19602a333b68b8015905bfa24ba923d18,f4b7671ed487005ddf7ad52d5bb288b5d5a8a24650139a583e53472d967da2b6,1.9583786379998855,,0.0,0.0,0.0,0.974380673953313,38.033033038326806,0.0,38.033033038326806
strengthened,rte,bert-base-uncased,128,128,8,bf16_gpu,PASS,fp32_gpu,cuda,bf16,none,8,8,8,1,5,3,0.578125,0.5722507580914661,417.7237939834595,1.4113484929687559,708.542223966606,649.30126953125,256,256,256,"{""0"":128,""1"":128}","{""0"":128,""1"":128}","{""0"":128,""1"":128}",c7b9735abc84db7374815b2db1437d3cb7fa58388b7fa2e7f4a630512424bd97,814950178b0d71d2e4d50cfc211a85a19602a333b68b8015905bfa24ba923d18,f4b7671ed487005ddf7ad52d5bb288b5d5a8a24650139a583e53472d967da2b6,1.9583786379998855,,-0.00390625,-0.0035603143049721675,0.0,0.972939950893577,35.954847940857526,0.0,35.954847940857526
strengthened,rte,bert-base-uncased,256,256,6,fp32_cpu,PASS,fp32_cpu,cpu,fp32,none,8,8,8,1,5,3,0.578125,0.5272229822161423,417.7237939834595,52.49347307265566,19.049987388258927,0.0,512,512,256,"{""0"":256,""1"":256}","{""0"":256,""1"":256}","{""0"":128,""1"":128}",5f69fbce5f58b5259365ff19430d95ff76f0b3125689a0791b3d9f250e7d4fc2,9ac186f4afe66451ff1e293fcf67214b1b496588a83c418ce7a094bfc188d48f,990e52abb705781f5bee97c2284da5016ce3a12a0aa251a097fc176f7d4fca12,4.505742049000219,,0.0,0.0,0.0,0.0,0.0,0.0,0.0
strengthened,rte,bert-base-uncased,256,256,6,dynamic_int8_cpu,PASS,fp32_cpu,cpu,int8_dynamic,dynamic_int8_linear,8,8,8,1,5,3,0.515625,0.41075141075141075,173.08754062652588,33.75218554843755,29.627711028220862,0.0,512,512,256,"{""0"":256,""1"":256}","{""0"":256,""1"":256}","{""0"":128,""1"":128}",5f69fbce5f58b5259365ff19430d95ff76f0b3125689a0791b3d9f250e7d4fc2,9ac186f4afe66451ff1e293fcf67214b1b496588a83c418ce7a094bfc188d48f,990e52abb705781f5bee97c2284da5016ce3a12a0aa251a097fc176f7d4fca12,4.505742049000219,,-0.0625,-0.11647157146473153,0.585641174576281,0.35702129097608937,0.5552614510643351,0.0,0.585641174576281
strengthened,rte,bert-base-uncased,256,256,6,fp32_gpu,PASS,fp32_gpu,cuda,fp32,none,8,8,8,1,5,3,0.578125,0.5272229822161423,417.7237939834595,1.040699402344103,960.8922593282648,469.26025390625,512,512,256,"{""0"":256,""1"":256}","{""0"":256,""1"":256}","{""0"":128,""1"":128}",5f69fbce5f58b5259365ff19430d95ff76f0b3125689a0791b3d9f250e7d4fc2,9ac186f4afe66451ff1e293fcf67214b1b496588a83c418ce7a094bfc188d48f,990e52abb705781f5bee97c2284da5016ce3a12a0aa251a097fc176f7d4fca12,4.505742049000219,,0.0,0.0,0.0,0.9801746895103762,49.440571940771534,0.0,49.440571940771534
strengthened,rte,bert-base-uncased,256,256,6,bf16_gpu,PASS,fp32_gpu,cuda,bf16,none,8,8,8,1,5,3,0.578125,0.5272229822161423,417.7237939834595,1.331918756250161,750.7965446896822,649.30126953125,512,512,256,"{""0"":256,""1"":256}","{""0"":256,""1"":256}","{""0"":128,""1"":128}",5f69fbce5f58b5259365ff19430d95ff76f0b3125689a0791b3d9f250e7d4fc2,9ac186f4afe66451ff1e293fcf67214b1b496588a83c418ce7a094bfc188d48f,990e52abb705781f5bee97c2284da5016ce3a12a0aa251a097fc176f7d4fca12,4.505742049000219,,0.0,0.0,0.0,0.9746269644912489,38.41191820171074,0.0,38.41191820171074
strengthened,rte,bert-base-uncased,256,256,7,fp32_cpu,PASS,fp32_cpu,cpu,fp32,none,8,8,8,1,5,3,0.58984375,0.5875719217491369,417.7237939834595,53.376088031249935,18.734981091430548,0.0,512,512,256,"{""0"":256,""1"":256}","{""0"":256,""1"":256}","{""0"":128,""1"":128}",5efdcb38327020b3c7a7b7a320b19807430e0e3e79004fd655976c8147288a62,d3f75bcf371ae18ff509eeeb7aa6ebfd6fc74194839e0d16133e69073e0b4852,217c3f70ada6b051ee5cb173158928fff948b61a57fbf0a07ffd7d768f578dbc,4.3249095689998285,,0.0,0.0,0.0,0.0,0.0,0.0,0.0
strengthened,rte,bert-base-uncased,256,256,7,dynamic_int8_cpu,PASS,fp32_cpu,cpu,int8_dynamic,dynamic_int8_linear,8,8,8,1,5,3,0.51953125,0.42235512098475536,173.08754062652588,33.78732414453154,29.596898402558153,0.0,512,512,256,"{""0"":256,""1"":256}","{""0"":256,""1"":256}","{""0"":128,""1"":128}",5efdcb38327020b3c7a7b7a320b19807430e0e3e79004fd655976c8147288a62,d3f75bcf371ae18ff509eeeb7aa6ebfd6fc74194839e0d16133e69073e0b4852,217c3f70ada6b051ee5cb173158928fff948b61a57fbf0a07ffd7d768f578dbc,4.3249095689998285,,-0.0703125,-0.1652168007643815,0.585641174576281,0.36699512102216675,0.5797666545869047,0.0,0.585641174576281
strengthened,rte,bert-base-uncased,256,256,7,fp32_gpu,PASS,fp32_gpu,cuda,fp32,none,8,8,8,1,5,3,0.58984375,0.5875719217491369,417.7237939834595,1.2113706593751772,825.5111614770315,469.26025390625,512,512,256,"{""0"":256,""1"":256}","{""0"":256,""1"":256}","{""0"":128,""1"":128}",5efdcb38327020b3c7a7b7a320b19807430e0e3e79004fd655976c8147288a62,d3f75bcf371ae18ff509eeeb7aa6ebfd6fc74194839e0d16133e69073e0b4852,217c3f70ada6b051ee5cb173158928fff948b61a57fbf0a07ffd7d768f578dbc,4.3249095689998285,,0.0,0.0,0.0,0.9773049936018923,43.062556425777416,0.0,43.062556425777416
strengthened,rte,bert-base-uncased,256,256,7,bf16_gpu,PASS,fp32_gpu,cuda,bf16,none,8,8,8,1,5,3,0.59375,0.5917315831442066,417.7237939834595,1.2483531476561893,801.0553759387094,649.30126953125,512,512,256,"{""0"":256,""1"":256}","{""0"":256,""1"":256}","{""0"":128,""1"":128}",5efdcb38327020b3c7a7b7a320b19807430e0e3e79004fd655976c8147288a62,d3f75bcf371ae18ff509eeeb7aa6ebfd6fc74194839e0d16133e69073e0b4852,217c3f70ada6b051ee5cb173158928fff948b61a57fbf0a07ffd7d768f578dbc,4.3249095689998285,,0.00390625,0.004159661395069736,0.0,0.9766121273832334,41.757202264010566,0.0,41.757202264010566
strengthened,rte,bert-base-uncased,256,256,8,fp32_cpu,PASS,fp32_cpu,cpu,fp32,none,8,8,8,1,5,3,0.578125,0.5780992492217543,417.7237939834595,52.2339974156246,19.14461939497039,0.0,512,512,256,"{""0"":256,""1"":256}","{""0"":256,""1"":256}","{""0"":128,""1"":128}",e652063079fcdbc5f87bef0d7df9a77616fc52c11f0c75a36ac3318fec151d8a,6361f2692c16691c1e0ee7f203a31b6db122cf61b5f75ce33b6f58b96cbe7175,f4b7671ed487005ddf7ad52d5bb288b5d5a8a24650139a583e53472d967da2b6,3.985249237000062,,0.0,0.0,0.0,0.0,0.0,0.0,0.0
strengthened,rte,bert-base-uncased,256,256,8,dynamic_int8_cpu,PASS,fp32_cpu,cpu,int8_dynamic,dynamic_int8_linear,8,8,8,1,5,3,0.49609375,0.33159268929503916,173.08754062652588,35.86766312265652,27.88026631621646,0.0,512,512,256,"{""0"":256,""1"":256}","{""0"":256,""1"":256}","{""0"":128,""1"":128}",e652063079fcdbc5f87bef0d7df9a77616fc52c11f0c75a36ac3318fec151d8a,6361f2692c16691c1e0ee7f203a31b6db122cf61b5f75ce33b6f58b96cbe7175,f4b7671ed487005ddf7ad52d5bb288b5d5a8a24650139a583e53472d967da2b6,3.985249237000062,,-0.08203125,-0.2465065599267151,0.585641174576281,0.31332724092972564,0.4562977587081761,0.0,0.585641174576281
strengthened,rte,bert-base-uncased,256,256,8,fp32_gpu,PASS,fp32_gpu,cuda,fp32,none,8,8,8,1,5,3,0.578125,0.5780992492217543,417.7237939834595,1.0866685054686798,920.2438415832254,469.26025390625,512,512,256,"{""0"":256,""1"":256}","{""0"":256,""1"":256}","{""0"":128,""1"":128}",e652063079fcdbc5f87bef0d7df9a77616fc52c11f0c75a36ac3318fec151d8a,6361f2692c16691c1e0ee7f203a31b6db122cf61b5f75ce33b6f58b96cbe7175,f4b7671ed487005ddf7ad52d5bb288b5d5a8a24650139a583e53472d967da2b6,3.985249237000062,,0.0,0.0,0.0,0.9791961450543009,47.068014443002646,0.0,47.068014443002646
strengthened,rte,bert-base-uncased,256,256,8,bf16_gpu,PASS,fp32_gpu,cuda,bf16,none,8,8,8,1,5,3,0.58203125,0.5820248722056917,417.7237939834595,1.5756473976566099,634.6597604814729,649.30126953125,512,512,256,"{""0"":256,""1"":256}","{""0"":256,""1"":256}","{""0"":128,""1"":128}",e652063079fcdbc5f87bef0d7df9a77616fc52c11f0c75a36ac3318fec151d8a,6361f2692c16691c1e0ee7f203a31b6db122cf61b5f75ce33b6f58b96cbe7175,f4b7671ed487005ddf7ad52d5bb288b5d5a8a24650139a583e53472d967da2b6,3.985249237000062,,0.00390625,0.0039256229839373935,0.0,0.9698348302711887,32.15081628879018,0.0,32.15081628879018
strengthened,cola,bert-base-uncased,64,64,6,fp32_cpu,PASS,fp32_cpu,cpu,fp32,none,8,8,8,1,5,3,0.55859375,0.5574525372129668,417.7237939834595,16.554196758593775,60.407642520067924,0.0,128,128,256,"{""0"":64,""1"":64}","{""0"":64,""1"":64}","{""0"":128,""1"":128}",ce6fdc25b3ef6fcb1359b134951742196556eae5cc7843dee3673c8d16632dc6,eb609109b878d3114916333a8accb1b46545d62ac1b76a255318f92ec5d66c66,6a85cebcb7dfedd58bde8df74d42f872b37e310b261c49c3bbd9a8195f267a26,0.7658149580001918,,0.0,0.0,0.0,0.0,0.0,0.0,0.0
strengthened,cola,bert-base-uncased,64,64,6,dynamic_int8_cpu,PASS,fp32_cpu,cpu,int8_dynamic,dynamic_int8_linear,8,8,8,1,5,3,0.51953125,0.37532485567480706,173.08754062652588,11.27753896718744,88.67182839354842,0.0,128,128,256,"{""0"":64,""1"":64}","{""0"":64,""1"":64}","{""0"":128,""1"":128}",ce6fdc25b3ef6fcb1359b134951742196556eae5cc7843dee3673c8d16632dc6,eb609109b878d3114916333a8accb1b46545d62ac1b76a255318f92ec5d66c66,6a85cebcb7dfedd58bde8df74d42f872b37e310b261c49c3bbd9a8195f267a26,0.7658149580001918,,-0.0390625,-0.18212768153815978,0.585641174576281,0.3187504575640051,0.4678908941710629,0.0,0.585641174576281
strengthened,cola,bert-base-uncased,64,64,6,fp32_gpu,PASS,fp32_gpu,cuda,fp32,none,8,8,8,1,5,3,0.55859375,0.5574525372129668,417.7237939834595,1.5285685960932938,654.2068197369708,445.15234375,128,128,256,"{""0"":64,""1"":64}","{""0"":64,""1"":64}","{""0"":128,""1"":128}",ce6fdc25b3ef6fcb1359b134951742196556eae5cc7843dee3673c8d16632dc6,eb609109b878d3114916333a8accb1b46545d62ac1b76a255318f92ec5d66c66,6a85cebcb7dfedd58bde8df74d42f872b37e310b261c49c3bbd9a8195f267a26,0.7658149580001918,,0.0,0.0,0.0,0.9076627746797942,9.829868414739705,0.0,9.829868414739705
strengthened,cola,bert-base-uncased,64,64,6,bf16_gpu,PASS,fp32_gpu,cuda,bf16,none,8,8,8,1,5,3,0.5625,0.5611876339149067,417.7237939834595,1.8202372617189155,549.3789304453992,626.1611328125,128,128,256,"{""0"":64,""1"":64}","{""0"":64,""1"":64}","{""0"":128,""1"":128}",ce6fdc25b3ef6fcb1359b134951742196556eae5cc7843dee3673c8d16632dc6,eb609109b878d3114916333a8accb1b46545d62ac1b76a255318f92ec5d66c66,6a85cebcb7dfedd58bde8df74d42f872b37e310b261c49c3bbd9a8195f267a26,0.7658149580001918,,0.00390625,0.003735096701939833,0.0,0.8900437581923765,8.094526909618942,0.0,8.094526909618942
strengthened,cola,bert-base-uncased,64,64,7,fp32_cpu,PASS,fp32_cpu,cpu,fp32,none,8,8,8,1,5,3,0.55859375,0.5536284660607651,417.7237939834595,14.734401310155931,67.86838358411843,0.0,128,128,256,"{""0"":64,""1"":64}","{""0"":64,""1"":64}","{""0"":128,""1"":128}",840d45566f9c6c882b8d0a22abc0bb7fb13da494235f2197cf8ca3e5af2578ab,5c876fb286975ec814d4a16a2b2e1bef59328bcdedcb4b0b3ae9cc00e00e03d9,f3f8e7129d68bd2c442a731ee1230ebddb8865f220ea7875490b4cce97c8fac4,0.9055362250001053,,0.0,0.0,0.0,0.0,0.0,0.0,0.0
strengthened,cola,bert-base-uncased,64,64,7,dynamic_int8_cpu,PASS,fp32_cpu,cpu,int8_dynamic,dynamic_int8_linear,8,8,8,1,5,3,0.546875,0.537733499377335,173.08754062652588,9.380001465625298,106.6097914445621,0.0,128,128,256,"{""0"":64,""1"":64}","{""0"":64,""1"":64}","{""0"":128,""1"":128}",840d45566f9c6c882b8d0a22abc0bb7fb13da494235f2197cf8ca3e5af2578ab,5c876fb286975ec814d4a16a2b2e1bef59328bcdedcb4b0b3ae9cc00e00e03d9,f3f8e7129d68bd2c442a731ee1230ebddb8865f220ea7875490b4cce97c8fac4,0.9055362250001053,,-0.01171875,-0.015894966683430156,0.585641174576281,0.3633944625113491,0.5708314507362066,0.0,0.585641174576281
strengthened,cola,bert-base-uncased,64,64,7,fp32_gpu,PASS,fp32_gpu,cuda,fp32,none,8,8,8,1,5,3,0.55859375,0.5536284660607651,417.7237939834595,1.075661388281901,929.6605891908501,444.11767578125,128,128,256,"{""0"":64,""1"":64}","{""0"":64,""1"":64}","{""0"":128,""1"":128}",840d45566f9c6c882b8d0a22abc0bb7fb13da494235f2197cf8ca3e5af2578ab,5c876fb286975ec814d4a16a2b2e1bef59328bcdedcb4b0b3ae9cc00e00e03d9,f3f8e7129d68bd2c442a731ee1230ebddb8865f220ea7875490b4cce97c8fac4,0.9055362250001053,,0.0,0.0,0.0,0.9269966002934585,12.697992203373998,0.0,12.697992203373998
strengthened,cola,bert-base-uncased,64,64,7,bf16_gpu,PASS,fp32_gpu,cuda,bf16,none,8,8,8,1,5,3,0.5546875,0.5500462534690101,417.7237939834595,1.424945971093905,701.7809940066137,624.76611328125,128,128,256,"{""0"":64,""1"":64}","{""0"":64,""1"":64}","{""0"":128,""1"":128}",840d45566f9c6c882b8d0a22abc0bb7fb13da494235f2197cf8ca3e5af2578ab,5c876fb286975ec814d4a16a2b2e1bef59328bcdedcb4b0b3ae9cc00e00e03d9,f3f8e7129d68bd2c442a731ee1230ebddb8865f220ea7875490b4cce97c8fac4,0.9055362250001053,,-0.00390625,-0.003582212591754952,0.0,0.9032912202471547,9.340322797533581,0.0,9.340322797533581
strengthened,cola,bert-base-uncased,64,64,8,fp32_cpu,PASS,fp32_cpu,cpu,fp32,none,8,8,8,1,5,3,0.60546875,0.6044487279514128,417.7237939834595,15.915049992968733,62.83360721089785,0.0,128,128,256,"{""0"":64,""1"":64}","{""0"":64,""1"":64}","{""0"":128,""1"":128}",9d806faf27a6b9a9bbf8683ef13439e27cb145dcc96f4c639b7afb44317daa26,120b09efb2ba2eff0097d68cb02459a70aa576843adae5c10dfdd7c84d1b8304,84bfc3a4fd13cee304bedb9610831e290de21b5f49f7169ad49409f5c47d7e96,0.8357004720000987,,0.0,0.0,0.0,0.0,0.0,0.0,0.0
strengthened,cola,bert-base-uncased,64,64,8,dynamic_int8_cpu,PASS,fp32_cpu,cpu,int8_dynamic,dynamic_int8_linear,8,8,8,1,5,3,0.59375,0.5567099567099567,173.08754062652588,10.132361222656527,98.69367840577416,0.0,128,128,256,"{""0"":64,""1"":64}","{""0"":64,""1"":64}","{""0"":128,""1"":128}",9d806faf27a6b9a9bbf8683ef13439e27cb145dcc96f4c639b7afb44317daa26,120b09efb2ba2eff0097d68cb02459a70aa576843adae5c10dfdd7c84d1b8304,84bfc3a4fd13cee304bedb9610831e290de21b5f49f7169ad49409f5c47d7e96,0.8357004720000987,,-0.01171875,-0.04773877124145609,0.585641174576281,0.36334719481666705,0.5707148258178745,0.0,0.585641174576281
strengthened,cola,bert-base-uncased,64,64,8,fp32_gpu,PASS,fp32_gpu,cuda,fp32,none,8,8,8,1,5,3,0.60546875,0.6044487279514128,417.7237939834595,1.5053455148432704,664.2993187541501,444.6357421875,128,128,256,"{""0"":64,""1"":64}","{""0"":64,""1"":64}","{""0"":128,""1"":128}",9d806faf27a6b9a9bbf8683ef13439e27cb145dcc96f4c639b7afb44317daa26,120b09efb2ba2eff0097d68cb02459a70aa576843adae5c10dfdd7c84d1b8304,84bfc3a4fd13cee304bedb9610831e290de21b5f49f7169ad49409f5c47d7e96,0.8357004720000987,,0.0,0.0,0.0,0.9054137112036511,9.572356868267372,0.0,9.572356868267372
strengthened,cola,bert-base-uncased,64,64,8,bf16_gpu,PASS,fp32_gpu,cuda,bf16,none,8,8,8,1,5,3,0.60546875,0.6044487279514128,417.7237939834595,1.7816282375001435,561.2843234922736,625.30859375,128,128,256,"{""0"":64,""1"":64}","{""0"":64,""1"":64}","{""0"":128,""1"":128}",9d806faf27a6b9a9bbf8683ef13439e27cb145dcc96f4c639b7afb44317daa26,120b09efb2ba2eff0097d68cb02459a70aa576843adae5c10dfdd7c84d1b8304,84bfc3a4fd13cee304bedb9610831e290de21b5f49f7169ad49409f5c47d7e96,0.8357004720000987,,0.0,0.0,0.0,0.8880538711290717,7.932868068649169,0.0,7.932868068649169
strengthened,cola,bert-base-uncased,128,128,6,fp32_cpu,PASS,fp32_cpu,cpu,fp32,none,8,8,8,1,5,3,0.640625,0.6150375939849624,417.7237939834595,16.722705595312704,59.79893590187316,0.0,256,256,256,"{""0"":128,""1"":128}","{""0"":128,""1"":128}","{""0"":128,""1"":128}",600531de6afc46dad80406a5ee3563ea57457663e6d5b806f89a8ed0378ff571,b4ca65a6d78519acb3e819d3c722a63ccb9d494e88eca6182ff6701a37459419,6a85cebcb7dfedd58bde8df74d42f872b37e310b261c49c3bbd9a8195f267a26,1.842251519000456,,0.0,0.0,0.0,0.0,0.0,0.0,0.0
strengthened,cola,bert-base-uncased,128,128,6,dynamic_int8_cpu,PASS,fp32_cpu,cpu,int8_dynamic,dynamic_int8_linear,8,8,8,1,5,3,0.5625,0.4719705340699816,173.08754062652588,11.210981270312459,89.19825801940075,0.0,256,256,256,"{""0"":128,""1"":128}","{""0"":128,""1"":128}","{""0"":128,""1"":128}",600531de6afc46dad80406a5ee3563ea57457663e6d5b806f89a8ed0378ff571,b4ca65a6d78519acb3e819d3c722a63ccb9d494e88eca6182ff6701a37459419,6a85cebcb7dfedd58bde8df74d42f872b37e310b261c49c3bbd9a8195f267a26,1.842251519000456,,-0.078125,-0.1430670599149808,0.585641174576281,0.3295952496194847,0.4916362084731793,0.0,0.585641174576281
strengthened,cola,bert-base-uncased,128,128,6,fp32_gpu,PASS,fp32_gpu,cuda,fp32,none,8,8,8,1,5,3,0.640625,0.6150375939849624,417.7237939834595,1.4752536179685194,677.8495492707473,445.15234375,256,256,256,"{""0"":128,""1"":128}","{""0"":128,""1"":128}","{""0"":128,""1"":128}",600531de6afc46dad80406a5ee3563ea57457663e6d5b806f89a8ed0378ff571,b4ca65a6d78519acb3e819d3c722a63ccb9d494e88eca6182ff6701a37459419,6a85cebcb7dfedd58bde8df74d42f872b37e310b261c49c3bbd9a8195f267a26,1.842251519000456,,0.0,0.0,0.0,0.9117814034600941,10.33547845037012,0.0,10.33547845037012
strengthened,cola,bert-base-uncased,128,128,6,bf16_gpu,PASS,fp32_gpu,cuda,bf16,none,8,8,8,1,5,3,0.640625,0.6150375939849624,417.7237939834595,1.8452906929688595,541.9200366697322,626.1611328125,256,256,256,"{""0"":128,""1"":128}","{""0"":128,""1"":128}","{""0"":128,""1"":128}",600531de6afc46dad80406a5ee3563ea57457663e6d5b806f89a8ed0378ff571,b4ca65a6d78519acb3e819d3c722a63ccb9d494e88eca6182ff6701a37459419,6a85cebcb7dfedd58bde8df74d42f872b37e310b261c49c3bbd9a8195f267a26,1.842251519000456,,0.0,0.0,0.0,0.8896535801308321,8.062369229428997,0.0,8.062369229428997
strengthened,cola,bert-base-uncased,128,128,7,fp32_cpu,PASS,fp32_cpu,cpu,fp32,none,8,8,8,1,5,3,0.62109375,0.5966670456575762,417.7237939834595,15.182246195312388,65.86640653401841,0.0,256,256,256,"{""0"":128,""1"":128}","{""0"":128,""1"":128}","{""0"":128,""1"":128}",4c0d32a99c065b5604f52528469e9c4cfdf2b7a4beba6fe8f393582195570ef6,b1b1802ecf6924e051eb78dc2608297bf082ba09de5cdd55adf8f7a53d1ed78a,f3f8e7129d68bd2c442a731ee1230ebddb8865f220ea7875490b4cce97c8fac4,1.647477032000097,,0.0,0.0,0.0,0.0,0.0,0.0,0.0
strengthened,cola,bert-base-uncased,128,128,7,dynamic_int8_cpu,PASS,fp32_cpu,cpu,int8_dynamic,dynamic_int8_linear,8,8,8,1,5,3,0.60546875,0.6010307528507723,173.08754062652588,10.019954357812821,99.80085380531436,0.0,256,256,256,"{""0"":128,""1"":128}","{""0"":128,""1"":128}","{""0"":128,""1"":128}",4c0d32a99c065b5604f52528469e9c4cfdf2b7a4beba6fe8f393582195570ef6,b1b1802ecf6924e051eb78dc2608297bf082ba09de5cdd55adf8f7a53d1ed78a,f3f8e7129d68bd2c442a731ee1230ebddb8865f220ea7875490b4cce97c8fac4,1.647477032000097,,-0.015625,0.00436370719319612,0.585641174576281,0.34002161281599136,0.5152011329746617,0.0,0.585641174576281
strengthened,cola,bert-base-uncased,128,128,7,fp32_gpu,PASS,fp32_gpu,cuda,fp32,none,8,8,8,1,5,3,0.62109375,0.5966670456575762,417.7237939834595,1.4035825070315866,712.4625698811845,444.11767578125,256,256,256,"{""0"":128,""1"":128}","{""0"":128,""1"":128}","{""0"":128,""1"":128}",4c0d32a99c065b5604f52528469e9c4cfdf2b7a4beba6fe8f393582195570ef6,b1b1802ecf6924e051eb78dc2608297bf082ba09de5cdd55adf8f7a53d1ed78a,f3f8e7129d68bd2c442a731ee1230ebddb8865f220ea7875490b4cce97c8fac4,1.647477032000097,,0.0,0.0,0.0,0.9075510639878208,9.8167821408811,0.0,9.8167821408811
strengthened,cola,bert-base-uncased,128,128,7,bf16_gpu,PASS,fp32_gpu,cuda,bf16,none,8,8,8,1,5,3,0.62109375,0.5966670456575762,417.7237939834595,1.5257515078126005,655.4147217810414,624.76611328125,256,256,256,"{""0"":128,""1"":128}","{""0"":128,""1"":128}","{""0"":128,""1"":128}",4c0d32a99c065b5604f52528469e9c4cfdf2b7a4beba6fe8f393582195570ef6,b1b1802ecf6924e051eb78dc2608297bf082ba09de5cdd55adf8f7a53d1ed78a,f3f8e7129d68bd2c442a731ee1230ebddb8865f220ea7875490b4cce97c8fac4,1.647477032000097,,0.0,0.0,0.0,0.8995042309165237,8.950667666111944,0.0,8.950667666111944
strengthened,cola,bert-base-uncased,128,128,8,fp32_cpu,PASS,fp32_cpu,cpu,fp32,none,8,8,8,1,5,3,0.67578125,0.6739854238588416,417.7237939834595,14.821814821875279,67.4681212805409,0.0,256,256,256,"{""0"":128,""1"":128}","{""0"":128,""1"":128}","{""0"":128,""1"":128}",bf29fc945f81ebc94edbd5526a0b7c2f2b8b760c175fe60cd83b9d6ef6cd007a,e2f26c3a8805d0666d7c1f2195774041f364f8f93689efcc09c159eae0041c9b,84bfc3a4fd13cee304bedb9610831e290de21b5f49f7169ad49409f5c47d7e96,1.506620428000133,,0.0,0.0,0.0,0.0,0.0,0.0,0.0
strengthened,cola,bert-base-uncased,128,128,8,dynamic_int8_cpu,PASS,fp32_cpu,cpu,int8_dynamic,dynamic_int8_linear,8,8,8,1,5,3,0.66796875,0.6530999410142363,173.08754062652588,10.727099324999756,93.22184587864089,0.0,256,256,256,"{""0"":128,""1"":128}","{""0"":128,""1"":128}","{""0"":128,""1"":128}",bf29fc945f81ebc94edbd5526a0b7c2f2b8b760c175fe60cd83b9d6ef6cd007a,e2f26c3a8805d0666d7c1f2195774041f364f8f93689efcc09c159eae0041c9b,84bfc3a4fd13cee304bedb9610831e290de21b5f49f7169ad49409f5c47d7e96,1.506620428000133,,-0.0078125,-0.02088548284460534,0.585641174576281,0.2762627617525081,0.3817169369666124,0.0,0.585641174576281
strengthened,cola,bert-base-uncased,128,128,8,fp32_gpu,PASS,fp32_gpu,cuda,fp32,none,8,8,8,1,5,3,0.67578125,0.6739854238588416,417.7237939834595,1.4613246062502583,684.3106560464948,444.6357421875,256,256,256,"{""0"":128,""1"":128}","{""0"":128,""1"":128}","{""0"":128,""1"":128}",bf29fc945f81ebc94edbd5526a0b7c2f2b8b760c175fe60cd83b9d6ef6cd007a,e2f26c3a8805d0666d7c1f2195774041f364f8f93689efcc09c159eae0041c9b,84bfc3a4fd13cee304bedb9610831e290de21b5f49f7169ad49409f5c47d7e96,1.506620428000133,,0.0,0.0,0.0,0.901407174235269,9.142725824557132,0.0,9.142725824557132
strengthened,cola,bert-base-uncased,128,128,8,bf16_gpu,PASS,fp32_gpu,cuda,bf16,none,8,8,8,1,5,3,0.671875,0.6698599852616065,417.7237939834595,1.331134245312171,751.2390305648586,625.30859375,256,256,256,"{""0"":128,""1"":128}","{""0"":128,""1"":128}","{""0"":128,""1"":128}",bf29fc945f81ebc94edbd5526a0b7c2f2b8b760c175fe60cd83b9d6ef6cd007a,e2f26c3a8805d0666d7c1f2195774041f364f8f93689efcc09c159eae0041c9b,84bfc3a4fd13cee304bedb9610831e290de21b5f49f7169ad49409f5c47d7e96,1.506620428000133,,-0.00390625,-0.0041254385972351315,0.0,0.9101908732965972,10.134725797997437,0.0,10.134725797997437
strengthened,cola,bert-base-uncased,256,256,6,fp32_cpu,PASS,fp32_cpu,cpu,fp32,none,8,8,8,1,5,3,0.67578125,0.6703027293745248,417.7237939834595,15.919437394531146,62.816290250529406,0.0,512,512,256,"{""0"":256,""1"":256}","{""0"":256,""1"":256}","{""0"":128,""1"":128}",66a83ae744fe8d98b321e4ef3d498de58303eac3fbe9dc10c30e04d5fbaba311,3826eb2adcd7f86a5883bbb6d42ae0e12dc150d50d685b07f7c17c777e6aac15,6a85cebcb7dfedd58bde8df74d42f872b37e310b261c49c3bbd9a8195f267a26,2.9445477130002473,,0.0,0.0,0.0,0.0,0.0,0.0,0.0
strengthened,cola,bert-base-uncased,256,256,6,dynamic_int8_cpu,PASS,fp32_cpu,cpu,int8_dynamic,dynamic_int8_linear,8,8,8,1,5,3,0.640625,0.6115838775644831,173.08754062652588,11.119701608593857,89.9304707265841,0.0,512,512,256,"{""0"":256,""1"":256}","{""0"":256,""1"":256}","{""0"":128,""1"":128}",66a83ae744fe8d98b321e4ef3d498de58303eac3fbe9dc10c30e04d5fbaba311,3826eb2adcd7f86a5883bbb6d42ae0e12dc150d50d685b07f7c17c777e6aac15,6a85cebcb7dfedd58bde8df74d42f872b37e310b261c49c3bbd9a8195f267a26,2.9445477130002473,,-0.03515625,-0.05871885181004177,0.585641174576281,0.3015015962552896,0.4316424985925715,0.0,0.585641174576281
strengthened,cola,bert-base-uncased,256,256,6,fp32_gpu,PASS,fp32_gpu,cuda,fp32,none,8,8,8,1,5,3,0.67578125,0.6703027293745248,417.7237939834595,1.0669366828125249,937.2627411815341,445.15234375,512,512,256,"{""0"":256,""1"":256}","{""0"":256,""1"":256}","{""0"":128,""1"":128}",66a83ae744fe8d98b321e4ef3d498de58303eac3fbe9dc10c30e04d5fbaba311,3826eb2adcd7f86a5883bbb6d42ae0e12dc150d50d685b07f7c17c777e6aac15,6a85cebcb7dfedd58bde8df74d42f872b37e310b261c49c3bbd9a8195f267a26,2.9445477130002473,,0.0,0.0,0.0,0.9329789956535114,13.92069553046608,0.0,13.92069553046608
strengthened,cola,bert-base-uncased,256,256,6,bf16_gpu,PASS,fp32_gpu,cuda,bf16,none,8,8,8,1,5,3,0.67578125,0.6703027293745248,417.7237939834595,1.319973576562461,757.5909228457803,626.1611328125,512,512,256,"{""0"":256,""1"":256}","{""0"":256,""1"":256}","{""0"":128,""1"":128}",66a83ae744fe8d98b321e4ef3d498de58303eac3fbe9dc10c30e04d5fbaba311,3826eb2adcd7f86a5883bbb6d42ae0e12dc150d50d685b07f7c17c777e6aac15,6a85cebcb7dfedd58bde8df74d42f872b37e310b261c49c3bbd9a8195f267a26,2.9445477130002473,,0.0,0.0,0.0,0.917084156691623,11.060421266908474,0.0,11.060421266908474
strengthened,cola,bert-base-uncased,256,256,7,fp32_cpu,PASS,fp32_cpu,cpu,fp32,none,8,8,8,1,5,3,0.7265625,0.7259603621238072,417.7237939834595,14.99999243593777,66.66670028473797,0.0,512,512,256,"{""0"":256,""1"":256}","{""0"":256,""1"":256}","{""0"":128,""1"":128}",780aa46f60d60660daccee1a2a3c4a4094367fbe79a35535087a7218f10fa809,8d0804cf4a3d7f54c79804f969ba3b6cf91a5f2f71e87460145de49f8c109c98,f3f8e7129d68bd2c442a731ee1230ebddb8865f220ea7875490b4cce97c8fac4,2.877779864999866,,0.0,0.0,0.0,0.0,0.0,0.0,0.0
strengthened,cola,bert-base-uncased,256,256,7,dynamic_int8_cpu,PASS,fp32_cpu,cpu,int8_dynamic,dynamic_int8_linear,8,8,8,1,5,3,0.68359375,0.6825037130039351,173.08754062652588,10.194475309374695,98.09234606516867,0.0,512,512,256,"{""0"":256,""1"":256}","{""0"":256,""1"":256}","{""0"":128,""1"":128}",780aa46f60d60660daccee1a2a3c4a4094367fbe79a35535087a7218f10fa809,8d0804cf4a3d7f54c79804f969ba3b6cf91a5f2f71e87460145de49f8c109c98,f3f8e7129d68bd2c442a731ee1230ebddb8865f220ea7875490b4cce97c8fac4,2.877779864999866,,-0.04296875,-0.043456649119872126,0.585641174576281,0.32036796998975575,0.4713844490009202,0.0,0.585641174576281
strengthened,cola,bert-base-uncased,256,256,7,fp32_gpu,PASS,fp32_gpu,cuda,fp32,none,8,8,8,1,5,3,0.7265625,0.7259603621238072,417.7237939834595,0.9613745937500084,1040.1772696107212,444.11767578125,512,512,256,"{""0"":256,""1"":256}","{""0"":256,""1"":256}","{""0"":128,""1"":128}",780aa46f60d60660daccee1a2a3c4a4094367fbe79a35535087a7218f10fa809,8d0804cf4a3d7f54c79804f969ba3b6cf91a5f2f71e87460145de49f8c109c98,f3f8e7129d68bd2c442a731ee1230ebddb8865f220ea7875490b4cce97c8fac4,2.877779864999866,,0.0,0.0,0.0,0.9359083280971064,14.60265117619522,0.0,14.60265117619522
strengthened,cola,bert-base-uncased,256,256,7,bf16_gpu,PASS,fp32_gpu,cuda,bf16,none,8,8,8,1,5,3,0.7265625,0.7259603621238072,417.7237939834595,1.286543720312494,777.2763445280397,624.76611328125,512,512,256,"{""0"":256,""1"":256}","{""0"":256,""1"":256}","{""0"":128,""1"":128}",780aa46f60d60660daccee1a2a3c4a4094367fbe79a35535087a7218f10fa809,8d0804cf4a3d7f54c79804f969ba3b6cf91a5f2f71e87460145de49f8c109c98,f3f8e7129d68bd2c442a731ee1230ebddb8865f220ea7875490b4cce97c8fac4,2.877779864999866,,0.0,0.0,0.0,0.9142303753947152,10.659139288553956,0.0,10.659139288553956
strengthened,cola,bert-base-uncased,256,256,8,fp32_cpu,PASS,fp32_cpu,cpu,fp32,none,8,8,8,1,5,3,0.7109375,0.6929261492576023,417.7237939834595,14.438545960156546,69.25905162192369,0.0,512,512,256,"{""0"":256,""1"":256}","{""0"":256,""1"":256}","{""0"":128,""1"":128}",32bae33bc070dcd351f240e761c57a87cb2ba8b225ca7937c12ce583aae4cbef,f39e050df400c8c38ee0229ebfde19e84e8706b8d9d6083ff145126a6aa6b215,84bfc3a4fd13cee304bedb9610831e290de21b5f49f7169ad49409f5c47d7e96,2.7754896480000752,,0.0,0.0,0.0,0.0,0.0,0.0,0.0
strengthened,cola,bert-base-uncased,256,256,8,dynamic_int8_cpu,PASS,fp32_cpu,cpu,int8_dynamic,dynamic_int8_linear,8,8,8,1,5,3,0.703125,0.6858692844226298,173.08754062652588,9.46516426250028,105.65057005527804,0.0,512,512,256,"{""0"":256,""1"":256}","{""0"":256,""1"":256}","{""0"":128,""1"":128}",32bae33bc070dcd351f240e761c57a87cb2ba8b225ca7937c12ce583aae4cbef,f39e050df400c8c38ee0229ebfde19e84e8706b8d9d6083ff145126a6aa6b215,84bfc3a4fd13cee304bedb9610831e290de21b5f49f7169ad49409f5c47d7e96,2.7754896480000752,,-0.0078125,-0.007056864834972476,0.585641174576281,0.34445169973350576,0.525440611459871,0.0,0.585641174576281
strengthened,cola,bert-base-uncased,256,256,8,fp32_gpu,PASS,fp32_gpu,cuda,fp32,none,8,8,8,1,5,3,0.7109375,0.6929261492576023,417.7237939834595,1.0433966531245176,958.4082879750825,444.6357421875,512,512,256,"{""0"":256,""1"":256}","{""0"":256,""1"":256}","{""0"":128,""1"":128}",32bae33bc070dcd351f240e761c57a87cb2ba8b225ca7937c12ce583aae4cbef,f39e050df400c8c38ee0229ebfde19e84e8706b8d9d6083ff145126a6aa6b215,84bfc3a4fd13cee304bedb9610831e290de21b5f49f7169ad49409f5c47d7e96,2.7754896480000752,,0.0,0.0,0.0,0.9277353373391066,12.838022114523179,0.0,12.838022114523179
strengthened,cola,bert-base-uncased,256,256,8,bf16_gpu,PASS,fp32_gpu,cuda,bf16,none,8,8,8,1,5,3,0.7109375,0.6929261492576023,417.7237939834595,1.3337017937494977,749.7927982751329,625.30859375,512,512,256,"{""0"":256,""1"":256}","{""0"":256,""1"":256}","{""0"":128,""1"":128}",32bae33bc070dcd351f240e761c57a87cb2ba8b225ca7937c12ce583aae4cbef,f39e050df400c8c38ee0229ebfde19e84e8706b8d9d6083ff145126a6aa6b215,84bfc3a4fd13cee304bedb9610831e290de21b5f49f7169ad49409f5c47d7e96,2.7754896480000752,,0.0,0.0,0.0,0.9076290786184513,9.825917778489892,0.0,9.825917778489892
strengthened,qqp,bert-base-uncased,64,64,6,fp32_cpu,PASS,fp32_cpu,cpu,fp32,none,8,8,8,1,5,3,0.7421875,0.7421875,417.7237939834595,37.22737762734383,26.861951169654546,0.0,128,128,256,"{""0"":64,""1"":64}","{""0"":64,""1"":64}","{""0"":128,""1"":128}",67bd199a476d9f9fa786e2cf856d5b3b7dacfc04aad28e4b327229186a093a64,85a6da53365396a4a5c59f732d4f2428d19bab7940fc4e56c8b45a2041aafadb,76cca96d4158c74e8f5ec779f9c28493f9403ed9f511fbdd84ac5dcc1c787c6d,0.8228165290001925,,0.0,0.0,0.0,0.0,0.0,0.0,0.0
strengthened,qqp,bert-base-uncased,64,64,6,dynamic_int8_cpu,PASS,fp32_cpu,cpu,int8_dynamic,dynamic_int8_linear,8,8,8,1,5,3,0.69921875,0.699177438307873,173.08754062652588,24.58422325546863,40.67649360357787,0.0,128,128,256,"{""0"":64,""1"":64}","{""0"":64,""1"":64}","{""0"":128,""1"":128}",67bd199a476d9f9fa786e2cf856d5b3b7dacfc04aad28e4b327229186a093a64,85a6da53365396a4a5c59f732d4f2428d19bab7940fc4e56c8b45a2041aafadb,76cca96d4158c74e8f5ec779f9c28493f9403ed9f511fbdd84ac5dcc1c787c6d,0.8228165290001925,,-0.04296875,-0.043010061692126955,0.585641174576281,0.33961979536771597,0.514279187936629,0.0,0.585641174576281
strengthened,qqp,bert-base-uncased,64,64,6,fp32_gpu,PASS,fp32_gpu,cuda,fp32,none,8,8,8,1,5,3,0.7421875,0.7421875,417.7237939834595,1.0974843703124293,911.1747074040994,460.5068359375,128,128,256,"{""0"":64,""1"":64}","{""0"":64,""1"":64}","{""0"":128,""1"":128}",67bd199a476d9f9fa786e2cf856d5b3b7dacfc04aad28e4b327229186a093a64,85a6da53365396a4a5c59f732d4f2428d19bab7940fc4e56c8b45a2041aafadb,76cca96d4158c74e8f5ec779f9c28493f9403ed9f511fbdd84ac5dcc1c787c6d,0.8228165290001925,,0.0,0.0,0.0,0.9705194284352084,32.92064491701693,0.0,32.92064491701693
strengthened,qqp,bert-base-uncased,64,64,6,bf16_gpu,PASS,fp32_gpu,cuda,bf16,none,8,8,8,1,5,3,0.74609375,0.7460898756389716,417.7237939834595,1.3562701624998397,737.3162277321118,635.3896484375,128,128,256,"{""0"":64,""1"":64}","{""0"":64,""1"":64}","{""0"":128,""1"":128}",67bd199a476d9f9fa786e2cf856d5b3b7dacfc04aad28e4b327229186a093a64,85a6da53365396a4a5c59f732d4f2428d19bab7940fc4e56c8b45a2041aafadb,76cca96d4158c74e8f5ec779f9c28493f9403ed9f511fbdd84ac5dcc1c787c6d,0.8228165290001925,,0.00390625,0.003902375638971556,0.0,0.9635679371220699,26.448349640551967,0.0,26.448349640551967
strengthened,qqp,bert-base-uncased,64,64,7,fp32_cpu,PASS,fp32_cpu,cpu,fp32,none,8,8,8,1,5,3,0.65625,0.6101882613510521,417.7237939834595,29.800673985937465,33.55628803804526,0.0,128,128,256,"{""0"":64,""1"":64}","{""0"":64,""1"":64}","{""0"":128,""1"":128}",be37272fd0d379591d7084244c2ede3e834b369686ba076c5da8f8ecc7a27613,e3c8be670c7f831c9b58a2763eeba0734035993982ffdc8d096f31eb4e7506e6,95481784522cc448678f93ac660c1b3683f62bb79c0ac3936905e1969e1cd4eb,0.8620166589998917,,0.0,0.0,0.0,0.0,0.0,0.0,0.0
strengthened,qqp,bert-base-uncased,64,64,7,dynamic_int8_cpu,PASS,fp32_cpu,cpu,int8_dynamic,dynamic_int8_linear,8,8,8,1,5,3,0.625,0.6135849056603774,173.08754062652588,20.072693610156733,49.818924127552194,0.0,128,128,256,"{""0"":64,""1"":64}","{""0"":64,""1"":64}","{""0"":128,""1"":128}",be37272fd0d379591d7084244c2ede3e834b369686ba076c5da8f8ecc7a27613,e3c8be670c7f831c9b58a2763eeba0734035993982ffdc8d096f31eb4e7506e6,95481784522cc448678f93ac660c1b3683f62bb79c0ac3936905e1969e1cd4eb,0.8620166589998917,,-0.03125,0.003396644309325292,0.585641174576281,0.32643491151815,0.48463751625533713,0.0,0.585641174576281
strengthened,qqp,bert-base-uncased,64,64,7,fp32_gpu,PASS,fp32_gpu,cuda,fp32,none,8,8,8,1,5,3,0.65625,0.6101882613510521,417.7237939834595,1.1091558781252786,901.5865305517053,456.23193359375,128,128,256,"{""0"":64,""1"":64}","{""0"":64,""1"":64}","{""0"":128,""1"":128}",be37272fd0d379591d7084244c2ede3e834b369686ba076c5da8f8ecc7a27613,e3c8be670c7f831c9b58a2763eeba0734035993982ffdc8d096f31eb4e7506e6,95481784522cc448678f93ac660c1b3683f62bb79c0ac3936905e1969e1cd4eb,0.8620166589998917,,0.0,0.0,0.0,0.9627808458745372,25.86788626708382,0.0,25.86788626708382
strengthened,qqp,bert-base-uncased,64,64,7,bf16_gpu,PASS,fp32_gpu,cuda,bf16,none,8,8,8,1,5,3,0.65625,0.6101882613510521,417.7237939834595,1.3531311695309967,739.0266535258411,634.46142578125,128,128,256,"{""0"":64,""1"":64}","{""0"":64,""1"":64}","{""0"":128,""1"":128}",be37272fd0d379591d7084244c2ede3e834b369686ba076c5da8f8ecc7a27613,e3c8be670c7f831c9b58a2763eeba0734035993982ffdc8d096f31eb4e7506e6,95481784522cc448678f93ac660c1b3683f62bb79c0ac3936905e1969e1cd4eb,0.8620166589998917,,0.0,0.0,0.0,0.9545939407219608,21.023492368641953,0.0,21.023492368641953
strengthened,qqp,bert-base-uncased,64,64,8,fp32_cpu,PASS,fp32_cpu,cpu,fp32,none,8,8,8,1,5,3,0.640625,0.6182325098878299,417.7237939834595,33.39076917343746,29.94839666034125,0.0,128,128,256,"{""0"":64,""1"":64}","{""0"":64,""1"":64}","{""0"":128,""1"":128}",2195bfba7fbc6cc01f5a40454cfdf1996428c47ee849b7a3afeaa10e6d835de3,61c440926972613fa8517a93cb58458796708b1a2ab604ef1ffe11dc76898cff,80f9e0cfff7ab65adc8e42cc60d420a8059593e05ce48cd16fbdca5f1e1e7d3f,0.7719716169995081,,0.0,0.0,0.0,0.0,0.0,0.0,0.0
strengthened,qqp,bert-base-uncased,64,64,8,dynamic_int8_cpu,PASS,fp32_cpu,cpu,int8_dynamic,dynamic_int8_linear,8,8,8,1,5,3,0.515625,0.3671451355661882,173.08754062652588,21.66982920000038,46.14711037962323,0.0,128,128,256,"{""0"":64,""1"":64}","{""0"":64,""1"":64}","{""0"":128,""1"":128}",2195bfba7fbc6cc01f5a40454cfdf1996428c47ee849b7a3afeaa10e6d835de3,61c440926972613fa8517a93cb58458796708b1a2ab604ef1ffe11dc76898cff,80f9e0cfff7ab65adc8e42cc60d420a8059593e05ce48cd16fbdca5f1e1e7d3f,0.7719716169995081,,-0.125,-0.25108737432164163,0.585641174576281,0.3510233595565434,0.5408875107071393,0.0,0.585641174576281
strengthened,qqp,bert-base-uncased,64,64,8,fp32_gpu,PASS,fp32_gpu,cuda,fp32,none,8,8,8,1,5,3,0.640625,0.6182325098878299,417.7237939834595,1.1168015062494874,895.4142651170507,457.5546875,128,128,256,"{""0"":64,""1"":64}","{""0"":64,""1"":64}","{""0"":128,""1"":128}",2195bfba7fbc6cc01f5a40454cfdf1996428c47ee849b7a3afeaa10e6d835de3,61c440926972613fa8517a93cb58458796708b1a2ab604ef1ffe11dc76898cff,80f9e0cfff7ab65adc8e42cc60d420a8059593e05ce48cd16fbdca5f1e1e7d3f,0.7719716169995081,,0.0,0.0,0.0,0.9665535854999737,28.898571041126576,0.0,28.898571041126576
strengthened,qqp,bert-base-uncased,64,64,8,bf16_gpu,PASS,fp32_gpu,cuda,bf16,none,8,8,8,1,5,3,0.640625,0.6182325098878299,417.7237939834595,1.3361913039062756,748.3958300555913,639.0234375,128,128,256,"{""0"":64,""1"":64}","{""0"":64,""1"":64}","{""0"":128,""1"":128}",2195bfba7fbc6cc01f5a40454cfdf1996428c47ee849b7a3afeaa10e6d835de3,61c440926972613fa8517a93cb58458796708b1a2ab604ef1ffe11dc76898cff,80f9e0cfff7ab65adc8e42cc60d420a8059593e05ce48cd16fbdca5f1e1e7d3f,0.7719716169995081,,0.0,0.0,0.0,0.9599832128165163,23.98951241174938,0.0,23.98951241174938
strengthened,qqp,bert-base-uncased,128,128,6,fp32_cpu,PASS,fp32_cpu,cpu,fp32,none,8,8,8,1,5,3,0.76953125,0.7583785253795332,417.7237939834595,36.89829680781287,27.10152192684025,0.0,256,256,256,"{""0"":128,""1"":128}","{""0"":128,""1"":128}","{""0"":128,""1"":128}",cc760e5097958f2674192e0737e71d94902c6b9d68d50898ccf70e8f14a29364,fe3d66c24aeffcd5a8a10f3886877a1fee421229b3f7d5d78a547be83a06b0d2,76cca96d4158c74e8f5ec779f9c28493f9403ed9f511fbdd84ac5dcc1c787c6d,1.5163738259998354,,0.0,0.0,0.0,0.0,0.0,0.0,0.0
strengthened,qqp,bert-base-uncased,128,128,6,dynamic_int8_cpu,PASS,fp32_cpu,cpu,int8_dynamic,dynamic_int8_linear,8,8,8,1,5,3,0.7265625,0.7264122137404581,173.08754062652588,26.29274751015629,38.03330175417091,0.0,256,256,256,"{""0"":128,""1"":128}","{""0"":128,""1"":128}","{""0"":128,""1"":128}",cc760e5097958f2674192e0737e71d94902c6b9d68d50898ccf70e8f14a29364,fe3d66c24aeffcd5a8a10f3886877a1fee421229b3f7d5d78a547be83a06b0d2,76cca96d4158c74e8f5ec779f9c28493f9403ed9f511fbdd84ac5dcc1c787c6d,1.5163738259998354,,-0.04296875,-0.03196631163907515,0.585641174576281,0.287426526836625,0.40336405670650793,0.0,0.585641174576281
strengthened,qqp,bert-base-uncased,128,128,6,fp32_gpu,PASS,fp32_gpu,cuda,fp32,none,8,8,8,1,5,3,0.76953125,0.7583785253795332,417.7237939834595,1.1427921179688383,875.0497875128572,460.5068359375,256,256,256,"{""0"":128,""1"":128}","{""0"":128,""1"":128}","{""0"":128,""1"":128}",cc760e5097958f2674192e0737e71d94902c6b9d68d50898ccf70e8f14a29364,fe3d66c24aeffcd5a8a10f3886877a1fee421229b3f7d5d78a547be83a06b0d2,76cca96d4158c74e8f5ec779f9c28493f9403ed9f511fbdd84ac5dcc1c787c6d,1.5163738259998354,,0.0,0.0,0.0,0.9690285943570474,31.287846781262985,0.0,31.287846781262985
strengthened,qqp,bert-base-uncased,128,128,6,bf16_gpu,PASS,fp32_gpu,cuda,bf16,none,8,8,8,1,5,3,0.76953125,0.7583785253795332,417.7237939834595,1.3716878968743629,729.0288135359942,635.3896484375,256,256,256,"{""0"":128,""1"":128}","{""0"":128,""1"":128}","{""0"":128,""1"":128}",cc760e5097958f2674192e0737e71d94902c6b9d68d50898ccf70e8f14a29364,fe3d66c24aeffcd5a8a10f3886877a1fee421229b3f7d5d78a547be83a06b0d2,76cca96d4158c74e8f5ec779f9c28493f9403ed9f511fbdd84ac5dcc1c787c6d,1.5163738259998354,,0.0,0.0,0.0,0.9628251703860781,25.899921543298777,0.0,25.899921543298777
strengthened,qqp,bert-base-uncased,128,128,7,fp32_cpu,PASS,fp32_cpu,cpu,fp32,none,8,8,8,1,5,3,0.70703125,0.7000702960243693,417.7237939834595,31.66680229062493,31.578812120731673,0.0,256,256,256,"{""0"":128,""1"":128}","{""0"":128,""1"":128}","{""0"":128,""1"":128}",bb26ada460ba23b47d03ce38ac2d05782f1e12e069dd4e30141e6b426278790d,a56d371f75e2c04b0ac8536995b2b18b973863730218932ebb23da38d6ed43d5,95481784522cc448678f93ac660c1b3683f62bb79c0ac3936905e1969e1cd4eb,2.1208240330006447,,0.0,0.0,0.0,0.0,0.0,0.0,0.0
strengthened,qqp,bert-base-uncased,128,128,7,dynamic_int8_cpu,PASS,fp32_cpu,cpu,int8_dynamic,dynamic_int8_linear,8,8,8,1,5,3,0.6875,0.6831487096973823,173.08754062652588,19.202368816406334,52.076908300272244,0.0,256,256,256,"{""0"":128,""1"":128}","{""0"":128,""1"":128}","{""0"":128,""1"":128}",bb26ada460ba23b47d03ce38ac2d05782f1e12e069dd4e30141e6b426278790d,a56d371f75e2c04b0ac8536995b2b18b973863730218932ebb23da38d6ed43d5,95481784522cc448678f93ac660c1b3683f62bb79c0ac3936905e1969e1cd4eb,2.1208240330006447,,-0.01953125,-0.016921586326987037,0.585641174576281,0.39361200287370773,0.6491091590517255,0.0,0.6491091590517255
strengthened,qqp,bert-base-uncased,128,128,7,fp32_gpu,PASS,fp32_gpu,cuda,fp32,none,8,8,8,1,5,3,0.70703125,0.7000702960243693,417.7237939834595,1.1134205570307643,898.1332288913088,456.23193359375,256,256,256,"{""0"":128,""1"":128}","{""0"":128,""1"":128}","{""0"":128,""1"":128}",bb26ada460ba23b47d03ce38ac2d05782f1e12e069dd4e30141e6b426278790d,a56d371f75e2c04b0ac8536995b2b18b973863730218932ebb23da38d6ed43d5,95481784522cc448678f93ac660c1b3683f62bb79c0ac3936905e1969e1cd4eb,2.1208240330006447,,0.0,0.0,0.0,0.9648395014181651,27.441007389941664,0.0,27.441007389941664
strengthened,qqp,bert-base-uncased,128,128,7,bf16_gpu,PASS,fp32_gpu,cuda,bf16,none,8,8,8,1,5,3,0.7109375,0.7037037037037037,417.7237939834595,1.3103570328127034,763.1507863574275,634.46142578125,256,256,256,"{""0"":128,""1"":128}","{""0"":128,""1"":128}","{""0"":128,""1"":128}",bb26ada460ba23b47d03ce38ac2d05782f1e12e069dd4e30141e6b426278790d,a56d371f75e2c04b0ac8536995b2b18b973863730218932ebb23da38d6ed43d5,95481784522cc448678f93ac660c1b3683f62bb79c0ac3936905e1969e1cd4eb,2.1208240330006447,,0.00390625,0.0036334076793343995,0.0,0.9586204814497282,23.1665450695156,0.0,23.1665450695156
strengthened,qqp,bert-base-uncased,128,128,8,fp32_cpu,PASS,fp32_cpu,cpu,fp32,none,8,8,8,1,5,3,0.69921875,0.6988465357879459,417.7237939834595,33.265509035155816,30.061166325252234,0.0,256,256,256,"{""0"":128,""1"":128}","{""0"":128,""1"":128}","{""0"":128,""1"":128}",bd45c3001a5c402c696fdc661440dbc7faa4c6456a96145249ef3d8362d2ed30,1bd534595469be3f227d67a14739a2f8a2f1d249fbb59019b067793b89a2cfe3,80f9e0cfff7ab65adc8e42cc60d420a8059593e05ce48cd16fbdca5f1e1e7d3f,2.0360131930001444,,0.0,0.0,0.0,0.0,0.0,0.0,0.0
strengthened,qqp,bert-base-uncased,128,128,8,dynamic_int8_cpu,PASS,fp32_cpu,cpu,int8_dynamic,dynamic_int8_linear,8,8,8,1,5,3,0.59765625,0.5528952946163629,173.08754062652588,21.766548650781203,45.94205613594647,0.0,256,256,256,"{""0"":128,""1"":128}","{""0"":128,""1"":128}","{""0"":128,""1"":128}",bd45c3001a5c402c696fdc661440dbc7faa4c6456a96145249ef3d8362d2ed30,1bd534595469be3f227d67a14739a2f8a2f1d249fbb59019b067793b89a2cfe3,80f9e0cfff7ab65adc8e42cc60d420a8059593e05ce48cd16fbdca5f1e1e7d3f,2.0360131930001444,,-0.1015625,-0.14595124117158298,0.585641174576281,0.3456721606821716,0.5282858834839631,0.0,0.585641174576281
strengthened,qqp,bert-base-uncased,128,128,8,fp32_gpu,PASS,fp32_gpu,cuda,fp32,none,8,8,8,1,5,3,0.69921875,0.6988465357879459,417.7237939834595,1.093146072656026,914.7908271492864,457.5546875,256,256,256,"{""0"":128,""1"":128}","{""0"":128,""1"":128}","{""0"":128,""1"":128}",bd45c3001a5c402c696fdc661440dbc7faa4c6456a96145249ef3d8362d2ed30,1bd534595469be3f227d67a14739a2f8a2f1d249fbb59019b067793b89a2cfe3,80f9e0cfff7ab65adc8e42cc60d420a8059593e05ce48cd16fbdca5f1e1e7d3f,2.0360131930001444,,0.0,0.0,0.0,0.9671387540920909,29.43098252581225,0.0,29.43098252581225
strengthened,qqp,bert-base-uncased,128,128,8,bf16_gpu,PASS,fp32_gpu,cuda,bf16,none,8,8,8,1,5,3,0.69921875,0.6988465357879459,417.7237939834595,1.2934823999998457,773.106769755908,639.0234375,256,256,256,"{""0"":128,""1"":128}","{""0"":128,""1"":128}","{""0"":128,""1"":128}",bd45c3001a5c402c696fdc661440dbc7faa4c6456a96145249ef3d8362d2ed30,1bd534595469be3f227d67a14739a2f8a2f1d249fbb59019b067793b89a2cfe3,80f9e0cfff7ab65adc8e42cc60d420a8059593e05ce48cd16fbdca5f1e1e7d3f,2.0360131930001444,,0.0,0.0,0.0,0.9611164104348182,24.717790234455286,0.0,24.717790234455286
strengthened,qqp,bert-base-uncased,256,256,6,fp32_cpu,PASS,fp32_cpu,cpu,fp32,none,8,8,8,1,5,3,0.8046875,0.7997997997997998,417.7237939834595,37.36349263203138,26.764093224590816,0.0,512,512,256,"{""0"":256,""1"":256}","{""0"":256,""1"":256}","{""0"":128,""1"":128}",97ddd4eac5b59c80de168c1d551ff5c0f0d277d9c6ee996344538f622ed6e81b,d719707b1d7c66d20f8b5647dadad5cf0236ef4a6becc41ce9a44e8f53c7fdac,76cca96d4158c74e8f5ec779f9c28493f9403ed9f511fbdd84ac5dcc1c787c6d,3.215938286999517,,0.0,0.0,0.0,0.0,0.0,0.0,0.0
strengthened,qqp,bert-base-uncased,256,256,6,dynamic_int8_cpu,PASS,fp32_cpu,cpu,int8_dynamic,dynamic_int8_linear,8,8,8,1,5,3,0.50390625,0.34195559333697656,173.08754062652588,26.086400279687183,38.3341507175551,0.0,512,512,256,"{""0"":256,""1"":256}","{""0"":256,""1"":256}","{""0"":128,""1"":128}",97ddd4eac5b59c80de168c1d551ff5c0f0d277d9c6ee996344538f622ed6e81b,d719707b1d7c66d20f8b5647dadad5cf0236ef4a6becc41ce9a44e8f53c7fdac,76cca96d4158c74e8f5ec779f9c28493f9403ed9f511fbdd84ac5dcc1c787c6d,3.215938286999517,,-0.30078125,-0.4578442064628232,0.585641174576281,0.30182115102046025,0.4322977578905504,0.0,0.585641174576281
strengthened,qqp,bert-base-uncased,256,256,6,fp32_gpu,PASS,fp32_gpu,cuda,fp32,none,8,8,8,1,5,3,0.8046875,0.7997997997997998,417.7237939834595,1.623344362499779,616.012241826562,460.5068359375,512,512,256,"{""0"":256,""1"":256}","{""0"":256,""1"":256}","{""0"":128,""1"":128}",97ddd4eac5b59c80de168c1d551ff5c0f0d277d9c6ee996344538f622ed6e81b,d719707b1d7c66d20f8b5647dadad5cf0236ef4a6becc41ce9a44e8f53c7fdac,76cca96d4158c74e8f5ec779f9c28493f9403ed9f511fbdd84ac5dcc1c787c6d,3.215938286999517,,0.0,0.0,0.0,0.9565526601464419,22.016368858727883,0.0,22.016368858727883
strengthened,qqp,bert-base-uncased,256,256,6,bf16_gpu,PASS,fp32_gpu,cuda,bf16,none,8,8,8,1,5,3,0.8046875,0.7997997997997998,417.7237939834595,1.7880342515624648,559.2734026913383,635.3896484375,512,512,256,"{""0"":256,""1"":256}","{""0"":256,""1"":256}","{""0"":128,""1"":128}",97ddd4eac5b59c80de168c1d551ff5c0f0d277d9c6ee996344538f622ed6e81b,d719707b1d7c66d20f8b5647dadad5cf0236ef4a6becc41ce9a44e8f53c7fdac,76cca96d4158c74e8f5ec779f9c28493f9403ed9f511fbdd84ac5dcc1c787c6d,3.215938286999517,,0.0,0.0,0.0,0.9521448846024207,19.896407660748938,0.0,19.896407660748938
strengthened,qqp,bert-base-uncased,256,256,7,fp32_cpu,PASS,fp32_cpu,cpu,fp32,none,8,8,8,1,5,3,0.74609375,0.7459037671598943,417.7237939834595,31.57593754218766,31.66968514122281,0.0,512,512,256,"{""0"":256,""1"":256}","{""0"":256,""1"":256}","{""0"":128,""1"":128}",4847e793b3bda93e04e7f85e2b0dad8e2e567764a10fe6aaaa3c094bc8ff5cdc,532f4e7342c4df39d3c4e610d71f90fd6317c1014e4242029be1e7a476de594c,95481784522cc448678f93ac660c1b3683f62bb79c0ac3936905e1969e1cd4eb,4.4365289060006035,,0.0,0.0,0.0,0.0,0.0,0.0,0.0
strengthened,qqp,bert-base-uncased,256,256,7,dynamic_int8_cpu,PASS,fp32_cpu,cpu,int8_dynamic,dynamic_int8_linear,8,8,8,1,5,3,0.6875,0.6729479399552858,173.08754062652588,20.69084755156254,48.33054796368076,0.0,512,512,256,"{""0"":256,""1"":256}","{""0"":256,""1"":256}","{""0"":128,""1"":128}",4847e793b3bda93e04e7f85e2b0dad8e2e567764a10fe6aaaa3c094bc8ff5cdc,532f4e7342c4df39d3c4e610d71f90fd6317c1014e4242029be1e7a476de594c,95481784522cc448678f93ac660c1b3683f62bb79c0ac3936905e1969e1cd4eb,4.4365289060006035,,-0.05859375,-0.07295582720460847,0.585641174576281,0.34472737273697346,0.5260823638808885,0.0,0.585641174576281
strengthened,qqp,bert-base-uncased,256,256,7,fp32_gpu,PASS,fp32_gpu,cuda,fp32,none,8,8,8,1,5,3,0.74609375,0.7459037671598943,417.7237939834595,1.2496501093750112,800.223992698349,456.23193359375,512,512,256,"{""0"":256,""1"":256}","{""0"":256,""1"":256}","{""0"":128,""1"":128}",4847e793b3bda93e04e7f85e2b0dad8e2e567764a10fe6aaaa3c094bc8ff5cdc,532f4e7342c4df39d3c4e610d71f90fd6317c1014e4242029be1e7a476de594c,95481784522cc448678f93ac660c1b3683f62bb79c0ac3936905e1969e1cd4eb,4.4365289060006035,,0.0,0.0,0.0,0.9604239744993988,24.2678228132031,0.0,24.2678228132031
strengthened,qqp,bert-base-uncased,256,256,7,bf16_gpu,PASS,fp32_gpu,cuda,bf16,none,8,8,8,1,5,3,0.75,0.7498625954198473,417.7237939834595,1.5291832781251458,653.943849834697,634.46142578125,512,512,256,"{""0"":256,""1"":256}","{""0"":256,""1"":256}","{""0"":128,""1"":128}",4847e793b3bda93e04e7f85e2b0dad8e2e567764a10fe6aaaa3c094bc8ff5cdc,532f4e7342c4df39d3c4e610d71f90fd6317c1014e4242029be1e7a476de594c,95481784522cc448678f93ac660c1b3683f62bb79c0ac3936905e1969e1cd4eb,4.4365289060006035,,0.00390625,0.003958828259953084,0.0,0.9515712470585537,19.64889015847814,0.0,19.64889015847814
strengthened,qqp,bert-base-uncased,256,256,8,fp32_cpu,PASS,fp32_cpu,cpu,fp32,none,8,8,8,1,5,3,0.73828125,0.7353372320891262,417.7237939834595,35.125393171875174,28.46943221693808,0.0,512,512,256,"{""0"":256,""1"":256}","{""0"":256,""1"":256}","{""0"":128,""1"":128}",dd2371fedb5e77d102deaba4de74387c7b7ddb3225d3dcfbbb972bbe155b901d,2231a509f43241c8e091320c026d9979678defc506e3af65d868df3a718bc773,80f9e0cfff7ab65adc8e42cc60d420a8059593e05ce48cd16fbdca5f1e1e7d3f,4.323585080999692,,0.0,0.0,0.0,0.0,0.0,0.0,0.0
strengthened,qqp,bert-base-uncased,256,256,8,dynamic_int8_cpu,PASS,fp32_cpu,cpu,int8_dynamic,dynamic_int8_linear,8,8,8,1,5,3,0.703125,0.6971357409713574,173.08754062652588,22.51607664062547,44.41271079152896,0.0,512,512,256,"{""0"":256,""1"":256}","{""0"":256,""1"":256}","{""0"":128,""1"":128}",dd2371fedb5e77d102deaba4de74387c7b7ddb3225d3dcfbbb972bbe155b901d,2231a509f43241c8e091320c026d9979678defc506e3af65d868df3a718bc773,80f9e0cfff7ab65adc8e42cc60d420a8059593e05ce48cd16fbdca5f1e1e7d3f,4.323585080999692,,-0.03515625,-0.038201491117768716,0.585641174576281,0.3589800822883302,0.5600139283812382,0.0,0.585641174576281
strengthened,qqp,bert-base-uncased,256,256,8,fp32_gpu,PASS,fp32_gpu,cuda,fp32,none,8,8,8,1,5,3,0.73828125,0.7353372320891262,417.7237939834595,1.2050254999998344,829.8579573628421,457.5546875,512,512,256,"{""0"":256,""1"":256}","{""0"":256,""1"":256}","{""0"":128,""1"":128}",dd2371fedb5e77d102deaba4de74387c7b7ddb3225d3dcfbbb972bbe155b901d,2231a509f43241c8e091320c026d9979678defc506e3af65d868df3a718bc773,80f9e0cfff7ab65adc8e42cc60d420a8059593e05ce48cd16fbdca5f1e1e7d3f,4.323585080999692,,0.0,0.0,0.0,0.9656936082080728,28.14908702917905,0.0,28.14908702917905
strengthened,qqp,bert-base-uncased,256,256,8,bf16_gpu,PASS,fp32_gpu,cuda,bf16,none,8,8,8,1,5,3,0.73828125,0.7353372320891262,417.7237939834595,1.4258633499999007,701.3294787330565,639.0234375,512,512,256,"{""0"":256,""1"":256}","{""0"":256,""1"":256}","{""0"":128,""1"":128}",dd2371fedb5e77d102deaba4de74387c7b7ddb3225d3dcfbbb972bbe155b901d,2231a509f43241c8e091320c026d9979678defc506e3af65d868df3a718bc773,80f9e0cfff7ab65adc8e42cc60d420a8059593e05ce48cd16fbdca5f1e1e7d3f,4.323585080999692,,0.0,0.0,0.0,0.9594064800065616,23.634473683524877,0.0,23.634473683524877
